source,registry_uuid,product_name,registration_number,program_operator,standard,issue_date,valid_until,geography,declared_unit,GWP-total_A1,GWP-total_A2,GWP-total_A3,GWP-total_A1-A3,GWP-total_A4,GWP-total_A5,GWP-total_B1,GWP-total_B2,GWP-total_B3,GWP-total_B4,GWP-total_B5,GWP-total_B6,GWP-total_B7,GWP-total_C1,GWP-total_C2,GWP-total_C3,GWP-total_C4,GWP-total_D,GWP-fossil_A1,GWP-fossil_A2,GWP-fossil_A3,GWP-fossil_A1-A3,GWP-fossil_A4,GWP-fossil_A5,GWP-fossil_B1,GWP-fossil_B2,GWP-fossil_B3,GWP-fossil_B4,GWP-fossil_B5,GWP-fossil_B6,GWP-fossil_B7,GWP-fossil_C1,GWP-fossil_C2,GWP-fossil_C3,GWP-fossil_C4,GWP-fossil_D,GWP-biogenic_A1,GWP-biogenic_A2,GWP-biogenic_A3,GWP-biogenic_A1-A3,GWP-biogenic_A4,GWP-biogenic_A5,GWP-biogenic_B1,GWP-biogenic_B2,GWP-biogenic_B3,GWP-biogenic_B4,GWP-biogenic_B5,GWP-biogenic_B6,GWP-biogenic_B7,GWP-biogenic_C1,GWP-biogenic_C2,GWP-biogenic_C3,GWP-biogenic_C4,GWP-biogenic_D,GWP-luluc_A1,GWP-luluc_A2,GWP-luluc_A3,GWP-luluc_A1-A3,GWP-luluc_A4,GWP-luluc_A5,GWP-luluc_B1,GWP-luluc_B2,GWP-luluc_B3,GWP-luluc_B4,GWP-luluc_B5,GWP-luluc_B6,GWP-luluc_B7,GWP-luluc_C1,GWP-luluc_C2,GWP-luluc_C3,GWP-luluc_C4,GWP-luluc_D,ODP_A1,ODP_A2,ODP_A3,ODP_A1-A3,ODP_A4,ODP_A5,ODP_B1,ODP_B2,ODP_B3,ODP_B4,ODP_B5,ODP_B6,ODP_B7,ODP_C1,ODP_C2,ODP_C3,ODP_C4,ODP_D,AP_A1,AP_A2,AP_A3,AP_A1-A3,AP_A4,AP_A5,AP_B1,AP_B2,AP_B3,AP_B4,AP_B5,AP_B6,AP_B7,AP_C1,AP_C2,AP_C3,AP_C4,AP_D,EP-freshwater_A1,EP-freshwater_A2,EP-freshwater_A3,EP-freshwater_A1-A3,EP-freshwater_A4,EP-freshwater_A5,EP-freshwater_B1,EP-freshwater_B2,EP-freshwater_B3,EP-freshwater_B4,EP-freshwater_B5,EP-freshwater_B6,EP-freshwater_B7,EP-freshwater_C1,EP-freshwater_C2,EP-freshwater_C3,EP-freshwater_C4,EP-freshwater_D,EP-marine_A1,EP-marine_A2,EP-marine_A3,EP-marine_A1-A3,EP-marine_A4,EP-marine_A5,EP-marine_B1,EP-marine_B2,EP-marine_B3,EP-marine_B4,EP-marine_B5,EP-marine_B6,EP-marine_B7,EP-marine_C1,EP-marine_C2,EP-marine_C3,EP-marine_C4,EP-marine_D,EP-terrestrial_A1,EP-terrestrial_A2,EP-terrestrial_A3,EP-terrestrial_A1-A3,EP-terrestrial_A4,EP-terrestrial_A5,EP-terrestrial_B1,EP-terrestrial_B2,EP-terrestrial_B3,EP-terrestrial_B4,EP-terrestrial_B5,EP-terrestrial_B6,EP-terrestrial_B7,EP-terrestrial_C1,EP-terrestrial_C2,EP-terrestrial_C3,EP-terrestrial_C4,EP-terrestrial_D,POCP_A1,POCP_A2,POCP_A3,POCP_A1-A3,POCP_A4,POCP_A5,POCP_B1,POCP_B2,POCP_B3,POCP_B4,POCP_B5,POCP_B6,POCP_B7,POCP_C1,POCP_C2,POCP_C3,POCP_C4,POCP_D,ADPE_A1,ADPE_A2,ADPE_A3,ADPE_A1-A3,ADPE_A4,ADPE_A5,ADPE_B1,ADPE_B2,ADPE_B3,ADPE_B4,ADPE_B5,ADPE_B6,ADPE_B7,ADPE_C1,ADPE_C2,ADPE_C3,ADPE_C4,ADPE_D,ADPF_A1,ADPF_A2,ADPF_A3,ADPF_A1-A3,ADPF_A4,ADPF_A5,ADPF_B1,ADPF_B2,ADPF_B3,ADPF_B4,ADPF_B5,ADPF_B6,ADPF_B7,ADPF_C1,ADPF_C2,ADPF_C3,ADPF_C4,ADPF_D,WDP_A1,WDP_A2,WDP_A3,WDP_A1-A3,WDP_A4,WDP_A5,WDP_B1,WDP_B2,WDP_B3,WDP_B4,WDP_B5,WDP_B6,WDP_B7,WDP_C1,WDP_C2,WDP_C3,WDP_C4,WDP_D,PERE_A1,PERE_A2,PERE_A3,PERE_A1-A3,PERE_A4,PERE_A5,PERE_B1,PERE_B2,PERE_B3,PERE_B4,PERE_B5,PERE_B6,PERE_B7,PERE_C1,PERE_C2,PERE_C3,PERE_C4,PERE_D,PERM_A1,PERM_A2,PERM_A3,PERM_A1-A3,PERM_A4,PERM_A5,PERM_B1,PERM_B2,PERM_B3,PERM_B4,PERM_B5,PERM_B6,PERM_B7,PERM_C1,PERM_C2,PERM_C3,PERM_C4,PERM_D,PERT_A1,PERT_A2,PERT_A3,PERT_A1-A3,PERT_A4,PERT_A5,PERT_B1,PERT_B2,PERT_B3,PERT_B4,PERT_B5,PERT_B6,PERT_B7,PERT_C1,PERT_C2,PERT_C3,PERT_C4,PERT_D,PENRE_A1,PENRE_A2,PENRE_A3,PENRE_A1-A3,PENRE_A4,PENRE_A5,PENRE_B1,PENRE_B2,PENRE_B3,PENRE_B4,PENRE_B5,PENRE_B6,PENRE_B7,PENRE_C1,PENRE_C2,PENRE_C3,PENRE_C4,PENRE_D,PENRM_A1,PENRM_A2,PENRM_A3,PENRM_A1-A3,PENRM_A4,PENRM_A5,PENRM_B1,PENRM_B2,PENRM_B3,PENRM_B4,PENRM_B5,PENRM_B6,PENRM_B7,PENRM_C1,PENRM_C2,PENRM_C3,PENRM_C4,PENRM_D,PENRT_A1,PENRT_A2,PENRT_A3,PENRT_A1-A3,PENRT_A4,PENRT_A5,PENRT_B1,PENRT_B2,PENRT_B3,PENRT_B4,PENRT_B5,PENRT_B6,PENRT_B7,PENRT_C1,PENRT_C2,PENRT_C3,PENRT_C4,PENRT_D,SM_A1,SM_A2,SM_A3,SM_A1-A3,SM_A4,SM_A5,SM_B1,SM_B2,SM_B3,SM_B4,SM_B5,SM_B6,SM_B7,SM_C1,SM_C2,SM_C3,SM_C4,SM_D,RSF_A1,RSF_A2,RSF_A3,RSF_A1-A3,RSF_A4,RSF_A5,RSF_B1,RSF_B2,RSF_B3,RSF_B4,RSF_B5,RSF_B6,RSF_B7,RSF_C1,RSF_C2,RSF_C3,RSF_C4,RSF_D,NRSF_A1,NRSF_A2,NRSF_A3,NRSF_A1-A3,NRSF_A4,NRSF_A5,NRSF_B1,NRSF_B2,NRSF_B3,NRSF_B4,NRSF_B5,NRSF_B6,NRSF_B7,NRSF_C1,NRSF_C2,NRSF_C3,NRSF_C4,NRSF_D,FW_A1,FW_A2,FW_A3,FW_A1-A3,FW_A4,FW_A5,FW_B1,FW_B2,FW_B3,FW_B4,FW_B5,FW_B6,FW_B7,FW_C1,FW_C2,FW_C3,FW_C4,FW_D,HWD_A1,HWD_A2,HWD_A3,HWD_A1-A3,HWD_A4,HWD_A5,HWD_B1,HWD_B2,HWD_B3,HWD_B4,HWD_B5,HWD_B6,HWD_B7,HWD_C1,HWD_C2,HWD_C3,HWD_C4,HWD_D,NHWD_A1,NHWD_A2,NHWD_A3,NHWD_A1-A3,NHWD_A4,NHWD_A5,NHWD_B1,NHWD_B2,NHWD_B3,NHWD_B4,NHWD_B5,NHWD_B6,NHWD_B7,NHWD_C1,NHWD_C2,NHWD_C3,NHWD_C4,NHWD_D,RWD_A1,RWD_A2,RWD_A3,RWD_A1-A3,RWD_A4,RWD_A5,RWD_B1,RWD_B2,RWD_B3,RWD_B4,RWD_B5,RWD_B6,RWD_B7,RWD_C1,RWD_C2,RWD_C3,RWD_C4,RWD_D,GWP-GHG_A1-A3,GWP-GHG_A4,GWP-GHG_A5,GWP-GHG_C1,GWP-GHG_C2,GWP-GHG_C3,GWP-GHG_C4,GWP-GHG_D,PM_A1-A3,PM_A4,PM_A5,PM_B1,PM_B2,PM_B3,PM_B4,PM_B5,PM_B6,PM_B7,PM_C1,PM_C2,PM_C3,PM_C4,PM_D,IRP_A1-A3,IRP_A4,IRP_A5,IRP_B1,IRP_B2,IRP_B3,IRP_B4,IRP_B5,IRP_B6,IRP_B7,IRP_C1,IRP_C2,IRP_C3,IRP_C4,IRP_D,ETP-fw_A1-A3,ETP-fw_A4,ETP-fw_A5,ETP-fw_B1,ETP-fw_B2,ETP-fw_B3,ETP-fw_B4,ETP-fw_B5,ETP-fw_B6,ETP-fw_B7,ETP-fw_C1,ETP-fw_C2,ETP-fw_C3,ETP-fw_C4,ETP-fw_D,HTP-c_A1-A3,HTP-c_A4,HTP-c_A5,HTP-c_B1,HTP-c_B2,HTP-c_B3,HTP-c_B4,HTP-c_B5,HTP-c_B6,HTP-c_B7,HTP-c_C1,HTP-c_C2,HTP-c_C3,HTP-c_C4,HTP-c_D,HTP-nc_A1-A3,HTP-nc_A4,HTP-nc_A5,HTP-nc_B1,HTP-nc_B2,HTP-nc_B3,HTP-nc_B4,HTP-nc_B5,HTP-nc_B6,HTP-nc_B7,HTP-nc_C1,HTP-nc_C2,HTP-nc_C3,HTP-nc_C4,HTP-nc_D,SQP_A1-A3,SQP_A4,SQP_A5,SQP_B1,SQP_B2,SQP_B3,SQP_B4,SQP_B5,SQP_B6,SQP_B7,SQP_C1,SQP_C2,SQP_C3,SQP_C4,SQP_D,CRU_A1-A3,CRU_A4,CRU_A5,CRU_B1,CRU_B2,CRU_B3,CRU_B4,CRU_B5,CRU_B6,CRU_B7,CRU_C1,CRU_C2,CRU_C3,CRU_C4,CRU_D,MFR_A1-A3,MFR_A4,MFR_A5,MFR_B1,MFR_B2,MFR_B3,MFR_B4,MFR_B5,MFR_B6,MFR_B7,MFR_C1,MFR_C2,MFR_C3,MFR_C4,MFR_D,MER_A1-A3,MER_A4,MER_A5,MER_B1,MER_B2,MER_B3,MER_B4,MER_B5,MER_B6,MER_B7,MER_C1,MER_C2,MER_C3,MER_C4,MER_D,EEE_A1-A3,EEE_A4,EEE_A5,EEE_B1,EEE_B2,EEE_B3,EEE_B4,EEE_B5,EEE_B6,EEE_B7,EEE_C1,EEE_C2,EEE_C3,EEE_C4,EEE_D,EET_A1-A3,EET_A4,EET_A5,EET_B1,EET_B2,EET_B3,EET_B4,EET_B5,EET_B6,EET_B7,EET_C1,EET_C2,EET_C3,EET_C4,EET_D
extracted_from_pdf,00d981f2-2494-4bb1-bfe3-91b57fc141e4,Woven glass fibre wall covering,EPD-VIT-20230430-CBC1-EN,Institut Bauen und Umwelt e.V. (IBU),EN 15804+A2,2024-01-09,2029-01-08,DE,1 m2 of woven glass fibre wall covering with an average grammage of around 0.145 kg/m2.,,,,0.704,0.00104,0.07,,,,,,,,0.00149,0.000613,0.0,0.023,-0.00646,,,,0.752,0.00103,0.0386,,,,,,,,0.00148,0.000606,0.0,0.00216,-0.00642,,,,-0.0474,4.31e-06,0.0314,,,,,,,,1.33e-05,2.54e-06,0.0,0.0208,-3.29e-05,,,,0.000244,7.05e-06,1.19e-05,,,,,,,,3.13e-07,4.16e-06,0.0,3.98e-06,-7.07e-07,,,,3.8e-12,1.03e-16,1.76e-13,,,,,,,,2.17e-14,6.07e-17,0.0,5.07e-15,-4.35e-14,,,,0.00363,1.13e-06,0.000173,,,,,,,,3.25e-06,7.3e-07,0.0,1.53e-05,-8.46e-06,,,,5.4e-06,3.74e-09,2.46e-07,,,,,,,,4.32e-09,2.21e-09,0.0,3.65e-09,-8.85e-09,,,,0.000785,3.55e-07,3.84e-05,,,,,,,,7.29e-07,2.43e-07,0.0,3.91e-06,-2.29e-06,,,,0.00843,4.27e-06,0.000419,,,,,,,,7.65e-06,2.89e-06,0.0,4.3e-05,-2.46e-05,,,,0.00223,9.66e-07,0.000108,,,,,,,,1.97e-06,6.34e-07,0.0,1.19e-05,-6.42e-06,,,,1.62e-07,1.05e-10,7.45e-09,,,,,,,,4.03e-10,6.23e-11,0.0,2.21e-10,-9.71e-10,,,,12.4,0.0137,0.573,,,,,,,,0.0269,0.00811,0.0,0.0282,-0.109,,,,0.102,1.17e-05,0.00878,,,,,,,,0.000338,6.91e-06,0.0,0.000236,-0.000685,,,,2.31,0.000952,0.45,,,,,,,,0.0149,0.000562,0.0,0.00424,-0.0301,,,,0.328,0.0,-0.328,,,,,,,,0.0,0.0,0.0,0.0,0.0,,,,2.64,0.000952,0.122,,,,,,,,0.0149,0.000562,0.0,0.00424,-0.0301,,,,12.4,0.0138,0.623,,,,,,,,0.0269,0.00814,0.0,0.0283,-0.109,,,,0.0495,0.0,-0.0495,,,,,,,,0.0,0.0,0.0,0.0,0.0,,,,12.4,0.0138,0.573,,,,,,,,0.0269,0.00814,0.0,0.0283,-0.109,,,,0.00957,0.0,0.000433,,,,,,,,0.0,0.0,0.0,0.0,0.0,,,,0.0,0.0,0.0,,,,,,,,0.0,0.0,0.0,0.0,0.0,,,,0.0,0.0,0.0,,,,,,,,0.0,0.0,0.0,0.0,0.0,,,,0.00489,1.1e-06,0.00032,,,,,,,,1.42e-05,6.49e-07,0.0,7.18e-06,-2.89e-05,,,,4.21e-07,7.29e-14,1.91e-08,,,,,,,,2.32e-12,4.31e-14,0.0,1.45e-12,-1.48e-11,,,,0.0605,2.25e-06,0.00999,,,,,,,,2.02e-05,1.33e-06,0.0,0.145,-5.53e-05,,,,0.000495,2.56e-08,2.3e-05,,,,,,,,4.29e-06,1.51e-08,0.0,3.14e-07,-8.62e-06,,,,,,,,,4e-08,7.92e-12,1.86e-09,,,,,,,,2.69e-11,4.86e-12,0,1.88e-10,-7.01e-11,0.0534,3.86e-06,0.0025,,,,,,,,0.000727,2.28e-06,0,3.49e-05,-0.00146,3.8,0.00973,0.178,,,,,,,,0.0118,0.00575,0,0.0158,-0.024,4.86e-10,2.01e-13,2.24e-11,,,,,,,,3.38e-13,1.18e-13,0,2.42e-12,-1.1e-12,4.82e-08,1.08e-11,2.21e-09,,,,,,,,1.24e-11,6.42e-12,0,2.67e-10,-4.23e-11,7.13,0.00581,0.326,,,,,,,,0.00968,0.00343,0,0.00588,-0.0195,0,0,0,,,,,,,,0,0,0,0,0,0,0,0,,,,,,,,0,0,0,0,0,0,0,0,,,,,,,,0,0,0,0,0,0,0,0.0303,,,,,,,,0,0,0,0,0,0,0,0.0542,,,,,,,,0,0,0,0,0
extracted_from_pdf,010d4841-6523-4c19-9b88-13325350d86c,ARDEX X 90,EPD-ADX-20230537-IBA1-DE,Institut Bauen und Umwelt e.V. (IBU),EN 15804+A2,2024-02-16,2029-02-15,DE,1 kg MicroteC3 Flexkleber ARDEX X 90 mit einer Schüttdichte von 900–1100 kg/m³,,,,0.593,0.12,0.0103,,,,,,,,0.0123,0.0702,,0.044,-0.00398,,,,0.622,0.119,0.00382,,,,,,,,0.0122,0.0698,,0.0173,-0.00396,,,,-0.0288,0.0,0.00646,,,,,,,,0.0,0.0,,0.0266,-2.74e-05,,,,0.000479,0.00072,6.04e-07,,,,,,,,7.24e-05,0.000421,,5.46e-05,-3.55e-07,,,,1.24e-08,2.97e-14,2.39e-15,,,,,,,,2.99e-15,1.74e-14,,4.52e-14,-5.43e-14,,,,0.002,0.000241,3.94e-06,,,,,,,,6.14e-05,0.000141,,0.000125,-4.01e-06,,,,9.84e-06,2.84e-07,4.76e-09,,,,,,,,2.85e-08,1.66e-07,,3.55e-08,-1.03e-08,,,,0.000699,0.000104,1.15e-06,,,,,,,,2.91e-05,6.08e-05,,3.22e-05,-1.48e-06,,,,0.00608,0.00118,1.6e-05,,,,,,,,0.000323,0.000689,,0.000354,-1.57e-05,,,,0.00144,0.000221,3.1e-06,,,,,,,,8.14e-05,0.000129,,9.72e-05,-3.81e-06,,,,7.89e-07,8.72e-09,2.26e-11,,,,,,,,8.76e-10,5.1e-09,,8.15e-10,-3.44e-10,,,,6.02,1.64,0.00546,,,,,,,,0.165,0.958,,0.234,-0.062,,,,0.108,0.000632,0.00162,,,,,,,,6.36e-05,0.00037,,0.00192,-5.33e-05,,,,1.55,0.11,0.0714,,,,,,,,0.011,0.0642,,0.0383,-0.0242,,,,0.243,0.0,-0.0701,,,,,,,,0.0,0.0,,0.0,0.0,,,,1.8,0.11,0.00133,,,,,,,,0.011,0.0642,,0.0383,-0.0242,,,,3.98,1.64,0.0494,,,,,,,,0.165,0.96,,0.234,-0.062,,,,2.08,0.0,-0.0439,,,,,,,,0.0,0.0,,0.0,0.0,,,,6.05,1.64,0.00546,,,,,,,,0.165,0.96,,0.234,-0.062,,,,0.0,0.0,0.0,,,,,,,,0.0,0.0,,0.0,0.0,,,,0.0,0.0,0.0,,,,,,,,0.0,0.0,,0.0,0.0,,,,0.0,0.0,0.0,,,,,,,,0.0,0.0,,0.0,0.0,,,,0.00219,9.77e-05,0.000368,,,,,,,,9.82e-06,5.71e-05,,5.9e-05,-8.37e-06,,,,0.000576,2.76e-12,9.58e-14,,,,,,,,2.78e-13,1.62e-12,,5.04e-12,-4.05e-12,,,,0.141,0.000245,0.012,,,,,,,,2.47e-05,0.000144,,1.17,-3.37e-05,,,,6.56e-05,2.16e-06,1.24e-07,,,,,,,,2.17e-07,1.26e-06,,2.63e-06,-2.43e-06,,,,,,,,,,,,,,,,,,,,,,,,,,,,,,,,,,,,,,,,,,,,,,,,,,,,,,,,,,,,,,,,,,,,,,,,,,,,,,,,,,,,,,,,,,,,,,,,,,,0,0,0,,,,,,,,0,0,,0,0,0,0,0,,,,,,,,0,0,,0,0,0,0,0,,,,,,,,0,0,,0,0,0,0,0.0147,,,,,,,,0,0,,0,0,0,0,0.0341,,,,,,,,0,0,,0,0
extracted_from_pdf,0321c86a-e09d-4791-a40e-51e280c700c3,"CEM III/A 42,5 L-LH (na)",EPD-CEM-20240348-CAA1-DE,Institut Bauen und Umwelt e.V. (IBU),EN 15804+A2,2024-11-26,2029-11-25,DE,1000 kg,,,,408.0,,,,,,,,,,,,,,,,,,408.0,,,,,,,,,,,,,,,,,,0.0507,,,,,,,,,,,,,,,,,,0.0507,,,,,,,,,,,,,,,,,,1.39e-05,,,,,,,,,,,,,,,,,,1.75,,,,,,,,,,,,,,,,,,0.103,,,,,,,,,,,,,,,,,,0.00671,,,,,,,,,,,,,,,,,,2.52,,,,,,,,,,,,,,,,,,0.806,,,,,,,,,,,,,,,,,,0.000121,,,,,,,,,,,,,,,,,,2690.0,,,,,,,,,,,,,,,,,,27.3,,,,,,,,,,,,,,,,,,57.4,,,,,,,,,,,,,,,,,,0.0,,,,,,,,,,,,,,,,,,57.4,,,,,,,,,,,,,,,,,,2690.0,,,,,,,,,,,,,,,,,,0.0,,,,,,,,,,,,,,,,,,2690.0,,,,,,,,,,,,,,,,,,652.0,,,,,,,,,,,,,,,,,,454.0,,,,,,,,,,,,,,,,,,326.0,,,,,,,,,,,,,,,,,,0.723,,,,,,,,,,,,,,,,,,0.0985,,,,,,,,,,,,,,,,,,0.54,,,,,,,,,,,,,,,,,,,,,,,,,,,,,,,,,,,,,,,,,1.52e-05,,,,,,,,,,,,,,,,,,,,,,,,,,,,,,54.2,,,,,,,,,,,,,,,8.82e-07,,,,,,,,,,,,,,,1.15e-05,,,,,,,,,,,,,,,539,,,,,,,,,,,,,,,0,,,,,,,,,,,,,,,0,,,,,,,,,,,,,,,0,,,,,,,,,,,,,,,0,,,,,,,,,,,,,,,0,,,,,,,,,,,,,,
extracted_from_pdf,0672f6c1-32d3-42c1-a480-bf2fea04597c,Crane Manual Revolving Door - AL 1000/2000/3000,EPD-DOR-20230450-CBA2-EN,Institut Bauen und Umwelt e.V. (IBU),EN 15804+A2,2023-11-27,2028-11-26,US,"1 piece of the product: Manual Revolving Door AL 1000/2000/3000, with a diameter of 7 ft. (2130 mm) and a height of 7,5 ft. (2290 mm), consisting of the following items:
• 4 door leaves
• Enclosure
• Canopy
• Product packaging",,,,3270.0,5.17,22.9,,,,,,,,0.0,2.55,40.6,3.85,-1490.0,,,,3260.0,4.94,22.9,,,,,,,,0.0,2.43,40.6,3.83,-1490.0,,,,3.07,0.228,0.000533,,,,,,,,0.0,0.112,0.000945,0.013,-4.57,,,,1.28,0.000118,0.001,,,,,,,,0.0,5.79e-05,0.002,0.011,-0.271,,,,2.32e-11,5.22e-16,1.15e-14,,,,,,,,0.0,2.57e-16,2.05e-14,1.42e-14,-1.02e-08,,,,14.1,0.005,0.004,,,,,,,,0.0,0.002,0.007,0.027,-5.6,,,,0.00248,1.06e-06,1.84e-06,,,,,,,,0.0,5.21e-07,3.26e-06,6.57e-06,-0.001,,,,2.31,0.002,0.000918,,,,,,,,0.0,0.000775,0.002,0.007,-0.746,,,,25.5,0.017,0.019,,,,,,,,0.0,0.009,0.033,0.078,-8.05,,,,6.32,0.004,0.003,,,,,,,,0.0,0.002,0.005,0.021,-2.43,,,,0.143,1.48e-07,1.58e-07,,,,,,,,0.0,7.3e-08,2.81e-07,3.44e-07,-0.055,,,,46400.0,70.1,10.6,,,,,,,,0.0,34.5,18.8,50.2,-20600.0,,,,511.0,0.01,2.34,,,,,,,,0.0,0.005,4.15,0.401,-89.3,,,,13700.0,0.221,2.76,,,,,,,,0.0,0.109,4.89,6.58,-8990.0,,,,0.0,0.0,0.0,,,,,,,,0.0,0.0,0.0,0.0,0.0,,,,13700.0,0.221,2.76,,,,,,,,0.0,0.109,4.89,6.58,-8990.0,,,,45600.0,70.1,398.0,,,,,,,,0.0,34.5,528.0,50.2,-20600.0,,,,896.0,0.0,-387.0,,,,,,,,0.0,0.0,-509.0,0.0,0.0,,,,46500.0,70.1,10.6,,,,,,,,0.0,34.5,18.8,50.2,-20600.0,,,,2.16,0.0,0.0,,,,,,,,0.0,0.0,0.0,0.0,0.0,,,,0.0,0.0,0.0,,,,,,,,0.0,0.0,0.0,0.0,0.0,,,,0.0,0.0,0.0,,,,,,,,0.0,0.0,0.0,0.0,0.0,,,,32.7,0.000396,0.056,,,,,,,,0.0,0.000195,0.099,0.013,-16.1,,,,3.08e-05,6.8e-09,4.04e-08,,,,,,,,0.0,3.35e-09,7.17e-08,7.65e-07,-0.000185,,,,585.0,0.007,2.38,,,,,,,,0.0,0.004,4.21,252.0,-325.0,,,,2.93,7.53e-05,0.000394,,,,,,,,0.0,3.71e-05,0.000698,0.000572,-2.15,,,,,,,,,0.000129,2.6e-08,5.2e-08,,,,,,,,0,1.28e-08,9.22e-08,3.4e-07,-8.84e-05,430.0,0.011,0.035,,,,,,,,0,0.005,0.063,0.059,-426.0,22400.0,49.7,3.98,,,,,,,,0,24.5,7.06,28.7,-7570.0,1.95e-06,9.34e-10,3.45e-10,,,,,,,,0,4.6e-10,6.11e-10,4.25e-09,2.06e-07,4.66e-05,4e-08,3.49e-08,,,,,,,,0,1.97e-08,6.19e-08,4.68e-07,4.87e-05,3840.0,0.18,3.18,,,,,,,,0,0.089,5.63,10.5,-595.0,0,0,0,,,,,,,,0,0,0,0,0,0,0,0,,,,,,,,0,0,314.0,0,0,0,0,0,,,,,,,,0,0,0,0,0,0,0,42.4,,,,,,,,0,0,75.1,0,0,0,0,97.3,,,,,,,,0,0,172.0,0,0
extracted_from_pdf,06f97760-c2e3-4d01-9ea8-1c72def5df66,BEST 9K Cylindrical Series,EPD-DOR-20210340-CBA7-EN,Institut Bauen und Umwelt e.V. (IBU),EN 15804+A2,2022-05-04,2027-05-03,USA,1 cylindrical lock (1 piece) of the BEST 9K Series.,,,,5.74,0.341,0.252,,,,,,123.0,,0.0,0.008,0.008,0.002,-4.08,,,,6.01,0.329,0.006,,,,,,123.0,,0.0,0.008,0.008,0.002,-4.07,,,,-0.272,0.012,0.246,,,,,,0.027,,0.0,0.000366,1.78e-07,7.88e-06,-0.006,,,,0.0066,7.61e-06,4.15e-06,,,,,,0.037,,0.0,1.88e-07,4.31e-07,6.64e-06,-0.003,,,,1.23e-11,3.4e-17,4.55e-17,,,,,,4.33e-13,,0.0,8.35e-19,3.85e-18,8.55e-18,-1.63e-13,,,,0.024,0.003,7.07e-05,,,,,,0.199,,0.0,7.92e-06,1.36e-06,1.65e-05,-0.018,,,,2.23e-05,7.11e-08,8.9e-09,,,,,,6.72e-05,,0.0,1.69e-09,6.13e-10,3.96e-09,-9.51e-06,,,,0.00433,0.000745,2.55e-05,,,,,,0.043,,0.0,2.52e-06,3.06e-07,4.26e-06,-0.003,,,,0.0411,0.008,0.000318,,,,,,0.457,,0.0,2.8e-05,6.18e-06,4.68e-05,-0.027,,,,0.0119,0.002,6.77e-05,,,,,,0.122,,0.0,7.12e-06,8.47e-07,1.29e-05,-0.009,,,,0.00402,9.57e-09,7.18e-10,,,,,,2.45e-05,,0.0,2.37e-10,5.27e-11,2.07e-10,-0.001,,,,82.1,4.52,0.08,,,,,,1990.0,,0.0,0.112,0.004,0.03,-49.6,,,,1.9,0.000633,0.031,,,,,,23.8,,0.0,1.55e-05,0.00078,0.000242,-0.883,,,,30.3,0.014,2.15,,,,,,315.0,,0.0,0.000354,0.025,0.004,-9.39,,,,2.16,0.0,-2.14,,,,,,0.0,,0.0,0.0,-0.024,0.0,0.0,,,,32.5,0.014,0.014,,,,,,315.0,,0.0,0.000354,0.000919,0.004,-9.39,,,,82.1,4.53,0.08,,,,,,1990.0,,0.0,0.112,0.061,0.03,-49.6,,,,0.058,0.0,0.0,,,,,,0.0,,0.0,0.0,-0.058,0.0,0.0,,,,82.2,4.53,0.08,,,,,,1990.0,,0.0,0.112,0.004,0.03,-49.6,,,,0.48,0.0,0.0,,,,,,0.0,,0.0,0.0,0.0,0.0,0.0,,,,0.0,0.0,0.0,,,,,,0.0,,0.0,0.0,0.0,0.0,0.0,,,,0.0,0.0,0.0,,,,,,0.0,,0.0,0.0,0.0,0.0,0.0,,,,0.05,2.58e-05,0.000737,,,,,,0.728,,0.0,6.35e-07,1.87e-05,7.63e-06,-0.03,,,,2.5e-07,4.4e-10,1.17e-10,,,,,,7.66e-07,,0.0,1.09e-11,1.35e-11,4.61e-10,-1.77e-06,,,,0.495,0.000463,0.008,,,,,,0.618,,0.0,1.15e-05,0.000792,0.152,0.094,,,,0.0067,4.89e-06,4.19e-06,,,,,,0.177,,0.0,1.21e-07,1.31e-07,3.44e-07,-0.002,,,,,,,,,2.78e-07,4.42e-08,3.92e-10,,,,,,1.78e-06,,0,4.16e-11,1.73e-11,2.05e-10,-2.5e-07,0.683,0.0007,0.000648,,,,,,14.7,,0,1.72e-05,1.18e-05,3.54e-05,-0.229,38.1,3.2,0.038,,,,,,594.0,,0,0.08,0.001,0.017,-20.8,2.23e-07,6.03e-11,2e-12,,,,,,1.28e-08,,0,1.5e-12,1.15e-13,2.56e-12,1.1e-08,4.6e-07,2.63e-09,8.67e-11,,,,,,4.83e-07,,0,6.4e-11,1.16e-11,2.82e-10,1.38e-06,56.2,0.012,0.021,,,,,,182.0,,0,0.000288,0.001,0.006,-2.89,0,0,0,,,,,,0,,0,0,0,0,0,0,0,0,,,,,,0,,0,0,1.74,0,0,0,0,0,,,,,,0,,0,0,0,0,0,0,0,0.382,,,,,,0,,0,0,0,0,0,0,0,0.692,,,,,,0,,0,0,0,0,0
extracted_from_pdf,072082dd-dc88-4396-8991-2d30a8041cb2,Electronic Safe Lock CenconX - Electronic Safe Lock,EPD-DOR-20250391-CBA1-EN,Institut Bauen und Umwelt e.V. (IBU),EN 15804+A2,2025-06-25,2027-02-14,,1 Electronic Safe Lock CenconX (1piece),,,,15.1,1.06,0.0179,,0.3,,,,,,0.0,0.00265,0.251,0.0003,-3.61,,,,15.1,1.06,0.000447,,0.3,,,,,,0.0,0.00253,0.247,0.000298,-3.6,,,,0.0172,0.00178,0.0174,,0.000526,,,,,,0.0,0.000117,0.00395,1.02e-06,-0.00766,,,,0.00864,2.22e-05,2.94e-07,,0.000288,,,,,,0.0,6.03e-08,1.4e-05,8.59e-07,-0.0015,,,,2.4e-10,7.72e-17,3.22e-18,,5.65e-12,,,,,,0.0,2.68e-19,1.25e-16,1.11e-18,-1.18e-14,,,,0.109,0.00432,5e-06,,0.000936,,,,,,0.0,2.54e-06,4.45e-05,2.14e-06,-0.041,,,,3.26e-05,1.74e-07,6.3e-10,,4.81e-07,,,,,,0.0,5.42e-10,1.99e-08,5.12e-10,-4.25e-06,,,,0.0158,0.00192,1.81e-06,,0.000205,,,,,,0.0,8.07e-07,1.01e-05,5.51e-07,-0.00508,,,,0.171,0.0211,2.25e-05,,0.00259,,,,,,0.0,8.97e-06,0.000203,6.05e-06,-0.0553,,,,0.0473,0.00548,4.79e-06,,0.000563,,,,,,0.0,2.28e-06,2.79e-05,1.67e-06,-0.016,,,,0.00408,3.01e-08,5.09e-11,,1.32e-06,,,,,,0.0,7.6e-11,1.71e-09,2.68e-11,-0.00223,,,,213.0,14.4,0.00564,,3.86,,,,,,0.0,0.0359,0.115,0.00391,-41.1,,,,2.58,0.00161,0.00221,,0.0403,,,,,,0.0,4.97e-06,0.0257,3.13e-05,-0.584,,,,30.3,0.0348,0.152,,0.777,,,,,,0.0,0.000113,0.0563,0.000513,-5.3,,,,0.177,0.0,-0.151,,0.0,,,,,,0.0,0.0,-0.0264,0.0,0.0,,,,30.6,0.0348,0.00102,,0.777,,,,,,0.0,0.000113,0.0299,0.000513,-5.3,,,,211.0,14.4,0.00564,,3.86,,,,,,0.0,0.036,3.54,0.00392,-41.1,,,,3.43,0.0,0.0,,0.0,,,,,,0.0,0.0,-3.43,0.0,0.0,,,,214.0,14.4,0.00564,,3.86,,,,,,0.0,0.036,0.115,0.00392,-41.1,,,,0.0317,0.0,0.0,,0.0,,,,,,0.0,0.0,0.0,0.0,0.0,,,,0.0,0.0,0.0,,0.0,,,,,,0.0,0.0,0.0,0.0,0.0,,,,0.0,0.0,0.0,,0.0,,,,,,0.0,0.0,0.0,0.0,0.0,,,,0.0756,6.74e-05,5.21e-05,,0.00174,,,,,,0.0,2.03e-07,0.000613,9.87e-07,-0.0172,,,,2.1e-06,1.38e-09,8.31e-12,,4.84e-08,,,,,,0.0,3.49e-12,4.37e-10,5.97e-11,-5.94e-07,,,,0.372,0.00146,0.00056,,0.0727,,,,,,0.0,3.68e-06,0.0257,0.0197,0.00419,,,,0.00946,1.18e-05,2.96e-07,,8.97e-05,,,,,,0.0,3.86e-08,4.3e-06,4.46e-08,-0.00132,,,,,,,,,1.04e-06,1.4e-08,2.77e-11,,9.82e-09,,,,,,0,1.33e-11,5.64e-10,2.65e-11,-3.7e-07,0.927,0.00161,4.59e-05,,0.00882,,,,,,0,5.52e-06,0.00039,4.59e-06,-0.138,122.0,10.2,0.00268,,13.2,,,,,,0,0.0255,0.0433,0.00224,-11.8,5.31e-09,1.92e-10,1.42e-13,,6.69e-11,,,,,,0,4.79e-13,3.74e-12,3.31e-13,4.81e-09,3.77e-07,8.85e-09,6.13e-12,,7.74e-09,,,,,,0,2.05e-11,3.77e-10,3.65e-11,5.76e-07,50.5,0.0294,0.0015,,0.376,,,,,,0,9.24e-05,0.0345,0.000816,-2.57,0,0,0,,0,,,,,,0,0,0,0,0,0,0,0,,0,,,,,,0,0,0.487,0,0,0,0,0,,0,,,,,,0,0,0,0,0,0.00247,0,0.027,,0,,,,,,0,0,0,0,0,0.00447,0,0.049,,0,,,,,,0,0,0,0,0
extracted_from_pdf,08ba9149-339b-4978-a24a-2b46d9dbc326,VELUX Commercial acrylic dome rooflights (Akrylovenlys),EPD-VEL-20240210-IBA1-EN,Institut Bauen und Umwelt e.V. (IBU),EN 15804+A2,2024-07-23,2029-07-22,Europe,1 m2 of VELUX Commercial acrylic dome rooflights (Akrylovenlys).,,,,71.0,,,,,,,,,,0.0,0.286,39.4,0.0,-64.8,,,,79.7,,,,,,,,,,0.0,0.286,30.7,0.0,-60.4,,,,-8.74,,,,,,,,,,0.0,0.00024,8.66,0.0,-4.36,,,,0.0874,,,,,,,,,,0.0,0.00014,0.00117,0.0,-0.0968,,,,3.47e-06,,,,,,,,,,0.0,6.27e-09,1.89e-07,0.0,-9.6e-07,,,,0.359,,,,,,,,,,0.0,0.00134,0.0177,0.0,-0.146,,,,0.00242,,,,,,,,,,0.0,2.35e-06,6.53e-05,0.0,-0.00678,,,,0.069,,,,,,,,,,0.0,0.000526,0.00778,0.0,-0.0268,,,,0.809,,,,,,,,,,0.0,0.00568,0.0852,0.0,-0.323,,,,0.308,,,,,,,,,,0.0,0.00198,0.0237,0.0,-0.104,,,,0.000544,,,,,,,,,,0.0,8.91e-07,3.9e-06,0.0,-4.75e-05,,,,1530.0,,,,,,,,,,0.0,4.13,21.6,0.0,-862.0,,,,31.9,,,,,,,,,,0.0,0.018,0.363,0.0,-2.69,,,,164.0,,,,,,,,,,0.0,0.0643,103.0,0.0,-137.0,,,,102.0,,,,,,,,,,0.0,0.0,-102.0,0.0,0.0,,,,266.0,,,,,,,,,,0.0,0.0643,1.46,0.0,-137.0,,,,1150.0,,,,,,,,,,0.0,4.13,407.0,0.0,-876.0,,,,385.0,,,,,,,,,,0.0,0.0,-385.0,0.0,0.0,,,,1530.0,,,,,,,,,,0.0,4.13,21.7,0.0,-876.0,,,,0.267,,,,,,,,,,0.0,0.0,0.0,0.0,0.654,,,,0.0,,,,,,,,,,0.0,0.0,0.0,0.0,0.0,,,,0.0,,,,,,,,,,0.0,0.0,0.0,0.0,0.0,,,,1.62,,,,,,,,,,0.0,0.00112,0.0298,0.0,-0.275,,,,0.00639,,,,,,,,,,0.0,2.6e-05,0.000114,0.0,-0.000534,,,,12.8,,,,,,,,,,0.0,0.263,1.1,0.0,-4.75,,,,0.0043,,,,,,,,,,0.0,2.42e-06,5.73e-05,0.0,-0.00553,,,,,,,,,4.15e-06,,,,,,,,,,0,2.81e-08,2.91e-07,0,-1e-06,2.58,,,,,,,,,,0,0.00214,0.0343,0,-2.44,2270,,,,,,,,,,0,2.03,79.8,0,-162,1.14e-07,,,,,,,,,,0,1.54e-10,7.65e-09,0,-1.67e-08,9.24e-07,,,,,,,,,,0,3.2e-09,4.65e-08,0,-2.96e-07,1310,,,,,,,,,,0,3.1,3.24,0,-105,0,,,,,,,,,,0,0,0,0,0,0.0579,,,,,,,,,,0,0,0.863,0,0.863,0,,,,,,,,,,0,0,0,0,0,3.22,,,,,,,,,,0,0,87.7,0,0,5.55,,,,,,,,,,0,0,151,0,0
extracted_from_pdf,09e1332a-b73f-4c7e-a698-4b9b5b40f4f4,"AQUAPANEL® Cement Board Rooftop 12,5 mm",EPD-USG-20210120-IBA1-DE,Institut Bauen und Umwelt e.V. (IBU),EN 15804+A2,2021-06-08,2026-06-07,DE,"1 m² AQUAPANEL® Cement Board Rooftop mit einer Dicke von 12,5 mm",4.94,0.05,0.29,,,,,,,,,,,0.01,0.1,0.0,0.23,0.0,4.91,0.05,0.28,,,,,,,,,,,0.01,0.1,0.0,0.25,0.0,0.0276,1.87e-05,0.00186,,,,,,,,,,,-0.000442,4e-05,0.0,-0.0197,0.0,0.00237,0.000195,0.000721,,,,,,,,,,,4.18e-05,0.000416,0.0,0.000714,0.0,2.17e-14,1.14e-17,8.73e-15,,,,,,,,,,,2.45e-18,2.44e-17,0.0,9.91e-16,0.0,0.00803,0.000269,0.000433,,,,,,,,,,,4.92e-05,0.000573,0.0,0.00178,0.0,4.05e-06,1.01e-07,1.18e-06,,,,,,,,,,,2.17e-08,2.16e-07,0.0,4.26e-07,0.0,0.00217,0.000132,0.000133,,,,,,,,,,,2.32e-05,0.000281,0.0,0.000458,0.0,0.0236,0.00146,0.00139,,,,,,,,,,,0.000257,0.00312,0.0,0.00503,0.0,0.00666,0.000252,0.000333,,,,,,,,,,,6.49e-05,0.000537,0.0,0.00139,0.0,3.97e-07,3.87e-09,1.07e-07,,,,,,,,,,,8.29e-10,8.25e-09,0.0,2.23e-08,0.0,36.19,0.62,3.54,,,,,,,,,,,0.13,1.32,0.0,3.25,0.0,0.236,0.000201,0.00629,,,,,,,,,,,4.3e-05,0.000428,0.0,0.026,0.0,5.24,0.04,2.04,,,,,,,,,,,0.01,0.08,0.0,0.43,0.0,0.0,0.0,0.0,,,,,,,,,,,0.0,0.0,0.0,0.0,0.0,5.24,0.04,2.04,,,,,,,,,,,0.01,0.08,0.0,0.43,0.0,36.44,0.62,3.55,,,,,,,,,,,0.13,1.32,0.0,3.26,0.0,0.0,0.0,0.0,,,,,,,,,,,0.0,0.0,0.0,0.0,0.0,36.44,0.62,3.55,,,,,,,,,,,0.13,1.32,0.0,3.26,0.0,0.06,0.0,0.0,,,,,,,,,,,0.0,0.0,0.0,0.0,0.0,2.4,0.0,0.0,,,,,,,,,,,0.0,0.0,0.0,0.0,0.0,4.57,0.0,0.0,,,,,,,,,,,0.0,0.0,0.0,0.0,0.0,0.00817,3.23e-05,0.0011,,,,,,,,,,,6.91e-06,6.88e-05,0.0,0.00082,0.0,1.49e-05,2.31e-08,2.38e-09,,,,,,,,,,,4.95e-09,4.93e-08,0.0,4.96e-08,0.0,0.0731,0.000109,0.00273,,,,,,,,,,,2.33e-05,0.000232,0.0,16.4,0.0,0.000772,6.52e-07,0.000296,,,,,,,,,,,1.4e-07,1.39e-06,0.0,3.7e-05,0.0,,,,,,,,,,,,,,,,,,,,,,,,,,,,,,,,,,,,,,,,,,,,,,,,,,,,,,,,,,,,,,,,,,,,,,,,,,,,,,,,,,,,,,,,,,,,,,,,,,,0.4,,,,,,,,,,0.0,0.0,0.0,0.0,0.0,0.0,,,,,,,,,,0.0,0.0,0.0,0.0,0.0,0.0,,,,,,,,,,0.0,0.0,0.0,0.0,0.0,0.0,,,,,,,,,,0.0,0.0,0.0,0.0,0.0,0.0,,,,,,,,,,0.0,0.0,0.0,0.0,0.0
extracted_from_pdf,0a15ffbe-6720-4544-993a-a4fce85176ea,ARDEX K 71 - floor leveling compound,EPD-ADX-20240491-IBA1-DE,Institut Bauen und Umwelt e.V. (IBU),EN 15804+A2,2025-04-24,2030-04-23,DE,1 kg Bodenspachtelmasse ARDEX K 71 im Zustand der Beschaffung mit einer Schüttdichte von 1400 kg/m³.,,,,0.295,0.126,0.0103,,,,,,,,0.0364,0.00689,0.0,0.0164,-0.00421,,,,0.296,0.124,0.0038,,,,,,,,0.0359,0.00676,0.0,0.0163,-0.00419,,,,-0.0023,0.0,0.00646,,,,,,,,0.000504,0.0,0.0,0.0,-2.8e-05,,,,0.000785,0.00237,1.12e-06,,,,,,,,7.05e-06,0.000129,0.0,9.79e-05,-5.06e-07,,,,4.74e-09,3.9e-14,2.42e-15,,,,,,,,1.13e-12,2.12e-15,0.0,4.45e-14,-5.23e-14,,,,0.000775,0.000263,3.83e-06,,,,,,,,5.63e-05,1.44e-05,0.0,0.000116,-4.11e-06,,,,4.1e-06,3.36e-07,2.92e-09,,,,,,,,2.25e-07,1.83e-08,0.0,3.72e-08,-1.05e-08,,,,0.00031,0.000112,1.11e-06,,,,,,,,1.76e-05,6.08e-06,0.0,2.98e-05,-1.46e-06,,,,0.00247,0.00129,1.56e-05,,,,,,,,0.000181,7.05e-05,0.0,0.000328,-1.55e-05,,,,0.000646,0.000255,3.03e-06,,,,,,,,4.23e-05,1.39e-05,0.0,9.13e-05,-3.84e-06,,,,5.6e-07,2.1e-08,2.76e-11,,,,,,,,7.57e-09,1.14e-09,0.0,1.06e-09,-3.9e-10,,,,3.09,1.62,0.00504,,,,,,,,0.503,0.0883,0.0,0.215,-0.0624,,,,0.0504,0.000884,0.0014,,,,,,,,0.00116,4.82e-05,0.0,0.00186,-5.55e-05,,,,1.0,0.179,0.00134,,,,,,,,0.541,0.00977,0.0,0.0377,-0.0241,,,,0.0702,0.0,-0.0701,,,,,,,,0.0,0.0,0.0,0.0,0.0,,,,1.07,0.179,-0.0687,,,,,,,,0.541,0.00977,0.0,0.0377,-0.0241,,,,3.1,1.62,0.00504,,,,,,,,0.503,0.0883,0.0,0.215,-0.0624,,,,1.05,0.0,-0.044,,,,,,,,0.0,0.0,0.0,0.0,0.0,,,,4.15,1.62,-0.039,,,,,,,,0.503,0.0883,0.0,0.215,-0.0624,,,,0.0,0.0,0.0,,,,,,,,0.0,0.0,0.0,0.0,0.0,,,,0.0,0.0,0.0,,,,,,,,0.0,0.0,0.0,0.0,0.0,,,,0.0,0.0,0.0,,,,,,,,0.0,0.0,0.0,0.0,0.0,,,,0.000988,0.000167,0.000207,,,,,,,,0.00017,9.13e-06,0.0,5.69e-05,-8.38e-06,,,,0.000368,7.89e-11,2.75e-12,,,,,,,,1.24e-09,4.3e-12,0.0,5.4e-11,-5.22e-11,,,,0.0728,0.000274,0.0111,,,,,,,,0.000509,1.49e-05,0.0,1.09,-3.51e-05,,,,2.3e-05,2.58e-06,1.07e-07,,,,,,,,4.83e-05,1.41e-07,0.0,2.23e-06,-2.36e-06,,,,,,,,,,,,,,,,,,,,,,,,,,,,,,,,,,,,,,,,,,,,,,,,,,,,,,,,,,,,,,,,,,,,,,,,,,,,,,,,,,,,,,,,,,,,,,,,,,,0,0,0,,,,,,,,0,0,0,0,0,0,0,0,,,,,,,,0,0,0,0,0,0,0,0,,,,,,,,0,0,0,0,0,0,0,0.0147,,,,,,,,0,0,0,0,0,0,0,0.0341,,,,,,,,0,0,0,0,0
extracted_from_pdf,0b13c34f-1b15-498d-9133-091535333231,Carpet Tile Sticker,EPD-UZI-20240473-IBC1-EN,Institut Bauen und Umwelt e.V. (IBU),EN 15804+A2,2025-01-28,2030-01-27,Europe,1 m² of Carpet Tile Sticker,,,,1.46,0.0208,0.309,,,,,,,,0.0,0.000575,0.319,0.0,-0.148,,,,1.75,0.0204,0.0229,,,,,,,,0.0,0.000564,0.319,0.0,-0.147,,,,-0.292,5.16e-05,0.286,,,,,,,,0.0,1.42e-06,0.0,0.0,-0.000632,,,,0.00194,0.000347,1.73e-05,,,,,,,,0.0,9.59e-06,2.11e-05,0.0,-1.33e-05,,,,5.69e-09,2.08e-15,5.3e-14,,,,,,,,0.0,5.75e-17,6.41e-14,0.0,-1.3e-12,,,,0.00388,7e-05,0.000135,,,,,,,,0.0,1.92e-06,0.000169,0.0,-0.000154,,,,5.35e-06,8.82e-08,2.58e-08,,,,,,,,0.0,2.44e-09,3.28e-08,0.0,-2.42e-07,,,,0.00133,3.22e-05,5.26e-05,,,,,,,,0.0,8.82e-07,6.6e-05,0.0,-4.7e-05,,,,0.0145,0.000363,0.000606,,,,,,,,0.0,9.92e-06,0.000752,0.0,-0.000504,,,,0.00412,6.52e-05,0.000138,,,,,,,,0.0,1.79e-06,0.000173,0.0,-0.000133,,,,5.65e-06,1.76e-09,5.92e-10,,,,,,,,0.0,4.86e-11,7.13e-10,0.0,-1.27e-08,,,,32.5,0.27,0.126,,,,,,,,0.0,0.00745,0.152,0.0,-2.62,,,,0.193,0.000308,0.0351,,,,,,,,0.0,8.5e-06,0.0399,0.0,-0.0159,,,,7.68,0.0228,-2.79,,,,,,,,0.0,0.00063,0.0386,0.0,-0.869,,,,2.82,0.0,2.82,,,,,,,,0.0,0.0,0.0,0.0,0.0,,,,10.5,0.0228,0.0321,,,,,,,,0.0,0.00063,0.0386,0.0,-0.869,,,,25.6,0.27,0.731,,,,,,,,0.0,0.00745,6.38,0.0,-2.62,,,,6.83,0.0,-0.605,,,,,,,,0.0,0.0,-6.23,0.0,0.0,,,,32.5,0.27,0.126,,,,,,,,0.0,0.00745,0.152,0.0,-2.62,,,,0.0,0.0,0.0,,,,,,,,0.0,0.0,0.0,0.0,0.0,,,,0.0,0.0,0.0,,,,,,,,0.0,0.0,0.0,0.0,0.0,,,,0.0,0.0,0.0,,,,,,,,0.0,0.0,0.0,0.0,0.0,,,,0.00797,2.56e-05,0.000828,,,,,,,,0.0,7.07e-07,0.000943,0.0,-0.000668,,,,4.45e-08,8.73e-12,6.65e-11,,,,,,,,0.0,2.41e-13,0.0152,0.0,-1.76e-09,,,,0.0799,4.19e-05,0.0328,,,,,,,,0.0,1.16e-06,0.0436,0.0,-0.00136,,,,0.00046,3.49e-07,5.26e-06,,,,,,,,0.0,9.63e-09,6.22e-06,0.0,-0.000192,,,,,,,,,,,,,,,,,,,,,,,,,,,,,,,,,,,,,,,,,,,,,,,,,,,,,,,,,,,,,,,,,,,,,,,,,,,,,,,,,,,,,,,,,,,,,,,,,,,,,,,,,,,,,,,,,,,,,,,,,,,,,,,,,,,,,,,,,,,,,,,,,,,,,,,,,,,,,,,,,,,,,,,,,,,,,
extracted_from_pdf,0bc73361-b7cf-4901-a7a8-926238ff2874,"Hebel autoclaved aerated concrete, reinforced",EPD-XEL-20230353-IBA1-EN,Institut Bauen und Umwelt e.V. (IBU),EN 15804+A2,06/09/2023,05/09/2028,Germany,1 m³ autoclaved aerated concrete (AAC) with an average gross density of 528 kg/m³ and including 20 kg reinforcement.,,,,249.0,3.36,4.62,-90.3,,,,,,,0.358,1.67,1.47,8.32,-2.62,,,,252.0,3.3,0.417,-90.3,,,,,,,0.355,1.64,1.46,8.29,-2.63,,,,-3.19,0.0356,4.2,0.0,,,,,,,0.000529,0.0177,0.00376,0.000329,0.0186,,,,0.101,0.0273,0.00283,0.0,,,,,,,0.00279,0.0136,0.00801,0.0244,-0.00491,,,,6.12e-13,6.59e-16,6.23e-16,0.0,,,,,,,6.73e-17,3.28e-16,6.52e-15,3.22e-14,-1.94e-14,,,,0.207,0.00354,0.00231,0.0,,,,,,,0.00171,0.00176,0.0136,0.0591,-0.00945,,,,0.000117,9.91e-06,1.09e-06,0.0,,,,,,,1.01e-06,4.94e-06,3.33e-06,1.39e-05,-5.1e-06,,,,0.0723,0.00113,0.000999,0.0,,,,,,,0.000801,0.000563,0.00675,0.0153,-0.00363,,,,0.793,0.0134,0.0117,0.0,,,,,,,0.00887,0.00668,0.0741,0.168,-0.0398,,,,0.215,0.00308,0.00278,0.0,,,,,,,0.00225,0.00153,0.0196,0.0464,-0.0104,,,,1.49e-05,2.96e-07,3.87e-08,0.0,,,,,,,3.02e-08,1.47e-07,1.61e-06,7.82e-07,-3.29e-07,,,,1880.0,44.4,5.46,0.0,,,,,,,4.54,22.1,27.6,110.0,-45.1,,,,4.75,0.031,0.442,0.0,,,,,,,0.00316,0.0154,0.246,0.89,-0.164,,,,184.0,2.56,35.0,0.0,,,,,,,0.261,1.27,2.44,14.8,-5.99,,,,34.6,0.0,-34.6,0.0,,,,,,,0.0,0.0,0.0,0.0,0.0,,,,219.0,2.56,0.44,0.0,,,,,,,0.261,1.27,2.44,14.8,-5.99,,,,1880.0,44.6,5.48,0.0,,,,,,,4.56,22.2,27.6,110.0,-45.1,,,,0.0,0.0,0.0,0.0,,,,,,,0.0,0.0,0.0,0.0,0.0,,,,1880.0,44.6,5.48,0.0,,,,,,,4.56,22.2,27.6,110.0,-45.1,,,,39.1,0.0,0.0,0.0,,,,,,,0.0,0.0,0.0,0.0,532.0,,,,0.0,0.0,0.0,0.0,,,,,,,0.0,0.0,0.0,0.0,0.0,,,,0.0,0.0,0.0,0.0,,,,,,,0.0,0.0,0.0,0.0,0.0,,,,0.244,0.00293,0.0106,0.0,,,,,,,0.000299,0.00146,0.00716,0.0271,-0.00827,,,,3.69e-07,2.35e-09,4.07e-10,0.0,,,,,,,2.4e-10,1.17e-09,1.6e-09,1.17e-08,-6.84e-09,,,,2.35,0.007,0.0312,0.0,,,,,,,0.000715,0.00348,0.00795,549.0,-22.2,,,,0.0497,8.09e-05,5.94e-05,0.0,,,,,,,8.27e-06,4.03e-05,0.000203,0.00116,-0.00364,,,,,,,,,,,,,,,,,,,,,,,,,,,,,,,,,,,,,,,,,,,,,,,,,,,,,,,,,,,,,,,,,,,,,,,,,,,,,,,,,,,,,,,,,,,,,,,,,,,,,,,,,,,,,,,,,,,,,,,,,,,,,,,,,,,,,,,,,,,,,,,,,,,,,,,,,,,,,,,,,,,,,,,,,,,,,
extracted_from_pdf,0c0b287d-eb50-41a9-88f4-5f16b4981ddc,BEST EHD9000,EPD-DOR-20220320-CBA1-EN,Institut Bauen und Umwelt e.V. (IBU),EN 15804+A2,2023-01-04,2028-01-03,SG,1 door closer (1 piece) EHD9000,,,,73.0,0.585,1.09,,,,,,,,0.0,0.0284,1.03,0.0,-19.7,,,,74.2,0.581,0.046,,,,,,,,0.0,0.0271,0.975,0.0,-19.6,,,,-1.27,0.00348,1.04,,,,,,,,0.0,0.00125,0.058,0.0,-0.0612,,,,0.0211,1.22e-05,1.87e-05,,,,,,,,0.0,6.45e-07,5.57e-05,0.0,-0.00309,,,,5.57e-10,5.56e-17,2.03e-16,,,,,,,,0.0,2.86e-18,4.99e-16,0.0,-1.47e-10,,,,0.391,0.0193,0.000304,,,,,,,,0.0,2.71e-05,0.000182,0.0,-0.0716,,,,4.19e-05,1.3e-07,3.93e-08,,,,,,,,0.0,5.8e-09,7.95e-08,0.0,-1.03e-05,,,,0.0601,0.00509,0.000109,,,,,,,,0.0,8.64e-06,4.19e-05,0.0,-0.00955,,,,0.652,0.0558,0.00137,,,,,,,,0.0,9.6e-05,0.00083,0.0,-0.103,,,,0.186,0.0142,0.000289,,,,,,,,0.0,2.44e-05,0.000116,0.0,-0.0305,,,,0.000316,1.52e-08,3.18e-09,,,,,,,,0.0,8.13e-10,6.85e-09,0.0,-2.88e-05,,,,721.0,7.17,0.347,,,,,,,,0.0,0.385,0.464,0.0,-278.0,,,,11.5,0.00106,0.135,,,,,,,,0.0,5.31e-05,0.106,0.0,-0.925,,,,70.8,0.0234,9.14,,,,,,,,0.0,0.00121,0.508,0.0,-126.0,,,,9.46,0.0,-9.07,,,,,,,,0.0,0.0,-0.388,0.0,0.0,,,,80.3,0.0234,0.0638,,,,,,,,0.0,0.00121,0.12,0.0,-126.0,,,,713.0,7.17,0.671,,,,,,,,0.0,0.385,8.36,0.0,-278.0,,,,8.22,0.0,-0.323,,,,,,,,0.0,0.0,-7.89,0.0,0.0,,,,721.0,7.17,0.347,,,,,,,,0.0,0.385,0.465,0.0,-278.0,,,,2.7,0.0,0.0,,,,,,,,0.0,0.0,0.0,0.0,0.0,,,,0.0,0.0,0.0,,,,,,,,0.0,0.0,0.0,0.0,0.0,,,,0.0,0.0,0.0,,,,,,,,0.0,0.0,0.0,0.0,0.0,,,,0.29,4.25e-05,0.00318,,,,,,,,0.0,2.18e-06,0.00253,0.0,-0.221,,,,2.07e-05,7.04e-10,5.33e-10,,,,,,,,0.0,3.73e-11,1.73e-09,0.0,-1.5e-06,,,,11.6,0.000735,0.0356,,,,,,,,0.0,3.94e-05,0.102,0.0,-4.77,,,,0.0052,7.97e-06,1.81e-05,,,,,,,,0.0,4.13e-07,1.75e-05,0.0,-0.0303,,,,,,,,,1.12e-05,3.28e-07,1.71e-09,,,,,,,,0,1.43e-10,2.26e-09,0,-1.15e-06,0.626,0.00114,0.00278,,,,,,,,0,5.9e-05,0.00162,0,-6.08,248.0,5.07,0.164,,,,,,,,0,0.273,0.175,0,-100.0,2.67e-08,9.55e-11,8.78e-12,,,,,,,,0,5.13e-12,1.5e-11,0,-4.45e-09,8.46e-07,4.48e-09,3.97e-10,,,,,,,,0,2.19e-10,1.5e-09,0,-1.4e-07,187.0,0.019,0.0924,,,,,,,,0,0.000988,0.139,0,-8.68,0,0,0,,,,,,,,0,0,0,0,0,0,0,0,,,,,,,,0,0,6.07,0,0,0,0,0,,,,,,,,0,0,0,0,0,0,0,1.66,,,,,,,,0,0,0,0,0,0,0,3.02,,,,,,,,0,0,0,0,0
extracted_from_pdf,0c5b9283-7cd1-4bb5-9028-05bd9f3704de,GLAPOR cellular glass boards,EPD-GLP-20230179-CBA2-EN,Institut Bauen und Umwelt e.V. (IBU),EN 15804+A2,2023-10-09,2028-10-08,DE,1 m3 at 120 kg/m3,,,,97.3,6.21,1.99,,,,,,,,0.0,,,,,,,,97.2,6.2,1.99,,,,,,,,0.0,,,,,,,,0.0837,0.00563,9.64e-05,,,,,,,,0.0,,,,,,,,0.0252,0.00296,4.34e-06,,,,,,,,0.0,,,,,,,,2.82e-06,1.32e-07,9.28e-10,,,,,,,,0.0,,,,,,,,0.29,0.0198,0.000221,,,,,,,,0.0,,,,,,,,0.00246,4.94e-05,1.91e-07,,,,,,,,0.0,,,,,,,,0.124,0.00673,0.000102,,,,,,,,0.0,,,,,,,,0.914,0.0719,0.00116,,,,,,,,0.0,,,,,,,,0.237,0.0302,0.000314,,,,,,,,0.0,,,,,,,,0.000306,1.86e-05,2.69e-08,,,,,,,,0.0,,,,,,,,1350.0,86.8,0.0873,,,,,,,,0.0,,,,,,,,10.3,0.387,0.00291,,,,,,,,0.0,,,,,,,,107.0,1.34,0.00514,,,,,,,,0.0,,,,,,,,0.0,0.0,0.0,,,,,,,,0.0,,,,,,,,107.0,1.34,0.00514,,,,,,,,0.0,,,,,,,,1320.0,86.8,29.3,,,,,,,,0.0,,,,,,,,29.2,0.0,-29.2,,,,,,,,0.0,,,,,,,,1350.0,86.8,0.0874,,,,,,,,0.0,,,,,,,,153.0,0.0,0.0,,,,,,,,0.0,,,,,,,,0.0,0.0,0.0,,,,,,,,0.0,,,,,,,,0.0,0.0,0.0,,,,,,,,0.0,,,,,,,,0.571,0.0237,0.000406,,,,,,,,0.0,,,,,,,,0.00487,0.000546,7.25e-07,,,,,,,,0.0,,,,,,,,19.8,5.7,0.0228,,,,,,,,0.0,,,,,,,,0.00297,5.04e-05,1.55e-07,,,,,,,,0.0,,,,,,,,,,,,,,,,,,,,,,,,,,,,,,,,,,,,,,,,,,,,,,,,,,,,,,,,,,,,,,,,,,,,,,,,,,,,,,,,,,,,,,,,,,,,,,,,,,,,,,,,,,,,,,,,,,,,,,,,,,,,,,,,,,,,,,,,,,,,,,,,,,,,,,,,,,,,,,,,,,,,,,,,,,,,,,,,,
extracted_from_pdf,0ceeaf6a-34c8-4371-a4bb-15b1d0a45395,"Tufted tiles, 100% recycled polyamide 6 with a maximum total pile weight of 780 g/m2 , EcoFlex Echo backing",EPD-IVC-20220245-CBB1-EN,Institut Bauen und Umwelt e.V. (IBU),EN 15804+A2,2022-09-15,2027-09-14,BE,"1 m² tufted carpet tiles, PA 6 pile material with an acoustic felt covered bitumen heavy backing",,,,4.6,0.307,0.632,0.0,0.549,,,,,,0.0,0.017,,,-0.0685,,,,4.91,0.301,0.446,0.0,0.348,,,,,,0.0,0.0167,,,-0.0682,,,,-0.308,0.0039,0.186,0.0,0.00416,,,,,,0.0,0.000216,,,-0.000346,,,,0.00559,0.00171,0.000232,0.0,0.196,,,,,,0.0,9.44e-05,,,-7.41e-06,,,,9.38e-09,1.83e-14,2.81e-10,0.0,3.42e-08,,,,,,0.0,1.01e-15,,,-4.55e-13,,,,0.0149,0.00182,0.000653,0.0,0.000832,,,,,,0.0,0.000101,,,-8.9e-05,,,,4.28e-05,9.13e-07,1.35e-06,0.0,5.19e-06,,,,,,0.0,5.05e-08,,,-9.26e-08,,,,0.00501,0.000894,0.000246,0.0,0.000197,,,,,,0.0,4.95e-05,,,-2.42e-05,,,,0.0469,0.00989,0.0025,0.0,0.00283,,,,,,0.0,0.000548,,,-0.00026,,,,0.0138,0.00169,0.000642,0.000418,0.000983,,,,,,0.0,9.35e-05,,,-6.78e-05,,,,1.54e-06,2.56e-08,4.8e-08,0.0,2.3e-07,,,,,,0.0,1.42e-09,,,-1.02e-08,,,,114.0,4.09,3.66,0.0,5.9,,,,,,0.0,0.226,,,-1.16,,,,4.74,0.00274,0.177,0.0,0.0999,,,,,,0.0,0.000151,,,-0.00709,,,,45.6,0.232,1.64,0.0,3.69,,,,,,0.0,0.0129,,,-0.314,,,,0.238,0.0,-0.238,0.0,0.0,,,,,,0.0,0.0,,,0.0,,,,45.8,0.232,1.4,0.0,3.69,,,,,,0.0,0.0129,,,-0.314,,,,72.6,4.1,5.38,0.0,5.9,,,,,,0.0,0.227,,,-1.16,,,,41.1,0.0,-1.72,0.0,0.0,,,,,,0.0,0.0,,,0.0,,,,114.0,4.1,3.66,0.0,5.9,,,,,,0.0,0.227,,,-1.16,,,,1.26,0.0,0.0378,0.0,0.0,,,,,,0.0,0.0,,,0.0,,,,0.0,0.0,0.0,0.0,0.0,,,,,,0.0,0.0,,,0.0,,,,0.0,0.0,0.0,0.0,0.0,,,,,,0.0,0.0,,,0.0,,,,0.118,0.000263,0.00435,0.0,0.00334,,,,,,0.0,1.45e-05,,,-0.0003,,,,0.00234,1.96e-11,7.02e-05,0.0,4.19e-05,,,,,,0.0,1.09e-12,,,-1.58e-10,,,,0.442,0.000587,0.0566,0.0,0.0073,,,,,,0.0,3.25e-05,,,-0.000582,,,,0.00309,5.05e-06,9.76e-05,0.0,0.000376,,,,,,0.0,2.79e-07,,,-9.01e-05,,,,,,,,,,,,,,,,,,,,,,,,,,,,,,,,,,,,,,,,,,,,,,,,,,,,,,,,,,,,,,,,,,,,,,,,,,,,,,,,,,,,,,,,,,,,,,,,,,,,,,,,,,,,,,,,,,,,,,,,,,,,,,,,,,,,,,,,,,,,,,,,,,,,,,,,,,,,,,,,,,,,,,,,,,,,,
extracted_from_pdf,0e28fd9d-53ec-434f-a278-3ba03f8323d2,Aluminium lever and window handle CORE/PREMIUM,EPD-OGR-20240052-CBA5-EN,Institut Bauen und Umwelt e.V. (IBU),EN 15804+A2,2024-06-18,2029-06-17,DE,"one (1 piece) aluminium lever handle from the OGRO PREMIUM and CORE series, including packaging materials. The average fitting including packaging weighs 763 g.",,,,7.89,0.007,0.139,,,,,,,,0.0,0.003,0.079,0.0,-2.83,,,,8.0,0.006,0.003,,,,,,,,0.0,0.003,0.079,0.0,-2.82,,,,-0.126,0.000296,0.135,,,,,,,,0.0,0.000129,1.84e-06,0.0,-0.009,,,,0.01,1.52e-07,2.29e-06,,,,,,,,0.0,6.64e-08,4.45e-06,0.0,-0.000513,,,,1.19e-12,6.75e-19,2.5e-17,,,,,,,,0.0,2.94e-19,3.97e-17,0.0,-2.27e-11,,,,0.028,6.4e-06,3.89e-05,,,,,,,,0.0,2.79e-06,1.4e-05,0.0,-0.011,,,,1.83e-05,1.37e-09,4.9e-09,,,,,,,,0.0,5.97e-10,6.34e-09,0.0,-1.45e-06,,,,0.00501,2.04e-06,1.41e-05,,,,,,,,0.0,8.88e-07,3.16e-06,0.0,-0.001,,,,0.0501,2.26e-05,0.000175,,,,,,,,0.0,9.87e-06,6.39e-05,0.0,-0.015,,,,0.013,5.76e-06,3.72e-05,,,,,,,,0.0,2.51e-06,8.75e-06,0.0,-0.004,,,,1.6e-05,1.92e-10,3.96e-10,,,,,,,,0.0,8.36e-11,5.45e-10,0.0,-1.72e-06,,,,101.0,0.091,0.044,,,,,,,,0.0,0.04,0.037,0.0,-40.8,,,,0.835,1.25e-05,0.017,,,,,,,,0.0,5.46e-06,0.008,0.0,-0.136,,,,46.9,0.000286,1.18,,,,,,,,0.0,0.000125,0.009,0.0,-19.5,,,,1.18,0.0,-1.18,,,,,,,,0.0,0.0,0.0,0.0,0.0,,,,48.1,0.000286,0.008,,,,,,,,0.0,0.000125,0.009,0.0,-19.5,,,,100.0,0.091,0.044,,,,,,,,0.0,0.04,0.499,0.0,-40.8,,,,0.462,0.0,0.0,,,,,,,,0.0,0.0,-0.462,0.0,0.0,,,,101.0,0.091,0.044,,,,,,,,0.0,0.04,0.037,0.0,-40.8,,,,0.205,0.0,0.0,,,,,,,,0.0,0.0,0.0,0.0,0.0,,,,0.0,0.0,0.0,,,,,,,,0.0,0.0,0.0,0.0,0.0,,,,0.0,0.0,0.0,,,,,,,,0.0,0.0,0.0,0.0,0.0,,,,0.071,5.13e-07,0.000406,,,,,,,,0.0,2.24e-07,0.000193,0.0,-0.034,,,,1.03e-07,8.81e-12,6.47e-11,,,,,,,,0.0,3.84e-12,1.39e-10,0.0,-1.75e-08,,,,1.22,9.28e-06,0.004,,,,,,,,0.0,4.05e-06,0.008,0.0,-0.76,,,,0.007,9.74e-08,2.31e-06,,,,,,,,0.0,4.25e-08,1.36e-06,0.0,-0.005,,,,,,,,,,,,,,,,,,,,,,,,,,,,,,,,,,,,,,,,,,,,,,,,,,,,,,,,,,,,,,,,,,,,,,,,,,,,,,,,,,,,,,,,,,,,,,,,,,,,,,,,,,,,,,,,,,,,,,,,,,,,,,,,,,,,,,,,,,,,,,,,,,,,,,,,,,,,,,,,,,,,,,,,,,,,,
extracted_from_pdf,0e67ff82-dcb5-47fa-9783-71ebebe21077,ADAGIO HD+ (35 mm),EPD-KNA-20240278-IBA1-EN,Institut Bauen und Umwelt e.V. (IBU),EN 15804+A2,2024-11-26,2029-11-25,DE,1 m² ADAGIO HD+ mineral ceiling tiles with a surface weight of 9.49 kg/m².,,,,7.4,,,,,,,,,,0.0,0.0346,0.0,1.17,0.0,,,,8.94,,,,,,,,,,0.0,0.0342,0.0,0.14,0.0,,,,-1.55,,,,,,,,,,0.0,7.82e-05,0.0,1.03,0.0,,,,0.00518,,,,,,,,,,0.0,0.00032,0.0,0.000443,0.0,,,,2.12e-10,,,,,,,,,,0.0,4.5e-15,0.0,3.62e-13,0.0,,,,0.0505,,,,,,,,,,0.0,0.000123,0.0,0.00101,0.0,,,,0.000253,,,,,,,,,,0.0,1.26e-07,0.0,2.87e-07,0.0,,,,0.00934,,,,,,,,,,0.0,5.62e-05,0.0,0.000261,0.0,,,,0.162,,,,,,,,,,0.0,0.000631,0.0,0.00287,0.0,,,,0.017,,,,,,,,,,0.0,0.000111,0.0,0.000788,0.0,,,,1.41e-06,,,,,,,,,,0.0,2.29e-09,0.0,6.59e-09,0.0,,,,131.0,,,,,,,,,,0.0,0.471,0.0,1.9,0.0,,,,3.52,,,,,,,,,,0.0,0.000418,0.0,0.0156,0.0,,,,2.97,,,,,,,,,,0.0,0.0343,0.0,0.309,0.0,,,,17.9,,,,,,,,,,0.0,0.0,0.0,0.0,0.0,,,,20.9,,,,,,,,,,0.0,0.0343,0.0,0.309,0.0,,,,131.0,,,,,,,,,,0.0,0.473,0.0,1.9,0.0,,,,0.0,,,,,,,,,,0.0,0.0,0.0,0.0,0.0,,,,131.0,,,,,,,,,,0.0,0.473,0.0,1.9,0.0,,,,1.92,,,,,,,,,,0.0,0.0,0.0,0.0,0.0,,,,0.0,,,,,,,,,,0.0,0.0,0.0,0.0,0.0,,,,0.0,,,,,,,,,,0.0,0.0,0.0,0.0,0.0,,,,2.61,,,,,,,,,,0.0,3.75e-05,0.0,0.000479,0.0,,,,1.64e-05,,,,,,,,,,0.0,1.46e-12,0.0,4.14e-11,0.0,,,,3.26,,,,,,,,,,0.0,7.2e-05,0.0,9.5,0.0,,,,0.00364,,,,,,,,,,0.0,8.85e-07,0.0,2.16e-05,0.0,,,,,,,,,,,,,,,,,,,,,,,,,,,,,,,,,,,,,,,,,,,,,,,,,,,,,,,,,,,,,,,,,,,,,,,,,,,,,,,,,,,,,,,,,,,,,,,,,,,,,,,,,,,,,,,,,,,,,,,,,,,,,,,,,,,,,,,,,,,,,,,,,,,,,,,,,,,,,,,,,,,,,,,,,,,,,
extracted_from_pdf,1224e0a5-a794-4d26-b574-c11df4011cfa,"Tufted tiles, 75% rec. PA 6.6 with a maximum total pile weight of 1000 g/m2 , CQuest Bio Sone+ backing",EPD-INT-20220235-CBB1-EN,Institut Bauen und Umwelt e.V. (IBU),EN 15804+A2,2023-02-17,2028-02-16,"Ireland, Netherlands",1 m² tufted modular carpet tiles with Sone+ acoustic felt covered CQuest Bio (CQB) heavy backing and a pile material of PA 6.6 with 75% recycled content,,,,6.72,0.299,0.488,0.0,0.416,,,,,,0.0,0.0166,,,-0.0277,,,,7.73,0.293,0.462,0.0,0.215,,,,,,0.0,0.0163,,,-0.0276,,,,-1.02,0.00379,0.0251,0.0,0.00416,,,,,,0.0,0.000211,,,-0.000141,,,,0.0055,0.00166,0.000226,0.0,0.196,,,,,,0.0,9.24e-05,,,-3.02e-06,,,,1.17e-08,1.78e-14,3.52e-10,0.0,3.42e-08,,,,,,0.0,9.93e-16,,,-1.86e-13,,,,0.0205,0.00177,0.000827,0.0,0.000832,,,,,,0.0,9.87e-05,,,-3.62e-05,,,,0.000106,8.89e-07,3.25e-06,0.0,5.19e-06,,,,,,0.0,4.95e-08,,,-3.78e-08,,,,0.00653,0.00087,0.000299,0.0,0.000197,,,,,,0.0,4.84e-05,,,-9.83e-06,,,,0.07,0.00963,0.00326,0.0,0.00283,,,,,,0.0,0.000536,,,-0.000105,,,,0.0184,0.00165,0.000797,0.000418,0.000983,,,,,,0.0,9.16e-05,,,-2.75e-05,,,,3.04e-06,2.49e-08,9.28e-08,0.0,2.3e-07,,,,,,0.0,1.39e-09,,,-4.15e-09,,,,135.0,3.98,4.28,0.0,5.9,,,,,,0.0,0.222,,,-0.469,,,,13.1,0.00266,0.421,0.0,0.0999,,,,,,0.0,0.000148,,,-0.00289,,,,43.1,0.226,1.99,0.0,3.69,,,,,,0.0,0.0126,,,-0.128,,,,13.7,0.0,-0.26,0.0,0.0,,,,,,0.0,0.0,,,0.0,,,,56.8,0.226,1.73,0.0,3.69,,,,,,0.0,0.0126,,,-0.128,,,,122.0,3.99,4.72,0.0,5.9,,,,,,0.0,0.222,,,-0.469,,,,14.5,0.0,-0.396,0.0,0.0,,,,,,0.0,0.0,,,0.0,,,,136.0,3.99,4.32,0.0,5.9,,,,,,0.0,0.222,,,-0.469,,,,3.95,0.0,0.119,0.0,0.0,,,,,,0.0,0.0,,,0.0,,,,0.0,0.0,0.0,0.0,0.0,,,,,,0.0,0.0,,,0.0,,,,0.0,0.0,0.0,0.0,0.0,,,,,,0.0,0.0,,,0.0,,,,0.329,0.000256,0.0105,0.0,0.00334,,,,,,0.0,1.42e-05,,,-0.000123,,,,2e-07,1.91e-11,6.02e-09,0.0,4.19e-05,,,,,,0.0,1.06e-12,,,-6.36e-11,,,,0.349,0.000572,0.045,0.0,0.0073,,,,,,0.0,3.18e-05,,,-0.000237,,,,0.00714,4.91e-06,0.000218,0.0,0.000376,,,,,,0.0,2.73e-07,,,-3.68e-05,,,,,,,,,,,,,,,,,,,,,,,,,,,,,,,,,,,,,,,,,,,,,,,,,,,,,,,,,,,,,,,,,,,,,,,,,,,,,,,,,,,,,,,,,,,,,,,,,,,,,,,,,,,,,,,,,,,,,,,,,,,,,,,,,,,,,,,,,,,,,,,,,,,,,,,,,,,,,,,,,,,,,,,,,,,,,
extracted_from_pdf,1246d584-26c0-466c-b1a9-444a6ec911ef,Dalmatiner EPS Boards 032,EPD-CPL-20230411-CBC1-DE,Institut Bauen und Umwelt e.V. (IBU),EN 15804+A2,2023-12-07,2028-12-06,DE,1 m³ expandierter Polystyrol-Hartschaum aus grauem und weißem EPS zur Wärme- und Schalldämmung (Dalmatinerplatte),,,,54.5,0.231,0.425,,,,,,,,0.0,0.115,52.0,0.0,-23.6,,,,54.4,0.23,0.259,,,,,,,,0.0,0.114,52.0,0.0,-23.4,,,,0.0451,0.000245,0.166,,,,,,,,0.0,0.000196,0.00266,0.0,-0.174,,,,0.00949,0.000853,7.46e-06,,,,,,,,0.0,0.000424,0.000102,0.0,-0.00412,,,,1.67e-10,3.26e-14,1.09e-13,,,,,,,,0.0,1.62e-14,4.07e-12,0.0,-2.48e-10,,,,0.0951,0.000229,8.8e-05,,,,,,,,0.0,0.000114,0.00694,0.0,-0.0232,,,,5.85e-05,4.73e-07,2.74e-08,,,,,,,,0.0,2.35e-07,9.17e-07,0.0,-5.07e-05,,,,0.0241,7.94e-05,2.4e-05,,,,,,,,0.0,3.95e-05,0.00117,0.0,-0.00842,,,,0.264,0.000942,0.000409,,,,,,,,0.0,0.000469,0.0325,0.0,-0.0897,,,,0.707,0.000203,6.41e-05,,,,,,,,0.0,0.000101,0.00316,0.0,-0.0218,,,,5.35e-06,2.36e-08,2.65e-09,,,,,,,,0.0,1.17e-08,9.97e-08,0.0,-5.85e-06,,,,1390.0,3.04,0.168,,,,,,,,0.0,1.51,7.21,0.0,-340.0,,,,5.51,0.000901,0.0431,,,,,,,,0.0,0.000448,4.22,0.0,-0.293,,,,57.6,0.181,2.16,,,,,,,,0.0,0.0898,1.9,0.0,-115.0,,,,2.1,0.0,-2.1,,,,,,,,0.0,0.0,0.0,0.0,0.0,,,,59.7,0.181,0.0516,,,,,,,,0.0,0.0898,1.9,0.0,-115.0,,,,796.0,3.04,4.39,,,,,,,,0.0,1.51,596.0,0.0,-340.0,,,,593.0,0.0,-4.22,,,,,,,,0.0,0.0,-589.0,0.0,0.0,,,,1390.0,3.04,0.168,,,,,,,,0.0,1.51,7.21,0.0,-340.0,,,,0.419,0.0,0.0,,,,,,,,0.0,0.0,0.0,0.0,0.0,,,,0.0,0.0,0.0,,,,,,,,0.0,0.0,0.0,0.0,0.0,,,,0.0,0.0,0.0,,,,,,,,0.0,0.0,0.0,0.0,0.0,,,,0.241,0.000157,0.00102,,,,,,,,0.0,7.83e-05,0.099,0.0,-0.0474,,,,1.22e-07,1.41e-11,1.49e-11,,,,,,,,0.0,6.99e-12,7.24e-10,0.0,-5.9e-08,,,,3.19,0.000482,0.0277,,,,,,,,0.0,0.00024,0.316,0.0,-0.2,,,,0.00913,3.06e-06,5.6e-06,,,,,,,,0.0,1.52e-06,0.00021,0.0,-0.0127,,,,,,,,,1.02e-06,1.31e-09,7.35e-10,,,,,,,,0,6.54e-10,4.31e-08,0,-1.7e-07,0.994,0.000298,0.000555,,,,,,,,0,0.000148,0.0208,0,-1.26,734.0,2.41,0.0669,,,,,,,,0,1.2,2.88,0,-57.6,1.65e-08,4.79e-11,5.13e-12,,,,,,,,0,2.38e-11,2.94e-10,0,-3.61e-09,6.9e-07,2.39e-09,4.12e-10,,,,,,,,0,1.19e-09,9.78e-09,0,-1.63e-07,53.9,0.955,0.0513,,,,,,,,0,0.475,2.09,0,-78.1,0,0,0,,,,,,,,0,0,0,0,0,0,0,0,,,,,,,,0,0,0,0,0,0,0,0,,,,,,,,0,0,0,0,0,0,0,0.599,,,,,,,,0,0,80.1,0,0,0,0,1.39,,,,,,,,0,0,185.0,0,0
extracted_from_pdf,13146ba0-9cca-46b7-820d-d24c01fb81dc,Extension module 90 43,EPD-DOR-20210197-CBA2-EN,Institut Bauen und Umwelt e.V. (IBU),EN 15804+A2,2021-10-07,2026-10-06,DE,1 piece of the product: Extension module 90 43,,,,3.41,0.01,0.076,,,,,,95.9,,0.0,0.000464,0.106,0.00019,-0.206,,,,3.42,0.009,0.002,,,,,,95.4,,0.0,0.000443,0.106,0.000189,-0.206,,,,-0.0179,0.000423,0.074,,,,,,0.318,,0.0,2.05e-05,2.47e-06,6.45e-07,0.000192,,,,0.00509,2.18e-07,1.25e-06,,,,,,0.138,,0.0,1.06e-08,5.98e-06,5.44e-07,-0.000281,,,,4.72e-10,9.66e-19,1.37e-17,,,,,,2.1e-12,,0.0,4.68e-20,5.34e-17,7e-19,-1.19e-15,,,,0.0191,9.16e-06,2.12e-05,,,,,,0.211,,0.0,4.44e-07,1.89e-05,1.36e-06,-0.003,,,,2.57e-05,1.96e-09,2.67e-09,,,,,,0.000255,,0.0,9.49e-11,8.52e-09,3.24e-10,-1.83e-07,,,,0.00305,2.92e-06,7.67e-06,,,,,,0.047,,0.0,1.41e-07,4.25e-06,3.49e-07,-0.000198,,,,0.0364,3.24e-05,9.56e-05,,,,,,0.492,,0.0,1.57e-06,8.58e-05,3.83e-06,-0.002,,,,0.0101,8.24e-06,2.03e-05,,,,,,0.128,,0.0,3.99e-07,1.18e-05,1.06e-06,-0.000659,,,,0.000731,2.75e-10,2.16e-10,,,,,,2.76e-05,,0.0,1.33e-11,7.32e-10,1.7e-11,-0.000115,,,,41.4,0.13,0.024,,,,,,1680.0,,0.0,0.006,0.049,0.002,-2.8,,,,0.853,1.79e-05,0.009,,,,,,20.8,,0.0,8.69e-07,0.011,1.98e-05,-0.074,,,,12.1,0.000409,0.646,,,,,,743.0,,0.0,1.98e-05,0.162,0.000325,-0.441,,,,0.791,0.0,-0.642,,,,,,0.0,,0.0,0.0,-0.149,0.0,0.0,,,,12.9,0.000409,0.004,,,,,,743.0,,0.0,1.98e-05,0.013,0.000325,-0.441,,,,39.5,0.13,0.024,,,,,,1680.0,,0.0,0.006,2.01,0.002,-2.81,,,,1.96,0.0,0.0,,,,,,0.0,,0.0,0.0,-1.96,0.0,0.0,,,,41.4,0.13,0.024,,,,,,1680.0,,0.0,0.006,0.049,0.002,-2.81,,,,0.0,0.0,0.0,,,,,,0.0,,0.0,0.0,0.0,0.0,0.0,,,,0.0,0.0,0.0,,,,,,0.0,,0.0,0.0,0.0,0.0,0.0,,,,0.0,0.0,0.0,,,,,,0.0,,0.0,0.0,0.0,0.0,0.0,,,,0.022,7.34e-07,0.000221,,,,,,0.86,,0.0,3.56e-08,0.000259,6.25e-07,-0.001,,,,3.75e-06,1.26e-11,3.53e-11,,,,,,6.94e-07,,0.0,6.1e-13,1.87e-10,3.78e-11,-8.47e-09,,,,0.119,1.33e-05,0.002,,,,,,1.19,,0.0,6.44e-07,0.011,0.012,-0.032,,,,0.000943,1.4e-07,1.26e-06,,,,,,0.255,,0.0,6.76e-09,1.82e-06,2.82e-08,-9.23e-05,,,,,,,,,1.97e-07,4.82e-11,1.18e-10,,,,,,1.77e-06,,0,2.33e-12,2.41e-10,1.68e-11,-2.06e-08,0.091,1.99e-05,0.000195,,,,,,41.8,,0,9.65e-07,0.000164,2.9e-06,-0.014,19.9,0.092,0.011,,,,,,717.0,,0,0.004,0.018,0.001,-1.32,1.2e-09,1.73e-12,6.01e-13,,,,,,1.98e-08,,0,8.38e-14,1.59e-12,2.1e-13,-8.92e-11,6.32e-08,7.4e-11,2.61e-11,,,,,,7.3e-07,,0,3.59e-12,1.61e-10,2.31e-11,-7.16e-09,18.2,0.000334,0.006,,,,,,534.0,,0,1.62e-05,0.015,0.000517,-1.22,0,0,0,,,,,,0,,0,0,0,0,0,0,0,0,,,,,,0,,0,0,0.052,0,0,0,0,0,,,,,,0,,0,0,0,0,0,0.107,0,0.115,,,,,,0,,0,0,0,0,0,0.195,0,0.208,,,,,,0,,0,0,0,0,0
extracted_from_pdf,136ac6b0-6973-472a-9eff-661911eaecd1,Fibrolith® 2-layer panels made of mineral-bonded wood wool and mineral wool insulation,,Institut Bauen und Umwelt e.V. (IBU),EN 15804+A2,,,,t,,,,,,,,,,,,,,,,,,,,,,,,,,,,,,,,,,,,,,,,,,,,,,,,,,,,,,,,,,,,,,,,,,,,,,,,,,,,,,,,,,,,,,,,,,,,,,,,,,,,,,,,,,,,,,,,,,,,,,,,,,,,,,,,,,,,,,,,,,,,,,,,,,,,,,,,,,,,,,,,,,,,,,,,,,,,,,,,,,,,,,,,,,,,,,,,,,,,,,,,,,,,,,,,,,,,,,,,,,,,,,,,,,,,,,,,,,,,,,,,,,,,,,,,,,,,,,,,,,,,,,,,,,,,,,,,,,,,,,,,,,,,,,,,,,,,,,,,,,,,,,,,,,,,,,,,,,,,,,,,,,,,,,,,,,,,,,,,,,,,,,,,,,,,,,,,,,,,,,,,,,,,,,,,,,,,,,,,,,,,,,,,,,,,,,,,,,,,,,,,,,,,,,,,,,,,,,,,,,,,,,,,,,,,,,,,,,,,,,,,,,,,,,,,,,,,,,,,,,,,,,,,,,,,,,,,,,,,,,,,,,,,,,,,,,,,,,,,,,,,,,,,,,,,,,,,,,,,,,,,,,,,,,,,,,,,,,,,,,,,,,,,,,,,,,,,,,,,,,,,,,,,,,,,,,,,,,,,,,,,,,,,,,,,,,,,,,,,,,,,,,,,,,,,,,,,,,,,,,,,,,,,,,,,,,,,,,,,,,,,,
extracted_from_pdf,1598f156-ab6f-4419-9381-adc14634997f,Green Roof System,EPD-ZIC-20200082-CCA1-EN,Institut Bauen und Umwelt e.V. (IBU),EN 15804+A2,2020-07-31,2025-07-30,DE,1 m² “Heather with Lavender” Green Roof System,,,,-2.67,0.476,0.694,0.0994,,,,,,,0.0512,0.238,6.85,11.5,-0.366,,,,2.64,0.474,0.392,0.0965,,,,,,,0.0726,0.237,6.85,2.17,-0.366,,,,-5.32,0.00019,0.3,0.00282,,,,,,,-0.0236,9.54e-05,-0.000316,9.31,-0.000954,,,,0.00643,0.00199,0.00224,7.05e-05,,,,,,,0.00223,0.000993,0.00023,0.00453,-0.000329,,,,3.37e-14,1.16e-16,2.36e-16,6.16e-16,,,,,,,1.31e-16,5.82e-17,1.91e-15,6.81e-15,-4.94e-15,,,,0.00597,0.000394,0.000372,0.000694,,,,,,,0.000287,0.000197,0.000897,0.0131,-0.00059,,,,8.15e-06,1.03e-06,1.18e-06,2.26e-06,,,,,,,1.16e-06,5.17e-07,3.22e-07,0.000458,-6.06e-07,,,,0.00243,0.000113,7.42e-05,8.21e-05,,,,,,,4.94e-05,5.65e-05,0.000241,0.00655,-0.000145,,,,0.0268,0.00139,0.00109,0.000894,,,,,,,0.000701,0.000699,0.00401,0.0383,-0.00154,,,,0.00639,0.000316,0.000265,0.000258,,,,,,,0.000195,0.000158,0.00069,0.0133,-0.00041,,,,5.24e-07,3.94e-08,4.59e-08,1.91e-07,,,,,,,4.43e-08,1.97e-08,2.82e-08,1.75e-07,-7.23e-08,,,,47.4,6.3,7.24,2.04,,,,,,,7.08,3.15,2.56,29.1,-6.26,,,,0.144,0.00204,0.0674,0.00317,,,,,,,0.0023,0.00102,0.709,0.171,-0.0491,,,,12.7,0.366,3.68,0.15,,,,,,,0.412,0.183,0.522,3.12,-1.76,,,,3.24,0.0,-3.24,0.0,,,,,,,0.0,0.0,0.0,0.0,0.0,,,,15.9,0.366,0.444,0.15,,,,,,,0.412,0.183,0.522,3.12,-1.76,,,,32.0,6.3,8.75,2.04,,,,,,,7.08,3.15,6.96,37.5,-6.26,,,,14.3,0.0,-1.5,0.0,,,,,,,0.0,0.0,-4.4,-8.4,0.0,,,,46.3,6.3,7.25,2.04,,,,,,,7.08,3.15,2.56,29.1,-6.26,,,,52.8,0.0,0.0,0.0,,,,,,,0.0,0.0,0.0,0.0,0.0,,,,0.0,0.0,0.0,0.0,,,,,,,0.0,0.0,0.0,0.0,0.0,,,,0.0,0.0,0.0,0.0,,,,,,,0.0,0.0,0.0,0.0,0.0,,,,0.00694,0.000328,0.00191,0.000634,,,,,,,0.000369,0.000165,0.0168,0.00551,-0.00203,,,,4.51e-07,2.36e-07,2.65e-07,1.66e-09,,,,,,,2.65e-07,1.18e-07,8.58e-09,3.12e-07,-2.52e-09,,,,0.21,0.00111,0.0231,0.215,,,,,,,0.00124,0.000553,0.627,98.3,-0.00332,,,,0.00118,6.64e-06,1.55e-05,2.45e-05,,,,,,,7.46e-06,3.31e-06,0.000106,0.000339,-0.000601,,,,,,,,,,,,,,,,,,,,,,,,,,,,,,,,,,,,,,,,,,,,,,,,,,,,,,,,,,,,,,,,,,,,,,,,,,,,,,,,,,,,,,,,,,,,,,,,,,,,,,,,,,,,,,,,,,,,,,,,,,,,,,,,,,,,,,,,,,,,,,,,,,,,,,,,,,,,,,,,,,,,,,,,,,,,,
extracted_from_pdf,15cfb4a0-b879-460a-b96f-26e6649a008f,"Double cylinder - star cross, star, 20 and 8",EPD-DOR-20210151-CBA1-EN,Institut Bauen und Umwelt e.V. (IBU),EN 15804+A2,2021-06-29,2026-06-28,Switzerland,"1 piece of the product: star mechanical key system, consisting of the following items: - one star double cylinder - one star reversible key",,,,0.382,0.00226,0.0705,,,,,,,,0.0,0.000936,0.00356,,-0.103,,,,0.392,0.00216,0.0166,,,,,,,,0.0,0.000894,0.00356,,-0.103,,,,-0.0102,0.0001,0.0539,,,,,,,,0.0,4.13e-05,8.29e-08,,0.000224,,,,0.000664,5.15e-08,1.77e-06,,,,,,,,0.0,2.13e-08,2.01e-07,,-0.000156,,,,1.58e-12,2.29e-19,1.77e-17,,,,,,,,0.0,9.44e-20,1.79e-18,,-4.48e-16,,,,0.00347,2.17e-06,1.82e-05,,,,,,,,0.0,8.95e-07,6.33e-07,,-0.000921,,,,1.61e-06,4.63e-10,3.18e-09,,,,,,,,0.0,1.91e-10,2.86e-10,,-5.9e-08,,,,0.000309,6.89e-07,6.2e-06,,,,,,,,0.0,2.85e-07,1.43e-07,,-6.35e-05,,,,0.0033,7.66e-06,8.21e-05,,,,,,,,0.0,3.17e-06,2.89e-06,,-0.000672,,,,0.00101,1.95e-06,1.65e-05,,,,,,,,0.0,8.05e-07,3.95e-07,,-0.000229,,,,0.000129,6.49e-11,2.63e-10,,,,,,,,0.0,2.68e-11,2.46e-11,,-2.07e-05,,,,5.07,0.0307,0.0245,,,,,,,,0.0,0.0127,0.00165,,-1.19,,,,0.223,4.24e-06,0.00842,,,,,,,,0.0,1.75e-06,0.000364,,-0.0407,,,,13.0,9.68e-05,0.473,,,,,,,,0.0,4e-05,0.000429,,-0.163,,,,0.468,0.0,-0.468,,,,,,,,0.0,0.0,0.0,,0.0,,,,13.5,9.68e-05,0.00501,,,,,,,,0.0,4e-05,0.000429,,-0.163,,,,4.77,0.0307,0.283,,,,,,,,0.0,0.0127,0.0482,,-1.19,,,,0.305,0.0,-0.258,,,,,,,,0.0,0.0,-0.0466,,0.0,,,,5.08,0.0307,0.0245,,,,,,,,0.0,0.0127,0.00165,,-1.19,,,,0.193,0.0,0.0,,,,,,,,0.0,0.0,0.0,,0.0,,,,0.0,0.0,0.0,,,,,,,,0.0,0.0,0.0,,0.0,,,,0.0,0.0,0.0,,,,,,,,0.0,0.0,0.0,,0.0,,,,0.00524,1.74e-07,0.000199,,,,,,,,0.0,7.17e-08,8.71e-06,,-0.000936,,,,3.89e-08,2.98e-12,5.27e-11,,,,,,,,0.0,1.23e-12,6.29e-12,,-2.56e-08,,,,0.0828,3.14e-06,0.00332,,,,,,,,0.0,1.3e-06,0.00037,,-0.0202,,,,0.000251,3.3e-08,1.18e-06,,,,,,,,0.0,1.36e-08,6.12e-08,,-2.62e-05,,,,,,,,,2.96e-08,1.14e-11,1.2e-10,,,,,,,,0,4.7e-12,8.08e-12,,-8.67e-09,0.0373,4.71e-06,0.000166,,,,,,,,0,1.95e-06,5.52e-06,,-0.00538,3.71,0.0218,0.0109,,,,,,,,0,0.00899,0.000619,,-0.523,5.01e-09,4.09e-13,6.68e-13,,,,,,,,0,1.69e-13,5.36e-14,,-5.93e-11,1.38e-08,1.75e-11,4.22e-11,,,,,,,,0,7.23e-12,5.43e-12,,-2.94e-09,9.5,7.89e-05,0.00675,,,,,,,,0,3.26e-05,0.000494,,-0.564,0,0,0,,,,,,,,0,0,0,,0,0,0,0,,,,,,,,0,0,0.213,,0,0,0,0,,,,,,,,0,0,0,,0,0.0794,0,0.112,,,,,,,,0,0,0,,0,0.144,0,0.217,,,,,,,,0,0,0,,0
extracted_from_pdf,17563d7b-443c-4c1b-84f9-27026241c0b9,ArmaPET® Eco50,,Institut Bauen und Umwelt e.V. (IBU),EN 15804+A2,,,,m3,,,,,,,,,,,,,,,,,,,,,,,,,,,,,,,,,,,,,,,,,,,,,,,,,,,,,,,,,,,,,,,,,,,,,,,,,,,,,,,,,,,,,,,,,,,,,,,,,,,,,,,,,,,,,,,,,,,,,,,,,,,,,,,,,,,,,,,,,,,,,,,,,,,,,,,,,,,,,,,,,,,,,,,,,,,,,,,,,,,,,,,,,,,,,,,,,,,,,,,,,,,,,,,,,,,,,,,,,,,,,,,,,,,,,,,,,,,,,,,,,,,,,,,,,,,,,,,,,,,,,,,,,,,,,,,,,,,,,,,,,,,,,,,,,,,,,,,,,,,,,,,,,,,,,,,,,,,,,,,,,,,,,,,,,,,,,,,,,,,,,,,,,,,,,,,,,,,,,,,,,,,,,,,,,,,,,,,,,,,,,,,,,,,,,,,,,,,,,,,,,,,,,,,,,,,,,,,,,,,,,,,,,,,,,,,,,,,,,,,,,,,,,,,,,,,,,,,,,,,,,,,,,,,,,,,,,,,,,,,,,,,,,,,,,,,,,,,,,,,,,,,,,,,,,,,,,,,,,,,,,,,,,,,,,,,,,,,,,,,,,,,,,,,,,,,,,,,,,,,,,,,,,,,,,,,,,,,,,,,,,,,,,,,,,,,,,,,,,,,,,,,,,,,,,,,,,,,,,,,,,,,,,,,,,,,,,,,,,,,,,
extracted_from_pdf,1a8ebb43-2e63-4fb6-a659-37f84dc5613e,Nonwoven glass fibre wall covering,EPD-VIT-20230429-CBC1-EN,Institut Bauen und Umwelt e.V. (IBU),EN 15804+A2,2024-01-09,2029-01-08,DE,1 m2 of nonwoven glass fibre wall covering with an average grammage of around 0.124 kg/m2.,,,,0.511,0.000917,0.0698,,,,,,,,0.00128,0.000526,0.0,0.0224,-0.00643,,,,0.561,0.000907,0.0363,,,,,,,,0.00127,0.00052,0.0,0.00185,-0.0064,,,,-0.05,3.81e-06,0.0334,,,,,,,,1.14e-05,2.18e-06,0.0,0.0205,-3.28e-05,,,,0.000254,6.23e-06,1.52e-05,,,,,,,,2.69e-07,3.57e-06,0.0,3.42e-06,-7.04e-07,,,,2.17e-12,9.08e-17,1.27e-13,,,,,,,,1.86e-14,5.21e-17,0.0,4.35e-15,-4.33e-14,,,,0.0022,9.97e-07,0.000133,,,,,,,,2.79e-06,6.27e-07,0.0,1.31e-05,-8.43e-06,,,,7.93e-06,3.3e-09,4.5e-07,,,,,,,,3.71e-09,1.89e-09,0.0,3.14e-09,-8.82e-09,,,,0.000441,3.14e-07,2.8e-05,,,,,,,,6.26e-07,2.08e-07,0.0,3.35e-06,-2.28e-06,,,,0.00473,3.78e-06,0.000308,,,,,,,,6.56e-06,2.48e-06,0.0,3.69e-05,-2.45e-05,,,,0.00132,8.54e-07,8.28e-05,,,,,,,,1.69e-06,5.44e-07,0.0,1.02e-05,-6.39e-06,,,,1.64e-07,9.32e-11,9.38e-09,,,,,,,,3.46e-10,5.34e-11,0.0,1.9e-10,-9.67e-10,,,,11.2,0.0121,0.648,,,,,,,,0.023,0.00696,0.0,0.0242,-0.109,,,,0.183,1.03e-05,0.0148,,,,,,,,0.00029,5.93e-06,0.0,0.000203,-0.000683,,,,1.9,0.000841,0.481,,,,,,,,0.0128,0.000482,0.0,0.00364,-0.0299,,,,0.351,0.0,-0.351,,,,,,,,0.0,0.0,0.0,0.0,0.0,,,,2.25,0.000841,0.13,,,,,,,,0.0128,0.000482,0.0,0.00364,-0.0299,,,,11.2,0.0122,0.696,,,,,,,,0.0231,0.00699,0.0,0.0243,-0.109,,,,0.0479,0.0,-0.0479,,,,,,,,0.0,0.0,0.0,0.0,0.0,,,,11.2,0.0122,0.648,,,,,,,,0.0231,0.00699,0.0,0.0243,-0.109,,,,0.0106,0.0,0.000598,,,,,,,,0.0,0.0,0.0,0.0,0.0,,,,0.0,0.0,0.0,,,,,,,,0.0,0.0,0.0,0.0,0.0,,,,0.0,0.0,0.0,,,,,,,,0.0,0.0,0.0,0.0,0.0,,,,0.00758,9.72e-07,0.000534,,,,,,,,1.22e-05,5.57e-07,0.0,6.16e-06,-2.88e-05,,,,5.06e-09,6.45e-14,2.87e-10,,,,,,,,1.99e-12,3.7e-14,0.0,1.25e-12,-1.47e-11,,,,0.0936,1.99e-06,0.0131,,,,,,,,1.74e-05,1.14e-06,0.0,0.124,-5.5e-05,,,,0.000347,2.26e-08,2.02e-05,,,,,,,,3.68e-06,1.3e-08,0.0,2.7e-07,-8.59e-06,,,,,,,,,2.28e-08,7.01e-12,1.34e-09,,,,,,,,2.31e-11,4.17e-12,0,1.61e-10,-6.98e-11,0.0456,3.42e-06,0.00267,,,,,,,,0.000624,1.96e-06,0,2.99e-05,-0.00145,3.77,0.0086,0.219,,,,,,,,0.0101,0.00493,0,0.0136,-0.0239,1.52e-09,1.77e-13,8.62e-11,,,,,,,,2.9e-13,1.02e-13,0,2.07e-12,-1.1e-12,1.48e-07,9.58e-12,8.39e-09,,,,,,,,1.06e-11,5.51e-12,0,2.3e-10,-4.22e-11,9.26,0.00514,0.527,,,,,,,,0.00831,0.00295,0,0.00504,-0.0194,0,0,0,,,,,,,,0,0,0,0,0,0,0,0,,,,,,,,0,0,0,0,0,0,0,0,,,,,,,,0,0,0,0,0,0,0,0.0305,,,,,,,,0,0,0,0,0,0,0,0.0546,,,,,,,,0,0,0,0,0
extracted_from_pdf,1a9aae29-30c9-4544-a2b3-a9e7c153272c,Insulation - System IDEAL PET,,,,,,,m3,,,,,,,,,,,,,,,,,,,,,,,,,,,,,,,,,,,,,,,,,,,,,,,,,,,,,,,,,,,,,,,,,,,,,,,,,,,,,,,,,,,,,,,,,,,,,,,,,,,,,,,,,,,,,,,,,,,,,,,,,,,,,,,,,,,,,,,,,,,,,,,,,,,,,,,,,,,,,,,,,,,,,,,,,,,,,,,,,,,,,,,,,,,,,,,,,,,,,,,,,,,,,,,,,,,,,,,,,,,,,,,,,,,,,,,,,,,,,,,,,,,,,,,,,,,,,,,,,,,,,,,,,,,,,,,,,,,,,,,,,,,,,,,,,,,,,,,,,,,,,,,,,,,,,,,,,,,,,,,,,,,,,,,,,,,,,,,,,,,,,,,,,,,,,,,,,,,,,,,,,,,,,,,,,,,,,,,,,,,,,,,,,,,,,,,,,,,,,,,,,,,,,,,,,,,,,,,,,,,,,,,,,,,,,,,,,,,,,,,,,,,,,,,,,,,,,,,,,,,,,,,,,,,,,,,,,,,,,,,,,,,,,,,,,,,,,,,,,,,,,,,,,,,,,,,,,,,,,,,,,,,,,,,,,,,,,,,,,,,,,,,,,,,,,,,,,,,,,,,,,,,,,,,,,,,,,,,,,,,,,,,,,,,,,,,,,,,,,,,,,,,,,,,,,,,,,,,,,,,,,,,,,,,,,,,,,,,,,,,,,
extracted_from_pdf,1ace8a18-50b8-41b0-bdd0-840b325d16f7,Impact absorber Kremsbarrier APD P100 - Impact absorber,EPD-VOE-20240519-IBA1-DE,Institut Bauen und Umwelt e.V. (IBU),EN 15804+A2,2025-01-28,2030-01-27,AT,1 Stk. Anpralldämpfer Kremsbarrier (KB) APD P100 mit einer Masse von 922 kg/Stk.,,,,2080.0,,,,,,,,,,0.0,3.36,0.0,2.16,-1250.0,,,,2070.0,,,,,,,,,,0.0,3.32,0.0,2.15,-1260.0,,,,1.27,,,,,,,,,,0.0,0.00759,0.0,0.00467,7.44,,,,0.873,,,,,,,,,,0.0,0.0311,0.0,0.00219,-0.168,,,,5.22e-06,,,,,,,,,,0.0,4.37e-13,0.0,3.55e-12,1.69e-09,,,,5.17,,,,,,,,,,0.0,0.0119,0.0,0.00691,-3.09,,,,0.0225,,,,,,,,,,0.0,1.23e-05,0.0,1.95e-06,-0.000294,,,,1.11,,,,,,,,,,0.0,0.00546,0.0,0.00174,-0.496,,,,12.0,,,,,,,,,,0.0,0.0613,0.0,0.0191,-4.44,,,,4.25,,,,,,,,,,0.0,0.0108,0.0,0.00544,-2.01,,,,0.00591,,,,,,,,,,0.0,2.23e-07,0.0,5.9e-08,-0.00714,,,,22600.0,,,,,,,,,,0.0,45.7,0.0,32.2,-12500.0,,,,198.0,,,,,,,,,,0.0,0.0406,0.0,-0.0293,-85.1,,,,1230.0,,,,,,,,,,0.0,3.33,0.0,2.89,495.0,,,,174.0,,,,,,,,,,0.0,0.0,0.0,0.0,0.0,,,,1400.0,,,,,,,,,,0.0,3.33,0.0,2.89,495.0,,,,22300.0,,,,,,,,,,0.0,45.9,0.0,32.2,-12500.0,,,,0.0,,,,,,,,,,0.0,0.0,0.0,0.0,0.0,,,,22300.0,,,,,,,,,,0.0,45.9,0.0,32.2,-12500.0,,,,186.0,,,,,,,,,,0.0,0.0,0.0,0.0,726.0,,,,0.0,,,,,,,,,,0.0,0.0,0.0,0.0,0.0,,,,0.0,,,,,,,,,,0.0,0.0,0.0,0.0,0.0,,,,11.9,,,,,,,,,,0.0,0.00365,0.0,0.000363,-128.0,,,,0.011,,,,,,,,,,0.0,1.09e-10,0.0,2.05e-09,-7.24e-05,,,,23.0,,,,,,,,,,0.0,0.00539,0.0,35.5,117.0,,,,0.0793,,,,,,,,,,0.0,6.61e-05,0.0,0.000288,0.00106,,,,,,,,,,,,,,,,,,,,,,,,,,,,,,,,,,,,,,,,,,,,,,,,,,,,,,,,,,,,,,,,,,,,,,,,,,,,,,,,,,,,,,,,,,,,,,,,,,,0,,,,,,,,,,0,0,0,0,0,10.9,,,,,,,,,,0,0,876,0,0,0,,,,,,,,,,0,0,0,0,0,0,,,,,,,,,,0,0,0,0,0,0,,,,,,,,,,0,0,0,0,0
extracted_from_pdf,1b39b1f7-93da-484b-b2f7-2a9d4283e1c2,FIS EM Plus,EPD-FIW-20230530-CBA1-DE,Institut Bauen und Umwelt e.V. (IBU),EN 15804+A2,2024-04-18,2029-04-17,DE,1 kg Injektionsmörtel,,,,4.59,,,,,,,,,,0.00107,0.00441,0.0,0.0149,0.0,,,,4.54,,,,,,,,,,0.00106,0.00437,0.0,0.0148,0.0,,,,0.0568,,,,,,,,,,9.25e-06,0.0,0.0,0.0,0.0,,,,0.00135,,,,,,,,,,1.16e-07,3.96e-05,0.0,4.67e-05,0.0,,,,1.9e-11,,,,,,,,,,1.96e-14,5.56e-16,0.0,3.82e-14,0.0,,,,0.00693,,,,,,,,,,2.27e-06,7.28e-06,0.0,0.000107,0.0,,,,2.93e-05,,,,,,,,,,3.97e-09,1.56e-08,0.0,3.03e-08,0.0,,,,0.00202,,,,,,,,,,5.44e-07,2.87e-06,0.0,2.75e-05,0.0,,,,0.0215,,,,,,,,,,5.68e-06,3.29e-05,0.0,0.000303,0.0,,,,0.00658,,,,,,,,,,1.45e-06,6.5e-06,0.0,8.31e-05,0.0,,,,2.47e-07,,,,,,,,,,1.65e-10,2.83e-10,0.0,6.94e-10,0.0,,,,93.0,,,,,,,,,,0.0224,0.0582,0.0,0.2,0.0,,,,1.28,,,,,,,,,,0.000237,5.17e-05,0.0,0.00165,0.0,,,,18.4,,,,,,,,,,0.0134,0.00424,0.0,0.0326,0.0,,,,2.16,,,,,,,,,,0.0,0.0,0.0,0.0,0.0,,,,20.5,,,,,,,,,,0.0134,0.00424,0.0,0.0326,0.0,,,,99.7,,,,,,,,,,0.0224,0.0585,0.0,0.2,0.0,,,,23.7,,,,,,,,,,0.0,0.0,0.0,0.0,0.0,,,,123.0,,,,,,,,,,0.0224,0.0585,0.0,0.2,0.0,,,,0.0,,,,,,,,,,0.0,0.0,0.0,0.0,0.0,,,,0.0,,,,,,,,,,0.0,0.0,0.0,0.0,0.0,,,,0.0,,,,,,,,,,0.0,0.0,0.0,0.0,0.0,,,,0.0401,,,,,,,,,,1.08e-05,4.64e-06,0.0,5.05e-05,0.0,,,,3.1e-07,,,,,,,,,,-1.75e-12,1.81e-13,0.0,4.36e-12,0.0,,,,0.0668,,,,,,,,,,1.64e-05,8.91e-06,0.0,1.0,0.0,,,,0.00104,,,,,,,,,,3.56e-06,1.09e-07,0.0,2.28e-06,0.0,,,,,,,,,6.46e-08,,,,,,,,,,1.91e-11,4.84e-11,0,1.31e-09,0,0.121,,,,,,,,,,0.000593,1.63e-05,0,0.000264,0,39.0,,,,,,,,,,0.00623,0.0417,0,0.108,0,2.07e-09,,,,,,,,,,3.3e-13,8.47e-13,0,1.68e-11,0,1.38e-07,,,,,,,,,,5.25e-12,3.77e-11,0,1.77e-09,0,31.5,,,,,,,,,,0.00879,0.0243,0,0.0486,0,0,,,,,,,,,,0,0,0,0,0,0.000179,,,,,,,,,,0,0,0,0,0,0,,,,,,,,,,0,0,0,0,0,1.13,,,,,,,,,,0,0,0,0,0,2.02,,,,,,,,,,0,0,0,0,0
extracted_from_pdf,1c22a17e-aca4-4126-9fde-f02c33aa741e,best wood wood fibre insulation boards,EPD-HWS-20230344-IBA2-DE,Institut Bauen und Umwelt e.V. (IBU),EN 15804+A2,2023-09-20,2028-09-19,DE,1 m³ Holzfaser-Dämmplatte mit einer repräsentativen Dichte von 160 kg/m³.,,,,-174.0,1.6,2.09,,,,,,,,0.0,7.12,256.0,0.0,-96.4,,,,78.4,1.59,1.24,,,,,,,,0.0,7.06,4.28,0.0,-96.4,,,,-252.0,0.0,0.851,,,,,,,,0.0,0.0,252.0,0.0,0.0,,,,0.235,0.013,0.00338,,,,,,,,0.0,0.0583,0.00275,0.0,-0.0658,,,,5.72e-08,3.15e-16,5.72e-10,,,,,,,,0.0,1.41e-15,3.8e-14,0.0,-1.08e-12,,,,0.243,0.00172,0.00365,,,,,,,,0.0,0.0378,0.0412,0.0,-0.125,,,,0.00132,4.73e-06,1.37e-05,,,,,,,,0.0,2.12e-05,5.2e-06,0.0,-0.000124,,,,0.0868,0.000553,0.00135,,,,,,,,0.0,0.0183,0.0135,0.0,-0.0356,,,,0.817,0.00655,0.0142,,,,,,,,0.0,0.203,0.196,0.0,-0.381,,,,0.223,0.00149,0.00334,,,,,,,,0.0,0.0356,0.0367,0.0,-0.1,,,,3.06e-05,1.41e-07,3.32e-07,,,,,,,,0.0,6.33e-07,5.79e-07,0.0,-1.58e-05,,,,1730.0,21.2,20.2,,,,,,,,0.0,95.1,63.0,0.0,-1670.0,,,,6.52,0.0148,0.497,,,,,,,,0.0,0.0662,29.9,0.0,-7.18,,,,1290.0,1.22,47.9,,,,,,,,0.0,5.47,2630.0,0.0,-371.0,,,,2630.0,0.0,-8.27,,,,,,,,0.0,0.0,-2620.0,0.0,0.0,,,,3910.0,1.22,39.6,,,,,,,,0.0,5.47,12.2,0.0,-371.0,,,,1460.0,21.3,24.1,,,,,,,,0.0,95.4,323.0,0.0,-1670.0,,,,264.0,0.0,-3.89,,,,,,,,0.0,0.0,-260.0,0.0,0.0,,,,1730.0,21.3,20.2,,,,,,,,0.0,95.4,63.0,0.0,-1670.0,,,,0.0,0.0,0.0,,,,,,,,0.0,0.0,0.0,0.0,0.0,,,,0.0,0.0,0.0,,,,,,,,0.0,0.0,0.0,0.0,0.0,,,,0.0,0.0,0.0,,,,,,,,0.0,0.0,0.0,0.0,0.0,,,,0.639,0.0014,0.0167,,,,,,,,0.0,0.00626,0.704,0.0,-0.362,,,,3.83e-06,1.12e-09,3.87e-08,,,,,,,,0.0,5.03e-09,1.14e-08,0.0,-3.75e-07,,,,1.62,0.00334,0.055,,,,,,,,0.0,0.015,2.08,0.0,-0.778,,,,0.0453,3.86e-05,0.000572,,,,,,,,0.0,0.000173,0.00349,0.0,-0.119,,,,,,,,,4.77e-06,1.17e-08,5.36e-08,0,0,0,0,0,0,0,0,1.49e-07,2.06e-07,0,-1.07e-06,4.14,0.00565,0.0607,0,0,0,0,0,0,0,0,0.0253,0.554,0,-19.5,682.0,15.7,8.56,0,0,0,0,0,0,0,0,70.5,27.2,0,-343.0,2.8e-08,3.18e-10,3.35e-10,0,0,0,0,0,0,0,0,1.43e-09,1.83e-09,0,-1.59e-08,1.72e-06,1.65e-08,1.96e-08,0,0,0,0,0,0,0,0,7.84e-08,6.52e-08,0,-6.27e-07,6220.0,7.29,63.1,0,0,0,0,0,0,0,0,32.7,17.2,0,-255.0,0,0,0,0,0,0,0,0,0,0,0,0,0,0,0,0,0,0,0,0,0,0,0,0,0,0,0,0,0,0,0,0,0,0,0,0,0,0,0,0,0,0,0,0,0,0,0,6.09,0,0,0,0,0,0,0,0,0,419.0,0,0,0,0,10.9,0,0,0,0,0,0,0,0,0,752.0,0,0
extracted_from_pdf,1caeba10-b67e-42c4-b174-d2e2bc8187f7,Overhead Door Closer TS Match Series - Door closer,EPD-DOR-20260198-CBA1-EN,Institut Bauen und Umwelt e.V. (IBU),EN 15804+A2,2026-03-16,2031-03-15,Singapore,"1 piece of the product: Overhead Door Closer TS Match Series consisting of the following items:
• Door closer body
• Cover
• Slide channel
• Arm
• Mounting plate
• Product packaging",,,,24.0,0.251,0.399,,,,,,,,0.0,0.0105,0.458,0.0,-7.64,,,,24.4,0.245,0.00816,,,,,,,,0.0,0.0101,0.458,0.0,-7.62,,,,-0.362,0.00598,0.39,,,,,,,,0.0,0.000437,-2.48e-06,0.0,-0.0151,,,,0.00742,8.91e-06,5.42e-06,,,,,,,,0.0,3.93e-07,2.95e-05,0.0,-0.00147,,,,8.61e-11,2.02e-14,4.78e-14,,,,,,,,0.0,8.76e-16,1.66e-13,0.0,-4.61e-11,,,,0.0987,0.00367,9.75e-05,,,,,,,,0.0,1.11e-05,7.74e-05,0.0,-0.0263,,,,1.28e-05,6.38e-08,1.36e-08,,,,,,,,0.0,2.56e-09,3.87e-08,0.0,-3.55e-06,,,,0.0194,0.000917,3.59e-05,,,,,,,,0.0,3.96e-06,1.71e-05,0.0,-0.00374,,,,0.212,0.0101,0.000446,,,,,,,,0.0,4.49e-05,0.000359,0.0,-0.0403,,,,0.0586,0.00262,9.51e-05,,,,,,,,0.0,1.16e-05,4.77e-05,0.0,-0.0121,,,,7.54e-05,5.91e-09,5.05e-10,,,,,,,,0.0,2.61e-10,1.5e-09,0.0,-2.51e-05,,,,254.0,3.18,0.108,,,,,,,,0.0,0.14,0.228,0.0,-101.0,,,,2.93,0.000471,0.0434,,,,,,,,0.0,2.02e-05,0.0429,0.0,-0.323,,,,46.7,0.0155,3.0,,,,,,,,0.0,0.000675,0.0819,0.0,-40.5,,,,2.97,0.0,-2.97,,,,,,,,0.0,0.0,0.0,0.0,0.0,,,,49.6,0.0155,0.0294,,,,,,,,0.0,0.000675,0.0819,0.0,-40.5,,,,253.0,3.18,0.108,,,,,,,,0.0,0.14,1.13,0.0,-101.0,,,,0.904,0.0,0.0,,,,,,,,0.0,0.0,-0.904,0.0,0.0,,,,254.0,3.18,0.108,,,,,,,,0.0,0.14,0.228,0.0,-101.0,,,,0.649,0.0,0.0,,,,,,,,0.0,0.0,0.0,0.0,1.28,,,,0.0,0.0,0.0,,,,,,,,0.0,0.0,0.0,0.0,0.0,,,,0.0,0.0,0.0,,,,,,,,0.0,0.0,0.0,0.0,0.0,,,,0.0777,1.9e-05,0.00102,,,,,,,,0.0,8.23e-07,0.00103,0.0,-0.121,,,,7.76e-07,9.85e-11,6.14e-11,,,,,,,,0.0,4.32e-12,1.85e-10,0.0,-7.15e-08,,,,4.01,0.000305,0.011,,,,,,,,0.0,1.34e-05,0.0458,0.0,-1.55,,,,0.00246,3.59e-06,5.43e-06,,,,,,,,0.0,1.56e-07,7.16e-06,0.0,-0.00979,,,,,,,,,1.63e-06,6.46e-08,5.36e-10,,,,,,,,0,1.01e-10,8.92e-10,0,-4.14e-07,0.298,0.000492,0.000854,,,,,,,,0,2.13e-05,0.000762,0,-1.98,200.0,2.35,0.0471,,,,,,,,0,0.104,0.0871,0,-21.6,0.00575,4.26e-11,2.8e-12,,,,,,,,0,1.88e-12,7.08e-12,0,-6.32e-08,1.36e-07,1.34e-09,5.53e-11,,,,,,,,0,5.89e-11,5.35e-10,0,-3.17e-08,58.5,0.0111,0.0329,,,,,,,,0,0.000483,0.0748,0,-2.34,0,0,0,,,,,,,,0,0,0,0,0,0.699,0,0,,,,,,,,0,0,1.85,0,0,0,0,0,,,,,,,,0,0,0,0,0,0,0,0.53,,,,,,,,0,0,0.7,0,0,0,0,0.961,,,,,,,,0,0,1.62,0,0
extracted_from_pdf,1d1b24a0-3a43-458e-8be7-6bc8aabe4f41,Extension module 90 30 / 90 31,EPD-DOR-20210195-CBA2-EN,Institut Bauen und Umwelt e.V. (IBU),EN 15804+A2,2021-10-07,2026-10-06,DE,1 piece of the product: Extension module 90 30 / 90 31,,,,2.38,0.013,0.067,,,,,,167.0,,0.0,0.000434,0.112,0.000189,-0.088,,,,2.39,0.013,0.002,,,,,,167.0,,0.0,0.000415,0.112,0.000187,-0.088,,,,-0.0168,0.00056,0.066,,,,,,0.282,,0.0,1.92e-05,2.6e-06,6.4e-07,-0.000172,,,,0.00308,3.01e-07,1.11e-06,,,,,,0.163,,0.0,9.88e-09,6.31e-06,5.39e-07,-7.88e-05,,,,2.19e-10,1.34e-18,1.22e-17,,,,,,2.26e-12,,0.0,4.38e-20,5.63e-17,6.95e-19,-8.09e-16,,,,0.0181,3.54e-05,1.89e-05,,,,,,1.01,,0.0,4.15e-07,1.99e-05,1.34e-06,-0.000495,,,,1.24e-05,2.73e-09,2.38e-09,,,,,,0.000267,,0.0,8.88e-11,8.98e-09,3.22e-10,-1.02e-07,,,,0.00304,9.99e-06,6.82e-06,,,,,,0.148,,0.0,1.32e-07,4.48e-06,3.46e-07,-6.44e-05,,,,0.0334,0.00011,8.51e-05,,,,,,1.6,,0.0,1.47e-06,9.05e-05,3.8e-06,-0.000687,,,,0.00911,2.81e-05,1.81e-05,,,,,,0.43,,0.0,3.74e-07,1.24e-05,1.05e-06,-0.000198,,,,0.00097,3.79e-10,1.92e-10,,,,,,2.97e-05,,0.0,1.25e-11,7.72e-10,1.68e-11,-2.32e-05,,,,29.1,0.179,0.021,,,,,,2400.0,,0.0,0.006,0.052,0.002,-1.75,,,,0.5,2.49e-05,0.008,,,,,,29.5,,0.0,8.13e-07,0.011,1.96e-05,-0.011,,,,8.81,0.000566,0.575,,,,,,796.0,,0.0,1.86e-05,0.162,0.000322,-0.292,,,,0.719,0.0,-0.571,,,,,,0.0,,0.0,0.0,-0.148,0.0,0.0,,,,9.53,0.000566,0.004,,,,,,796.0,,0.0,1.86e-05,0.013,0.000322,-0.292,,,,27.2,0.179,0.021,,,,,,2400.0,,0.0,0.006,2.02,0.002,-1.75,,,,1.97,0.0,0.0,,,,,,0.0,,0.0,0.0,-1.97,0.0,0.0,,,,29.1,0.179,0.021,,,,,,2400.0,,0.0,0.006,0.052,0.002,-1.75,,,,0.0,0.0,0.0,,,,,,0.0,,0.0,0.0,0.0,0.0,0.0,,,,0.0,0.0,0.0,,,,,,0.0,,0.0,0.0,0.0,0.0,0.0,,,,0.0,0.0,0.0,,,,,,0.0,,0.0,0.0,0.0,0.0,0.0,,,,0.013,1.02e-06,0.000197,,,,,,1.1,,0.0,3.33e-08,0.000273,6.2e-07,-0.00035,,,,1.75e-06,1.74e-11,3.14e-11,,,,,,1.27e-06,,0.0,5.71e-13,1.97e-10,3.75e-11,-2.47e-09,,,,0.06,1.83e-05,0.002,,,,,,1.39,,0.0,6.02e-07,0.012,0.012,0.002,,,,0.00056,1.93e-07,1.12e-06,,,,,,0.268,,0.0,6.32e-08,1.92e-06,2.8e-08,-9.38e-05,,,,,,,,,,,,,,,,,,,,,,,,,,,,,,,,,,,,,,,,,,,,,,,,,,,,,,,,,,,,,,,,,,,,,,,,,,,,,,,,,,,,,,,,,,,,,,,,,,,,,,,,,,,,,,,,,,,,,,,,,,,,,,,,,,,,,,,,,,,,,,,,,,,,,,,,,,,,,,,,,,,,,,,,,,,,,
extracted_from_pdf,1d3d4e53-43c7-45d9-9c97-a02c2785ab1c,ADAGIO Acoustic+ (19 mm),EPD-KNA-20240281-IBA1-EN,Institut Bauen und Umwelt e.V. (IBU),EN 15804+A2,2024-11-26,2029-11-25,Germany,1 m² ADAGIO Acoustic+ mineral ceiling tiles with a surface weight of 5.08 kg/m².,,,,3.92,,,,,,,,,,0.0,0.0185,0.0,0.702,0.0,,,,4.82,,,,,,,,,,0.0,0.0183,0.0,0.0752,0.0,,,,-0.906,,,,,,,,,,0.0,4.18e-05,0.0,0.626,0.0,,,,0.00204,,,,,,,,,,0.0,0.000171,0.0,0.000237,0.0,,,,2.4e-10,,,,,,,,,,0.0,2.41e-15,0.0,1.94e-13,0.0,,,,0.0157,,,,,,,,,,0.0,6.56e-05,0.0,0.000541,0.0,,,,8.96e-05,,,,,,,,,,0.0,6.76e-08,0.0,1.54e-07,0.0,,,,0.00379,,,,,,,,,,0.0,3.01e-05,0.0,0.00014,0.0,,,,0.0507,,,,,,,,,,0.0,0.000338,0.0,0.00154,0.0,,,,0.00734,,,,,,,,,,0.0,5.94e-05,0.0,0.000422,0.0,,,,7.11e-07,,,,,,,,,,0.0,1.23e-09,0.0,3.53e-09,0.0,,,,76.8,,,,,,,,,,0.0,0.252,0.0,1.02,0.0,,,,3.17,,,,,,,,,,0.0,0.000224,0.0,0.00838,0.0,,,,1.09,,,,,,,,,,0.0,0.0183,0.0,0.166,0.0,,,,10.4,,,,,,,,,,0.0,0.0,0.0,0.0,0.0,,,,11.5,,,,,,,,,,0.0,0.0183,0.0,0.166,0.0,,,,76.2,,,,,,,,,,0.0,0.253,0.0,1.02,0.0,,,,0.612,,,,,,,,,,0.0,0.0,0.0,0.0,0.0,,,,76.8,,,,,,,,,,0.0,0.253,0.0,1.02,0.0,,,,0.853,,,,,,,,,,0.0,0.0,0.0,0.0,0.0,,,,0.0,,,,,,,,,,0.0,0.0,0.0,0.0,0.0,,,,0.0,,,,,,,,,,0.0,0.0,0.0,0.0,0.0,,,,2.59,,,,,,,,,,0.0,2.01e-05,0.0,0.000257,0.0,,,,1.27e-05,,,,,,,,,,0.0,7.83e-13,0.0,2.21e-11,0.0,,,,0.471,,,,,,,,,,0.0,3.86e-05,0.0,5.08,0.0,,,,0.00173,,,,,,,,,,0.0,4.73e-07,0.0,1.16e-05,0.0,,,,,,,,,1.49e-07,,,,,,,,,,0,3.93e-10,0,6.66e-09,0,0.194,,,,,,,,,,0,7.06e-05,0,0.00134,0,13.7,,,,,,,,,,0,0.181,0,0.55,0,2.08e-09,,,,,,,,,,0,3.66e-12,0,8.53e-11,0,4.94e-08,,,,,,,,,,0,1.63e-10,0,9.01e-09,0,56.5,,,,,,,,,,0,0.105,0,0.247,0,0,,,,,,,,,,0,0,0,0,0,0,,,,,,,,,,0,0,0,0,0,0,,,,,,,,,,0,0,0,0,0,0,,,,,,,,,,0,0,0,0,0,0,,,,,,,,,,0,0,0,0,0
extracted_from_pdf,1d9ca1d8-7ff3-4533-b828-a4c96bf31066,gypsum fibre board,EPD-JAM-20220071-CBD1-DE,Institut Bauen und Umwelt e.V. (IBU),EN 15804+A2,2022-10-17,2027-10-16,"Münchehof, Siglingen, Wijchen/Niederlande, Orejo/Spanien",1 m² fermacell® Gipsfaser-Platte,,,,-0.458,0.116,0.0721,,,,,,,,0.0,0.0581,0.196,3.44,-0.0857,,,,3.12,0.111,0.00387,,,,,,,,0.0,0.0555,0.196,0.061,-0.0855,,,,-3.58,0.00513,0.0683,,,,,,,,0.0,0.00256,0.00011,3.38,6.45e-05,,,,0.00107,2.64e-06,1.31e-06,,,,,,,,0.0,1.32e-06,3.36e-05,0.000179,-0.000227,,,,2.49e-14,1.17e-17,1.61e-17,,,,,,,,0.0,5.84e-18,2.21e-15,2.37e-16,-9.93e-17,,,,0.00312,0.000104,1.3e-05,,,,,,,,0.0,5.17e-05,0.000317,0.000434,-0.000194,,,,1.15e-06,2.38e-08,2.21e-09,,,,,,,,0.0,1.18e-08,7.89e-08,1.02e-07,-1.07e-07,,,,0.00115,3.16e-05,3.6e-06,,,,,,,,0.0,1.58e-05,8.39e-05,0.000113,-6.97e-05,,,,0.0127,0.000351,6.24e-05,,,,,,,,0.0,0.000175,0.000899,0.00124,-0.000783,,,,0.00332,9.27e-05,9.45e-06,,,,,,,,0.0,4.62e-05,0.000238,0.000342,-0.000184,,,,1.95e-07,3.33e-09,2.3e-10,,,,,,,,0.0,1.66e-09,2.43e-08,5.76e-09,-4.66e-09,,,,50.7,1.57,0.0171,,,,,,,,0.0,0.785,4.07,0.809,-1.15,,,,0.347,0.000218,0.00734,,,,,,,,0.0,0.000108,0.0157,0.00655,-0.00395,,,,3.62,0.00496,0.00392,,,,,,,,0.0,0.00248,0.419,0.109,-0.0496,,,,32.3,0.0,-0.558,,,,,,,,0.0,0.0,-31.7,0.0,0.0,,,,35.9,0.00496,-0.555,,,,,,,,0.0,0.00248,-31.3,0.109,-0.0496,,,,50.7,1.58,0.0171,,,,,,,,0.0,0.786,4.07,0.81,-1.15,,,,0.008,0.0,-0.008,,,,,,,,0.0,0.0,0.0,0.0,0.0,,,,50.7,1.58,0.00916,,,,,,,,0.0,0.786,4.07,0.81,-1.15,,,,2.52,0.0,0.0,,,,,,,,0.0,0.0,0.0,0.0,8.19,,,,0.0,0.0,0.0,,,,,,,,0.0,0.0,0.0,0.0,0.0,,,,0.0,0.0,0.0,,,,,,,,0.0,0.0,0.0,0.0,0.0,,,,0.0125,8.9e-06,0.000173,,,,,,,,0.0,4.44e-06,0.000916,0.0002,-0.00014,,,,9.09e-09,1.53e-10,3.81e-12,,,,,,,,0.0,7.62e-11,4.89e-10,8.6e-11,-2.11e-08,,,,0.0198,0.000161,0.000484,,,,,,,,0.0,8.04e-05,0.000764,4.04,-0.000305,,,,0.00173,1.69e-06,4.81e-07,,,,,,,,0.0,8.44e-07,0.000658,8.5e-06,-3.14e-05,,,,,,,,,1.15e-07,5.63e-10,6.97e-11,,,,,,,,0.0,2.81e-10,2.89e-09,5.4e-09,-5.11e-08,0.126,0.000242,4.45e-05,,,,,,,,0.0,0.000121,0.0962,0.000894,-0.00315,7.53,1.12,0.00679,,,,,,,,0.0,0.557,1.25,0.461,-0.408,4.84e-10,2.1e-11,4.84e-13,,,,,,,,0.0,1.05e-11,2.09e-11,6.8e-11,-1.06e-11,3.19e-08,8.92e-10,1.82e-11,,,,,,,,0.0,4.45e-10,1.15e-09,7.51e-09,-6.25e-10,31.6,0.00405,0.00504,,,,,,,,0.0,0.00202,0.337,0.163,-0.138,0.0,0.0,0.0,,,,,,,,0.0,0.0,0.0,0.0,0.0,0.0,0.0,0.0,,,,,,,,0.0,0.0,10.7,0.0,0.0,0.0,0.0,0.0,,,,,,,,0.0,0.0,0.0,0.0,0.0,0.0,0.0,0.0891,,,,,,,,0.0,0.0,0.0,0.0,0.0,0.0,0.0,0.209,,,,,,,,0.0,0.0,0.0,0.0,0.0
extracted_from_pdf,1df72aa3-4f18-4ffd-994b-e4b984154e47,Steel strip made from scrap-based electrical steel,EPD-SAL-20230558-IBA1-DE,Institut Bauen und Umwelt e.V. (IBU),EN 15804+A2,2024-01-30,2029-01-29,DE,1 T onne Bandblech aus schrottbasiertem Elektrostahl,,,,686.0,,,,,,,,,,0.0,8.95,22.7,0.0,-36.4,,,,685.0,,,,,,,,,,0.0,8.93,22.3,0.0,-36.3,,,,1.25,,,,,,,,,,0.0,-0.0328,0.389,0.0,-0.0664,,,,0.161,,,,,,,,,,0.0,0.0533,0.00353,0.0,-0.00852,,,,1.23e-06,,,,,,,,,,0.0,1.56e-12,6.07e-10,0.0,-6.5e-08,,,,1.7,,,,,,,,,,0.0,0.0454,0.0339,0.0,-0.0902,,,,0.0118,,,,,,,,,,0.0,2.08e-05,0.000133,0.0,-0.000626,,,,0.578,,,,,,,,,,0.0,0.0221,0.0111,0.0,-0.0306,,,,6.29,,,,,,,,,,0.0,0.246,0.115,0.0,-0.333,,,,1.56,,,,,,,,,,0.0,0.0431,0.0266,0.0,-0.0827,,,,0.000101,,,,,,,,,,0.0,6.31e-07,4.05e-06,0.0,-5.34e-06,,,,8770.0,,,,,,,,,,0.0,121.0,313.0,0.0,-465.0,,,,40.4,,,,,,,,,,0.0,0.0463,0.636,0.0,-2.14,,,,1080.0,,,,,,,,,,0.0,7.81,294.0,0.0,-57.4,,,,0.0,,,,,,,,,,0.0,0.0,0.0,0.0,0.0,,,,1080.0,,,,,,,,,,0.0,7.81,294.0,0.0,-57.4,,,,8780.0,,,,,,,,,,0.0,121.0,313.0,0.0,-465.0,,,,0.0,,,,,,,,,,0.0,0.0,0.0,0.0,0.0,,,,8780.0,,,,,,,,,,0.0,121.0,313.0,0.0,-465.0,,,,1070.0,,,,,,,,,,0.0,0.0,0.0,0.0,-56.9,,,,0.0,,,,,,,,,,0.0,0.0,0.0,0.0,0.0,,,,0.0,,,,,,,,,,0.0,0.0,0.0,0.0,0.0,,,,2.6,,,,,,,,,,0.0,0.00711,0.103,0.0,-0.138,,,,0.916,,,,,,,,,,0.0,3.24e-10,-6.11e-08,0.0,-0.0485,,,,63.6,,,,,,,,,,0.0,0.0176,0.287,0.0,-3.37,,,,0.571,,,,,,,,,,0.0,0.000126,0.0305,0.0,-0.0303,,,,,,,,,,,,,,,,,,,,,,,,,,,,,,,,,,,,,,,,,,,,,,,,,,,,,,,,,,,,,,,,,,,,,,,,,,,,,,,,,,,,,,,,,,,,,,,,,,,0,,,,,,,,,,0,0,53.0,0,0,0,,,,,,,,,,0,0,916.0,0,0,0,,,,,,,,,,0,0,0,0,0,0,,,,,,,,,,0,0,0,0,22.3,173.0,,,,,,,,,,0,0,0,0,0
extracted_from_pdf,1ea38afe-ecbf-43b6-8112-40cd5d1e770b,"EcoWorx S™ Carpet Tile with EcoSolution Q®, Solution Q®, or Solution Q Extreme® Face Fibre",EPD-SHA-20230441-CBA1-EN,Institut Bauen und Umwelt e.V. (IBU),EN 15804+A2,2023-11-06,2028-11-05,UK,1 m2 of installed EcoWorx STM Carpet Tile,,,,8.68,0.177,0.554,0.000254,0.289,,,,,,0.0,0.0368,0.0,0.191,0.0398,,,,9.01,0.176,0.558,0.000254,0.286,,,,,,0.0,0.0367,0.0,0.193,0.0357,,,,-0.339,-0.000243,-0.00419,0.0,0.00305,,,,,,0.0,-5.07e-05,0.0,-0.00205,0.00411,,,,0.00274,0.000981,0.00023,0.0,6.06e-05,,,,,,0.0,0.000205,0.0,9.38e-05,1.14e-05,,,,8.28e-09,1.05e-14,4.36e-10,0.0,4.19e-12,,,,,,0.0,2.2e-15,0.0,2.59e-13,1.87e-14,,,,0.0253,0.000181,0.00173,0.0,0.000629,,,,,,0.0,3.78e-05,0.0,0.000571,7.57e-05,,,,1.92e-05,5.25e-07,1.48e-05,0.0,1.4e-06,,,,,,0.0,1.1e-07,0.0,3.6e-05,3e-08,,,,0.00708,5.93e-05,0.000443,0.0,0.000143,,,,,,0.0,1.24e-05,0.0,0.000126,2.43e-05,,,,0.0719,0.000706,0.00519,0.0,0.00148,,,,,,0.0,0.000147,0.0,0.00139,0.000205,,,,0.022,0.00016,0.00148,1.41e-05,0.000382,,,,,,0.0,3.33e-05,0.0,0.000406,7.39e-05,,,,4.01e-06,1.47e-08,2.36e-07,0.0,7.8e-08,,,,,,0.0,3.07e-09,0.0,1.34e-08,2.53e-09,,,,199.0,2.35,11.7,0.0,5.19,,,,,,0.0,0.49,0.0,2.73,0.629,,,,1.03,0.00158,0.124,0.0,0.0654,,,,,,0.0,0.000329,0.0,-0.0019,-0.00132,,,,10.5,0.141,5.1,0.0,2.88,,,,,,0.0,0.0279,0.0,0.225,-0.0535,,,,5.31,0.0,-4.19,0.0,0.0,,,,,,0.0,0.0,0.0,0.0,0.0,,,,15.8,0.141,0.916,0.0,2.88,,,,,,0.0,0.0279,0.0,0.225,-0.0535,,,,162.0,2.48,1.51,0.0,5.19,,,,,,0.0,0.491,0.0,2.74,0.63,,,,51.6,0.0,-0.317,0.0,0.0,,,,,,0.0,0.0,0.0,0.0,0.0,,,,212.0,2.48,1.19,0.0,5.19,,,,,,0.0,0.491,0.0,2.74,0.63,,,,0.785,0.0,0.0413,0.0,0.0,,,,,,0.0,0.0,0.0,0.0,-0.826,,,,0.0,0.0,0.0,0.0,0.0,,,,,,0.0,0.0,0.0,0.0,0.0,,,,0.0,0.0,0.0,0.0,0.0,,,,,,0.0,0.0,0.0,0.0,0.0,,,,0.0364,0.000151,0.00998,0.0,0.00275,,,,,,0.0,3.15e-05,0.0,3.54e-05,4.11e-06,,,,1.02e-08,1.13e-11,2.97e-09,0.0,4.49e-10,,,,,,0.0,2.35e-12,0.0,4.22e-10,6.92e-11,,,,0.281,0.000338,0.186,0.0,0.00477,,,,,,0.0,7.04e-05,0.0,2.71,-8.1e-05,,,,0.00435,2.9e-06,0.000248,0.0,0.00083,,,,,,0.0,6.05e-07,0.0,3.36e-05,-1.12e-05,,,,,,,,,2.5e-07,1.05e-09,1.79e-08,0,5.21e-09,,,,,,0,2.18e-10,0,5.49e-09,5.33e-09,0.413,0.000426,0.0242,0,0.141,,,,,,0,8.87e-05,0,0.00496,-0.000914,91.1,1.63,5.75,0.000115,2.35,,,,,,0,0.34,0,2.68,0.317,2.1e-09,3.29e-11,1.44e-10,0,6.79e-11,,,,,,0,6.86e-12,0,1.2e-10,9.5e-12,6.8e-08,1.71e-09,5.56e-09,3.07e-12,2.65e-09,,,,,,0,3.56e-10,0,1.01e-08,3.68e-10,12.2,0.81,11.0,0,1.87,,,,,,0,0.169,0,0.197,-0.584,0,0,0,0,0,,,,,,0,0,0,0,0,0,0,0.181,0,0,,,,,,0,0,0,0,0,0,0,0,0,0,,,,,,0,0,0,0,0,0,0,0.0637,0,0,,,,,,0,0,0,0,0,0,0,0.0977,0,0,,,,,,0,0,0,0,0
extracted_from_pdf,1f7d7833-7309-4387-9609-8be234332f68,Duripanel A2,EPD-ETE-20200284-IBC1-EN,Institut Bauen und Umwelt e.V. (IBU),EN 15804+A2,2021-04-01,2026-03-31,DE,1 m² Duripanel A2 with thickness 19mm.,,,,17.3,0.612,4.17,0.0,0.0,,,,0.0,0.0,0.0303,0.1,,,,,,,22.5,0.608,2.82,0.0,0.0,,,,0.0,0.0,0.0302,0.0993,,,,,,,-5.2,-0.00102,1.35,0.0,0.0,,,,0.0,0.0,0.000101,-0.000167,,,,,,,0.00697,0.00492,0.00114,0.0,0.0,,,,0.0,0.0,4.38e-05,0.000804,,,,,,,8.17e-14,1.12e-16,1.15e-14,0.0,0.0,,,,0.0,0.0,6.64e-16,1.82e-17,,,,,,,0.0266,0.000702,0.00418,0.0,0.0,,,,0.0,0.0,6.66e-05,0.000115,,,,,,,3.75e-05,1.85e-06,2.37e-05,0.0,0.0,,,,0.0,0.0,8.06e-08,3.03e-07,,,,,,,0.00886,0.000216,0.00141,0.0,0.0,,,,0.0,0.0,1.48e-05,3.53e-05,,,,,,,0.0964,0.00256,0.014,0.0,0.0,,,,0.0,0.0,0.000156,0.000419,,,,,,,0.027,0.000582,0.00416,0.0,0.0,,,,0.0,0.0,4.06e-05,9.51e-05,,,,,,,9.88e-07,4.91e-08,2.19e-05,0.0,0.0,,,,0.0,0.0,8.74e-09,8.03e-09,,,,,,,146.0,8.11,19.8,0.0,0.0,,,,0.0,0.0,0.531,1.33,,,,,,,0.383,0.00593,0.165,0.0,0.0,,,,0.0,0.0,0.00658,0.000968,,,,,,,26.7,0.469,17.6,0.0,0.0,,,,0.0,0.0,0.235,0.0766,,,,,,,54.2,0.0,-8.49,0.0,0.0,,,,0.0,0.0,0.0,0.0,,,,,,,80.9,0.469,9.11,0.0,0.0,,,,0.0,0.0,0.235,0.0766,,,,,,,146.0,8.14,20.4,0.0,0.0,,,,0.0,0.0,0.531,1.33,,,,,,,0.562,0.0,-0.562,0.0,0.0,,,,0.0,0.0,0.0,0.0,,,,,,,146.0,8.14,19.8,0.0,0.0,,,,0.0,0.0,0.531,1.33,,,,,,,0.0,0.0,0.149,0.0,0.0,,,,0.0,0.0,0.0,0.0,,,,,,,0.0,0.0,0.0,0.0,0.0,,,,0.0,0.0,0.0,0.0,,,,,,,0.0,0.0,0.0,0.0,0.0,,,,0.0,0.0,0.0,0.0,,,,,,,0.018,0.000546,0.00552,0.0,0.0,,,,0.0,0.0,0.000272,8.93e-05,,,,,,,3.45e-07,3.76e-07,4.56e-08,0.0,0.0,,,,0.0,0.0,2.2e-10,6.15e-08,,,,,,,3.79,0.00129,2.82,0.0,0.0,,,,0.0,0.0,0.000377,0.000211,,,,,,,0.00179,1.5e-05,0.000392,0.0,0.0,,,,0.0,0.0,8.06e-05,2.45e-06,,,,,,,,,,,,5.28e-07,4.66e-09,6.85e-08,0.0,0.0,,,,0.0,0.0,5.59e-10,7.61e-10,,,,0.179,0.00221,0.0445,0.0,0.0,,,,0.0,0.0,0.0132,0.000362,,,,68.4,6.07,9.4,0.0,0.0,,,,0.0,0.0,0.227,0.991,,,,2.19e-09,1.25e-10,6.63e-10,0.0,0.0,,,,0.0,0.0,6.27e-12,2.05e-11,,,,1.7e-07,6.4e-09,2.87e-08,0.0,0.0,,,,0.0,0.0,2.31e-10,1.05e-09,,,,588.0,2.85,59.8,0.0,0.0,,,,0.0,0.0,0.169,0.465,,,,0.0,0.0,0.0,0.0,0.0,,,,0.0,0.0,0.0,0.0,,,,1.19,0.0,0.126,0.0,0.0,,,,0.0,0.0,0.0,0.0,,,,0.236,0.0,0.0236,0.0,0.0,,,,0.0,0.0,0.0,0.0,,,,0.00281,0.0,1.79,0.0,0.0,,,,0.0,0.0,0.0,0.0,,,,0.00648,0.0,2.76,0.0,0.0,,,,0.0,0.0,0.0,0.0,,,
extracted_from_pdf,20c24cbe-4c17-45f6-9539-144d43099b25,Access manager 92 00,EPD-DOR-20210193-CBA2-EN,Institut Bauen und Umwelt e.V. (IBU),EN 15804+A2,2021-10-07,2026-10-06,DE,1 piece of the product: Access manager 92 00,,,,5.92,0.0172,0.102,,,,,,413.0,,,0.000782,0.22,6.87e-05,-0.359,,,,5.93,0.0165,0.00254,,,,,,411.0,,,0.000747,0.22,6.83e-05,-0.359,,,,-0.0166,0.000726,0.099,,,,,,0.816,,,3.45e-05,5.13e-06,2.33e-07,0.000305,,,,0.00899,3.9e-07,1.67e-06,,,,,,0.578,,,1.78e-08,1.25e-05,1.96e-07,-0.000483,,,,7.77e-10,1.73e-18,1.83e-17,,,,,,6.2e-12,,,7.89e-20,1.11e-16,2.53e-19,-2.1e-15,,,,0.0333,4.58e-05,2.84e-05,,,,,,1.83,,,7.48e-07,3.92e-05,4.9e-07,-0.00434,,,,4.3e-05,3.54e-09,3.58e-09,,,,,,0.000783,,,1.6e-10,1.77e-08,1.17e-10,-3.21e-07,,,,0.00584,1.29e-05,1.03e-05,,,,,,0.3,,,2.38e-07,8.85e-06,1.26e-07,-0.000339,,,,0.0622,0.000143,0.000128,,,,,,3.23,,,2.64e-06,0.000179,1.38e-06,-0.00365,,,,0.0171,3.63e-05,2.72e-05,,,,,,0.867,,,6.73e-07,2.45e-05,3.82e-07,-0.00113,,,,0.0114,0.232,0.032,,,,,,6190.0,,,0.0106,0.102,0.000896,-4.93,,,,72.7,4.91e-10,2.89e-10,,,,,,8.48e-05,,,2.24e-11,1.52e-09,6.13e-12,-0.000195,,,,1.42,3.22e-05,0.0126,,,,,,87.4,,,1.46e-06,0.0225,7.16e-06,-0.126,,,,17.3,0.000733,0.865,,,,,,2320.0,,,3.34e-05,0.0446,0.000117,-0.78,,,,0.877,0.0,-0.859,,,,,,0.0,,,0.0,-0.018,0.0,0.0,,,,18.2,0.000733,0.00582,,,,,,2320.0,,,3.34e-05,0.0266,0.000117,-0.78,,,,69.0,0.232,0.0321,,,,,,6200.0,,,0.0106,3.86,0.000896,-4.93,,,,3.76,0.0,0.0,,,,,,0.0,,,0.0,-3.76,0.0,0.0,,,,72.7,0.232,0.0321,,,,,,6200.0,,,0.0106,0.102,0.000896,-4.93,,,,0.0,0.0,0.0,,,,,,0.0,,,0.0,0.0,0.0,0.0,,,,0.0,0.0,0.0,,,,,,0.0,,,0.0,0.0,0.0,0.0,,,,0.0,0.0,0.0,,,,,,0.0,,,0.0,0.0,0.0,0.0,,,,0.0366,1.32e-06,0.000296,,,,,,3.16,,,5.99e-08,0.000539,2.26e-07,-0.00249,,,,6.15e-06,2.26e-11,4.72e-11,,,,,,2.87e-06,,,1.03e-12,3.89e-10,1.37e-11,-1.32e-08,,,,0.207,2.38e-05,0.00318,,,,,,3.87,,,1.08e-06,0.0229,0.0045,-0.0539,,,,0.00167,2.5e-07,1.68e-06,,,,,,0.718,,,1.14e-08,3.79e-06,1.02e-08,-0.000167,,,,,,,,,3.35e-07,5.97e-10,1.57e-10,,,,,,2.56e-05,,,3.93e-12,5.01e-10,6.06e-12,-3.51e-08,0.161,3.57e-05,0.000261,,,,,,116.0,,,1.63e-06,0.000342,1.05e-06,-0.0261,39.1,0.165,0.0152,,,,,,2280.0,,,0.00751,0.0383,0.000512,-2.27,1.94e-09,3.1e-12,8.04e-13,,,,,,8.34e-08,,,1.41e-13,3.32e-12,7.58e-14,-1.53e-10,1.09e-07,1.33e-10,3.49e-11,,,,,,3.32e-06,,,6.04e-12,3.36e-10,8.36e-12,-1.22e-08,24.0,0.000598,0.0085,,,,,,1710.0,,,2.72e-05,0.0306,0.000187,-2.1,0,0,0,,,,,,0,,,0,0,0,0,0,0,0,,,,,,0,,,0,0.0876,0,0,0,0,0,,,,,,0,,,0,0,0,0,0.107,0,0.154,,,,,,0,,,0,0,0,0,0.195,0,0.279,,,,,,0,,,0,0,0,0
extracted_from_pdf,218b6cff-090c-418c-b96e-f2e9e9a79839,"Tufted tiles, Polyamid 6 with a maximum total pile weight of 592 g/m2 , a CQuest Bio heavy backing and a PET acoustic cover Sone",EPD-INT-20220228-CBB1-EN,Institut Bauen und Umwelt e.V. (IBU),EN 15804+A2,2023-02-17,2028-02-16,Europe,1 m² tufted modular carpet tiles with Sone acoustic felt covered CQuest Bio (CQB) heavy backing and a pile material of PA 6,,,,7.51,0.242,0.449,0.0,0.416,,,,,,0.0,0.0134,,,-0.0381,,,,8.56,0.237,0.424,0.0,0.215,,,,,,0.0,0.0131,,,-0.0379,,,,-1.05,0.00307,0.0241,0.0,0.00416,,,,,,0.0,0.00017,,,-0.000194,,,,0.00537,0.00134,0.000212,0.0,0.196,,,,,,0.0,7.43e-05,,,-4.16e-06,,,,1.17e-08,1.44e-14,3.52e-10,0.0,3.42e-08,,,,,,0.0,7.98e-16,,,-2.56e-13,,,,0.018,0.00143,0.000689,0.0,0.000832,,,,,,0.0,7.93e-05,,,-4.98e-05,,,,9.93e-05,7.19e-07,3.03e-06,0.0,5.19e-06,,,,,,0.0,3.98e-08,,,-5.2e-08,,,,0.00513,0.000704,0.000225,0.0,0.000197,,,,,,0.0,3.89e-05,,,-1.35e-05,,,,0.0507,0.00779,0.00232,0.0,0.00283,,,,,,0.0,0.000431,,,-0.000145,,,,0.0149,0.00133,0.000616,0.000418,0.000983,,,,,,0.0,7.36e-05,,,-3.78e-05,,,,2.17e-06,2.01e-08,6.65e-08,0.0,2.3e-07,,,,,,0.0,1.11e-09,,,-5.71e-09,,,,163.0,3.22,5.08,0.0,5.9,,,,,,0.0,0.178,,,-0.644,,,,12.6,0.00215,0.397,0.0,0.0999,,,,,,0.0,0.000119,,,-0.00398,,,,37.2,0.183,1.81,0.0,3.69,,,,,,0.0,0.0101,,,-0.177,,,,13.7,0.0,-0.26,0.0,0.0,,,,,,0.0,0.0,,,0.0,,,,50.9,0.183,1.55,0.0,3.69,,,,,,0.0,0.0101,,,-0.177,,,,138.0,3.23,5.47,0.0,5.9,,,,,,0.0,0.179,,,-0.644,,,,24.8,0.0,-0.396,0.0,0.0,,,,,,0.0,0.0,,,0.0,,,,163.0,3.23,5.08,0.0,5.9,,,,,,0.0,0.179,,,-0.644,,,,2.67,0.0,0.0802,0.0,0.0,,,,,,0.0,0.0,,,0.0,,,,0.0,0.0,0.0,0.0,0.0,,,,,,0.0,0.0,,,0.0,,,,0.0,0.0,0.0,0.0,0.0,,,,,,0.0,0.0,,,0.0,,,,0.318,0.000207,0.01,0.0,0.00334,,,,,,0.0,1.14e-05,,,-0.000169,,,,2.03e-07,1.55e-11,6.1e-09,0.0,4.19e-05,,,,,,0.0,8.55e-13,,,-8.73e-11,,,,0.223,0.000462,0.0397,0.0,0.0073,,,,,,0.0,2.56e-05,,,-0.000325,,,,0.00451,3.97e-06,0.000139,0.0,0.000376,,,,,,0.0,2.2e-07,,,-5.06e-05,,,,,,,,,1.45e-07,8.29e-09,5.19e-09,0,6.84e-08,,,,,,0,4.58e-10,,,-4.12e-10,0.719,0.000582,0.0221,0,0.0678,,,,,,0,3.22e-05,,,-0.00857,132,2.23,4.08,0.0036,2.69,,,,,,0,0.124,,,-0.141,2.67e-09,4.52e-11,8.37e-11,0,6.21e-10,,,,,,0,2.5e-12,,,-6.49e-12,1.07e-07,2.68e-09,3.44e-09,2.6e-11,9.46e-09,,,,,,0,1.48e-10,,,-2.49e-10,,,,,,,,,,,0,0.0611,,,,0,0,0,0,0,,,,,,0,0,,,0,0,0,0.121,0,0,,,,,,0,0,,,0,0,0,0,0,0,,,,,,0,0,,,0,0,0,0.205,0,0,,,,,,0,0,,,0,0,0,0.38,0,0,,,,,,0,0,,,0
extracted_from_pdf,25051eb9-043c-4920-a773-1fe9932cd81e,"Tufted wall-to-wall carpet, 95% recycled polyamide 6 with a maximum total pile weight of 1215 g/m2 and a foam backing",EPD-DAN-20220310-CBA1-EN,Institut Bauen und Umwelt e.V. (IBU),EN 15804+A2,31.01.2023,30.01.2028,DK,"1 m² tufted wall-to-wall carpet, PA 6 pile material with a SBR based foam backing",,,,5.62,0.203,1.12,0.0,0.416,,,,,,0.0,0.0114,,,-0.0351,,,,5.66,0.199,0.952,0.0,0.215,,,,,,0.0,0.0112,,,-0.0349,,,,-0.0501,0.00258,0.172,0.0,0.00416,,,,,,0.0,0.000145,,,-0.000172,,,,0.00929,0.00113,0.000955,0.0,0.196,,,,,,0.0,6.33e-05,,,-3.68e-06,,,,1.43e-08,1.21e-14,1.28e-09,0.0,3.42e-08,,,,,,0.0,6.8e-16,,,-2.24e-13,,,,0.0205,0.0012,0.00247,0.0,0.000832,,,,,,0.0,6.76e-05,,,-4.45e-05,,,,6.47e-05,6.04e-07,5.93e-06,0.0,5.19e-06,,,,,,0.0,3.39e-08,,,-4.56e-08,,,,0.0073,0.000591,0.000966,0.0,0.000197,,,,,,0.0,3.32e-05,,,-1.22e-05,,,,0.068,0.00654,0.00955,0.0,0.00283,,,,,,0.0,0.000367,,,-0.000131,,,,0.0176,0.00112,0.00234,0.000418,0.000983,,,,,,0.0,6.27e-05,,,-3.43e-05,,,,1.5e-06,1.69e-08,1.39e-07,0.0,2.3e-07,,,,,,0.0,9.49e-10,,,-5.07e-09,,,,105.0,2.7,9.95,0.0,5.9,,,,,,0.0,0.152,,,-0.591,,,,6.98,0.00181,0.683,0.0,0.0999,,,,,,0.0,0.000102,,,-0.00348,,,,63.4,0.154,5.86,0.0,3.69,,,,,,0.0,0.00862,,,-0.155,,,,0.097,0.0,-0.097,0.0,0.0,,,,,,0.0,0.0,,,0.0,,,,63.5,0.154,5.77,0.0,3.69,,,,,,0.0,0.00862,,,-0.155,,,,87.2,2.71,10.4,0.0,5.9,,,,,,0.0,0.152,,,-0.592,,,,18.1,0.0,-0.46,0.0,0.0,,,,,,0.0,0.0,,,0.0,,,,105.0,2.71,9.97,0.0,5.9,,,,,,0.0,0.152,,,-0.592,,,,1.46,0.0,0.131,0.0,0.0,,,,,,0.0,0.0,,,0.0,,,,0.0,0.0,0.0,0.0,0.0,,,,,,0.0,0.0,,,0.0,,,,0.0,0.0,0.0,0.0,0.0,,,,,,0.0,0.0,,,0.0,,,,0.167,0.000174,0.0163,0.0,0.00334,,,,,,0.0,9.75e-06,,,-0.000148,,,,0.00357,1.3e-11,0.000321,0.0,4.19e-05,,,,,,0.0,7.28e-13,,,-8.15e-11,,,,0.735,0.000388,0.131,0.0,0.0073,,,,,,0.0,2.18e-05,,,-0.000292,,,,0.00132,3.34e-06,0.000127,0.0,0.000376,,,,,,0.0,1.87e-07,,,-4.43e-05,,,,,,,,,1.52e-07,6.96e-09,1.62e-08,0.0,6.84e-08,,,,,,0.0,3.91e-10,,,-3.69e-10,0.209,0.000489,0.0201,0.0,0.0678,,,,,,0.0,2.74e-05,,,-0.0075,52.7,1.88,5.03,0.0036,2.69,,,,,,0.0,0.105,,,-0.124,3.19e-09,3.79e-11,2.96e-10,0.0,6.21e-10,,,,,,0.0,2.13e-12,,,-5.89e-12,1.53e-07,2.25e-09,1.44e-08,2.6e-11,9.46e-09,,,,,,0.0,1.26e-10,,,-2.27e-10,,,,,,,,,,,,,,,,0.0,0.0,0.0,0.0,0.0,,,,,,0.0,0.0,,,0.0,0.0316,0.0,0.0527,0.0,0.0,,,,,,0.0,0.0,,,0.0,0.0,0.0,0.0,0.0,0.0,,,,,,0.0,0.0,,,0.0,0.0,0.0,0.67,0.0,0.0,,,,,,0.0,0.0,,,0.0,0.0,0.0,1.23,0.0,0.0,,,,,,0.0,0.0,,,0.0
extracted_from_pdf,269ca088-efc3-4213-979d-ebfab4992763,Refurbished Raised floor panel Lindner LOOP prime and LOOP aurum - Aufbereitete Gipsfaser-Raumbodenplatte,EPD-LIN-20240490-CBB1-EN,Institut Bauen und Umwelt e.V. (IBU),EN 15804+A2,2025-06-11,2030-06-10,Germany,1 m² of refurbished raised floor panel LOOP prime/LOOP aurum,,,,1.43,0.488,0.124,,,,,,,,0.0346,0.477,0.814,0.046,-0.0703,,,,1.4,0.487,0.00179,,,,,,,,0.0346,0.477,0.814,0.0469,-0.0697,,,,0.0183,-0.00219,0.122,,,,,,,,4.13e-06,-0.00215,9.7e-05,-0.00112,-0.00056,,,,0.00364,0.00293,4.11e-07,,,,,,,,5.1e-06,0.00287,0.00012,0.000195,-6.96e-06,,,,6.18e-13,1.21e-13,1.05e-14,,,,,,,,2.07e-15,1.18e-13,4.86e-14,8.23e-14,-9.78e-13,,,,0.00187,0.000652,1.73e-05,,,,,,,,4.13e-05,0.000638,0.000971,0.00024,-7.49e-05,,,,1.6e-06,1.15e-06,2.96e-09,,,,,,,,3.49e-09,1.13e-06,8.21e-08,1.01e-07,-2.16e-07,,,,0.000662,0.000244,4.97e-06,,,,,,,,1.37e-05,0.000238,0.000323,6.46e-05,-2.72e-05,,,,0.00741,0.00288,7.17e-05,,,,,,,,0.000149,0.00282,0.00351,0.000718,-0.000288,,,,0.00198,0.000578,1.37e-05,,,,,,,,3.79e-05,0.000566,0.000891,0.00019,-6.92e-05,,,,4.67e-08,3.54e-08,9.8e-11,,,,,,,,1.45e-10,3.47e-08,3.41e-09,2.63e-09,-6.86e-09,,,,21.6,6.66,0.0265,,,,,,,,0.516,6.51,12.1,0.636,-1.08,,,,0.0279,0.00257,0.0116,,,,,,,,0.000197,0.00251,0.00462,0.00346,-0.00105,,,,-25.1,0.446,27.0,,,,,,,,0.00196,0.437,0.0462,0.0819,-0.475,,,,27.0,0.0,-27.0,,,,,,,,0.0,0.0,0.0,0.0,0.0,,,,1.89,0.446,0.00661,,,,,,,,0.00196,0.437,0.0462,0.0819,-0.475,,,,16.0,6.67,0.0265,,,,,,,,0.517,6.53,12.1,6.2,-1.08,,,,5.56,0.0,0.0,,,,,,,,0.0,0.0,0.0,-5.56,0.0,,,,21.6,6.67,0.0265,,,,,,,,0.517,6.53,12.1,0.637,-1.08,,,,61.7,0.0,0.0,,,,,,,,0.0,0.0,0.0,0.0,120.0,,,,0.0,0.0,0.0,,,,,,,,0.0,0.0,0.0,0.0,0.0,,,,0.0,0.0,0.0,,,,,,,,0.0,0.0,0.0,0.0,0.0,,,,0.00282,0.000397,0.000273,,,,,,,,7.78e-05,0.000389,0.00183,0.000117,-0.000168,,,,6.55e-07,1.12e-11,5.99e-13,,,,,,,,2.63e-11,1.1e-11,6.17e-10,9.3e-12,-3.76e-11,,,,0.247,0.000998,0.00208,,,,,,,,0.000135,0.000977,0.00318,2.05,-0.000624,,,,0.00104,8.78e-06,1.5e-06,,,,,,,,4.49e-05,8.59e-06,0.00106,4.97e-06,-4.92e-05,,,,,,,,,,,,,,,,,,,,,,,,,,,,,,,,,,,,,,,,,,,,,,,,,,,,,,,,,,,,,,,,,,,,,,,,,,,,,,,,,,,,,,,,,,,,,,,,,,,,,,,,,,,,,,,,,,,,,,,,,,,,,,,,,,,,,,,,,,,,,,,,,,,,,,,,,,,,,,,,,,,,,,,,,,,,,
extracted_from_pdf,27be4608-2d43-4ad6-b168-d6b2dfcfbaea,FIS V Zero,EPD-FIW-20230531-CBA1-DE,Institut Bauen und Umwelt e.V. (IBU),EN 15804+A2,2024-04-18,2029-04-17,,1 kg Injektionsmörtel,,,,2.36,,,,,,,,,,0.00107,0.00863,0.0,0.0149,0.0,,,,2.36,,,,,,,,,,0.00106,0.00868,0.0,0.0148,0.0,,,,-0.000631,,,,,,,,,,9.25e-06,-0.000127,0.0,0.0,0.0,,,,0.00102,,,,,,,,,,1.16e-07,8e-05,0.0,4.67e-05,0.0,,,,6.01e-12,,,,,,,,,,1.96e-14,1.12e-15,0.0,3.82e-14,0.0,,,,0.00448,,,,,,,,,,2.27e-06,1.46e-05,0.0,0.000107,0.0,,,,1.41e-05,,,,,,,,,,3.97e-09,3.16e-08,0.0,3.03e-08,0.0,,,,0.00107,,,,,,,,,,5.44e-07,5.71e-06,0.0,2.75e-05,0.0,,,,0.0123,,,,,,,,,,5.68e-06,6.55e-05,0.0,0.000303,0.0,,,,0.00384,,,,,,,,,,1.45e-06,1.3e-05,0.0,8.31e-05,0.0,,,,1.17e-07,,,,,,,,,,1.65e-10,5.73e-10,0.0,6.94e-10,0.0,,,,53.6,,,,,,,,,,0.0224,0.118,0.0,0.2,0.0,,,,1.18,,,,,,,,,,0.000237,0.000104,0.0,0.00165,0.0,,,,8.84,,,,,,,,,,0.0134,0.00856,0.0,0.0326,0.0,,,,1.34,,,,,,,,,,0.0,0.0,0.0,0.0,0.0,,,,10.2,,,,,,,,,,0.0134,0.00856,0.0,0.0326,0.0,,,,60.1,,,,,,,,,,0.0224,0.118,0.0,0.2,0.0,,,,14.4,,,,,,,,,,0.0,0.0,0.0,0.0,0.0,,,,74.5,,,,,,,,,,0.0224,0.118,0.0,0.2,0.0,,,,0.0,,,,,,,,,,0.0,0.0,0.0,0.0,0.0,,,,0.0,,,,,,,,,,0.0,0.0,0.0,0.0,0.0,,,,0.0,,,,,,,,,,0.0,0.0,0.0,0.0,0.0,,,,0.0336,,,,,,,,,,1.08e-05,9.38e-06,0.0,5.05e-05,0.0,,,,3.32e-08,,,,,,,,,,-1.75e-12,3.66e-13,0.0,4.36e-12,0.0,,,,0.0411,,,,,,,,,,1.64e-05,1.8e-05,0.0,1.0,0.0,,,,0.000445,,,,,,,,,,3.56e-06,2.21e-07,0.0,2.28e-06,0.0,,,,,,,,,4.12e-08,,,,,,,,,,1.91e-11,9.68e-11,0,1.31e-09,0,0.0544,,,,,,,,,,0.000593,3.3e-05,0,0.000264,0,15.8,,,,,,,,,,0.00623,0.0843,0,0.108,0,5.34e-10,,,,,,,,,,3.3e-13,1.71e-12,0,1.68e-11,0,1.87e-08,,,,,,,,,,5.25e-12,7.61e-11,0,1.77e-09,0,27.3,,,,,,,,,,0.00879,0.0492,0,0.0486,0,0,,,,,,,,,,0,0,0,0,0,0.0156,,,,,,,,,,0,0,0,0,0,0,,,,,,,,,,0,0,0,0,0,1.11,,,,,,,,,,0,0,0,0,0,1.98,,,,,,,,,,0,0,0,0,0
extracted_from_pdf,28dcb89f-be15-465a-8341-41d741d94d13,Gradus Carpet Tile with Nylon Face Fibre,EPD-SHA-20230476-CBA3-EN,Institut Bauen und Umwelt e.V. (IBU),EN 15804+A2,2023-12-18,2028-12-17,UK,1 m2 of installed Gradus Bitumen Backed Carpet Tile,,,,7.58,0.245,0.505,0.000254,0.232,,,,,,0.0,0.0528,0.0,0.273,-0.0172,,,,7.9,0.244,0.508,0.000254,0.229,,,,,,0.0,0.0526,0.0,0.276,-0.0211,,,,-0.328,-0.000337,-0.00364,0.0,0.00244,,,,,,0.0,-7.26e-05,0.0,-0.00294,0.00388,,,,0.00338,0.00136,0.000287,0.0,4.85e-05,,,,,,0.0,0.000293,0.0,0.000134,-3.19e-06,,,,8.28e-09,1.46e-14,4.36e-10,0.0,3.35e-12,,,,,,0.0,3.15e-15,0.0,3.71e-13,-1.22e-13,,,,0.0143,0.000251,0.00117,0.0,0.000503,,,,,,0.0,5.42e-05,0.0,0.000818,-3.47e-05,,,,2.07e-05,7.28e-07,1.57e-05,0.0,1.12e-06,,,,,,0.0,1.57e-07,0.0,5.15e-05,-3.08e-08,,,,0.00363,8.22e-05,0.000266,0.0,0.000115,,,,,,0.0,1.77e-05,0.0,0.000181,-9.64e-06,,,,0.0346,0.000979,0.00327,0.0,0.00118,,,,,,0.0,0.000211,0.0,0.00199,-0.000103,,,,0.0122,0.000221,0.000972,1.41e-05,0.000305,,,,,,0.0,4.77e-05,0.0,0.000583,-3.14e-05,,,,1.04e-06,2.04e-08,7.99e-08,0.0,6.24e-08,,,,,,0.0,4.4e-09,0.0,1.92e-08,-3.33e-09,,,,173.0,3.26,10.5,0.0,4.15,,,,,,0.0,0.703,0.0,3.92,-0.501,,,,0.357,0.00219,0.0886,0.0,0.0523,,,,,,0.0,0.000472,0.0,-0.00272,-0.00298,,,,12.1,0.195,5.11,0.0,2.31,,,,,,0.0,0.0399,0.0,0.322,-0.129,,,,5.31,0.0,-4.19,0.0,0.0,,,,,,0.0,0.0,0.0,0.0,0.0,,,,17.4,0.195,0.921,0.0,2.31,,,,,,0.0,0.0399,0.0,0.322,-0.129,,,,131.0,3.44,1.57,0.0,4.15,,,,,,0.0,0.704,0.0,3.92,-0.502,,,,51.0,0.0,-0.317,0.0,0.0,,,,,,0.0,0.0,0.0,0.0,0.0,,,,181.0,3.44,1.26,0.0,4.15,,,,,,0.0,0.704,0.0,3.92,-0.502,,,,0.11,0.0,0.00577,0.0,0.0,,,,,,0.0,0.0,0.0,0.0,-0.115,,,,0.0,0.0,0.0,0.0,0.0,,,,,,0.0,0.0,0.0,0.0,0.0,,,,0.0,0.0,0.0,0.0,0.0,,,,,,0.0,0.0,0.0,0.0,0.0,,,,0.0236,0.00021,0.00932,0.0,0.0022,,,,,,0.0,4.52e-05,0.0,5.07e-05,-0.000105,,,,3.92e-07,1.56e-11,2.31e-08,0.0,3.59e-10,,,,,,0.0,3.37e-12,0.0,6.04e-10,-4.49e-11,,,,0.294,0.000468,0.248,0.0,0.00382,,,,,,0.0,0.000101,0.0,3.88,-0.000201,,,,0.00352,4.02e-06,0.000205,0.0,0.000664,,,,,,0.0,8.67e-07,0.0,4.81e-05,-2.33e-05,,,,,,,,,1.36e-07,1.45e-09,1.2e-08,0,4.17e-09,,,,,,0,3.13e-10,0,7.87e-09,-7.87e-10,0.376,0.00059,0.0224,0,0.112,,,,,,0,0.000127,0,0.00711,-0.00392,92.8,2.26,5.93,0.000115,1.88,,,,,,0,0.488,0,3.83,-0.194,2.64e-09,4.56e-11,1.76e-10,0,5.43e-11,,,,,,0,9.83e-12,0,1.72e-10,-5.75e-12,1.34e-07,2.37e-09,9.28e-09,3.07e-12,2.12e-09,,,,,,0,5.1e-10,0,1.44e-08,-2.24e-10,14.0,1.12,11.2,0,1.5,,,,,,0,0.242,0,0.282,-0.647,0,0,0,0,0,,,,,,0,0,0,0,0,0,0,0.181,0,0,,,,,,0,0,0,0,0,0,0,0,0,0,,,,,,0,0,0,0,0,0,0,0.0637,0,0,,,,,,0,0,0,0,0,0,0,0.0977,0,0,,,,,,0,0,0,0,0
extracted_from_pdf,299cd856-c220-4b82-910d-60c91e035c7d,Access manager 92 90 Wall,EPD-DOR-20210012-CCA2-EN,Institut Bauen und Umwelt e.V. (IBU),EN 15804+A2,2021-05-11,2026-05-10,DE,1 piece of the product: Access manager 92 90 Wall,,,,47.6,0.102,3.17,,,,,,328.0,,0.0,0.0383,0.144,0.028,-2.31,,,,50.2,0.0976,0.129,,,,,,326.0,,0.0,0.0366,0.144,0.0279,-2.31,,,,-2.72,0.00451,3.04,,,,,,1.09,,0.0,0.00169,3.35e-06,9.52e-05,0.00126,,,,0.07,2.32e-06,5.42e-05,,,,,,0.473,,0.0,8.72e-07,8.13e-06,8.02e-05,-0.00317,,,,3.49e-09,1.03e-17,5.88e-16,,,,,,7.18e-12,,0.0,3.87e-18,7.26e-17,1.03e-16,-1.71e-14,,,,0.3,9.77e-05,0.000883,,,,,,0.72,,0.0,3.67e-05,2.56e-05,0.0002,-0.0254,,,,0.000338,2.09e-08,1.14e-07,,,,,,0.000871,,0.0,7.84e-09,1.16e-08,4.78e-08,-2.34e-06,,,,0.0455,3.11e-05,0.000317,,,,,,0.16,,0.0,1.17e-05,5.78e-06,5.14e-05,-0.00206,,,,0.482,0.000346,0.00397,,,,,,1.68,,0.0,0.00013,0.000117,0.000565,-0.0222,,,,0.137,8.79e-05,0.000842,,,,,,0.438,,0.0,3.3e-05,1.6e-05,0.000156,-0.00672,,,,0.0106,2.93e-09,9.23e-09,,,,,,9.44e-05,,0.0,1.1e-09,9.95e-10,2.5e-09,-0.00113,,,,611.0,1.38,1.01,,,,,,5730.0,,0.0,0.52,0.0667,0.366,-33.7,,,,13.5,0.000191,0.392,,,,,,71.1,,0.0,7.18e-05,0.0147,0.00292,-0.774,,,,156.0,0.00436,26.6,,,,,,2540.0,,0.0,0.00164,0.0316,0.0479,-6.31,,,,26.4,0.0,-26.4,,,,,,0.0,,0.0,0.0,-0.0143,0.0,0.0,,,,183.0,0.00436,0.185,,,,,,2540.0,,0.0,0.00164,0.0173,0.0479,-6.31,,,,604.0,1.39,1.87,,,,,,5740.0,,0.0,0.52,6.45,0.366,-33.7,,,,7.24,0.0,-0.86,,,,,,0.0,,0.0,0.0,-6.38,0.0,0.0,,,,612.0,1.39,1.01,,,,,,5740.0,,0.0,0.52,0.0667,0.366,-33.7,,,,7.49,0.0,0.0,,,,,,0.0,,0.0,0.0,0.0,0.0,0.0,,,,0.0,0.0,0.0,,,,,,0.0,,0.0,0.0,0.0,0.0,0.0,,,,0.0,0.0,0.0,,,,,,0.0,,0.0,0.0,0.0,0.0,0.0,,,,0.329,7.83e-06,0.00923,,,,,,2.94,,0.0,2.94e-06,0.000352,9.22e-05,-0.0165,,,,2.87e-05,1.34e-10,1.54e-09,,,,,,2.37e-06,,0.0,5.04e-11,2.54e-10,5.57e-09,1.06e-07,,,,3.11,0.000142,0.103,,,,,,4.07,,0.0,5.32e-05,0.0149,1.84,-0.336,,,,0.0171,1.49e-06,5.26e-05,,,,,,0.87,,0.0,5.58e-07,2.48e-06,4.16e-06,-0.00151,,,,,,,,,3.07e-06,5.14e-10,4.95e-09,,,,,,6.04e-06,,0,1.93e-10,3.27e-10,2.47e-09,-2.05e-07,1.69,0.000213,0.00809,,,,,,143.0,,0,7.98e-05,0.000223,0.000428,-0.244,296.0,0.981,0.476,,,,,,2450.0,,0,0.368,0.025,0.209,-14.9,4.17e-08,1.85e-11,2.55e-11,,,,,,6.78e-08,,0,6.93e-12,2.17e-12,3.09e-11,-1.07e-09,1.08e-06,7.89e-10,1.15e-09,,,,,,2.5e-06,,0,2.96e-10,2.19e-10,3.41e-09,-7.13e-08,544.0,0.00356,0.268,,,,,,1830.0,,0,0.00134,0.02,0.0762,-13.4,0,0,0,,,,,,0,,0,0,0,0,0,0,0,0,,,,,,0,,0,0,7.38,0,0,0,0,0,,,,,,0,,0,0,0,0,0,0.858,0,4.81,,,,,,0,,0,0,0,0,0,1.56,0,8.77,,,,,,0,,0,0,0,0,0
extracted_from_pdf,2b928ab3-2188-41ff-ba5c-ca092e4a7391,FAAC A952 Drive for swing doors,EPD-FAA-20220003-CBB1-EN,Institut Bauen und Umwelt e.V. (IBU),EN 15804+A2,2022-04-12,2027-04-11,Italy,1 piece of FAAC A952 Drive for swing doors (backup battery excluded),,,,66.0,1.98,1.84,,,,,,282.0,,0.0,0.153,-0.267,0.134,-19.2,,,,67.6,1.96,0.0354,,,,,,279.0,,0.0,0.151,-0.27,0.119,-19.2,,,,-1.61,0.00584,1.8,,,,,,2.37,,0.0,0.000451,0.00762,0.0146,-0.0803,,,,0.0479,0.0159,9.4e-05,,,,,,0.395,,0.0,0.00123,-0.0051,0.000297,-0.0081,,,,4.73e-10,3.85e-16,5.14e-17,,,,,,6.68e-12,,0.0,2.97e-17,3.55e-13,4.24e-16,-1.09e-10,,,,0.326,0.00725,0.000112,,,,,,0.581,,0.0,0.000556,-0.0352,0.000745,-0.0775,,,,0.000117,5.79e-06,8.56e-07,,,,,,0.000749,,0.0,4.47e-07,1.54e-06,4.68e-06,-3.5e-05,,,,0.0526,0.00338,5.25e-05,,,,,,0.138,,0.0,0.000259,-0.00116,0.000194,-0.0121,,,,0.568,0.0376,0.000502,,,,,,1.45,,0.0,0.00288,-0.012,0.0021,-0.13,,,,0.162,0.0123,0.000264,,,,,,0.411,,0.0,0.000509,-0.00349,0.00028,-0.0659,,,,0.0107,1.73e-07,2.42e-09,,,,,,8.21e-05,,0.0,1.33e-08,-0.00115,1.05e-08,-0.00426,,,,881.0,26.0,0.32,,,,,,4970.0,,0.0,2.01,4.76,1.59,-240.0,,,,9.97,0.0181,0.015,,,,,,44.8,,0.0,0.0014,-0.725,0.00991,-2.77,,,,223.0,1.49,0.0283,,,,,,2290.0,,0.0,0.115,1.4,0.194,-73.8,,,,16.3,0.0,-16.3,,,,,,0.0,,0.0,0.0,0.0,0.0,0.0,,,,239.0,1.49,0.0283,,,,,,2290.0,,0.0,0.115,1.4,0.194,-73.8,,,,875.0,26.1,0.321,,,,,,4970.0,,0.0,2.01,4.76,1.59,-241.0,,,,7.51,0.0,0.0,,,,,,0.0,,0.0,0.0,0.0,0.0,0.0,,,,883.0,26.1,0.321,,,,,,4970.0,,0.0,2.01,4.76,1.59,-241.0,,,,1.39,0.0,0.0,,,,,,0.0,,0.0,0.0,0.0,0.0,0.0,,,,0.0,0.0,0.0,,,,,,0.0,,0.0,0.0,9.73e-23,0.0,-1.15e-13,,,,0.0,0.0,0.0,,,,,,0.0,,0.0,0.0,1.14e-21,0.0,-1.35e-12,,,,0.518,0.00171,0.000365,,,,,,2.23,,0.0,0.000132,-0.0103,0.000314,-0.183,,,,1.8e-06,1.37e-09,3.6e-11,,,,,,1.31e-06,,0.0,1.06e-10,1.98e-08,1.94e-10,-5.84e-08,,,,8.36,0.00409,0.0759,,,,,,3.52,,0.0,0.000316,2.66,6.58,-3.21,,,,0.0427,4.73e-05,6.14e-06,,,,,,0.74,,0.0,3.65e-06,0.00151,1.71e-05,-0.0132,,,,,,,,,3.76e-06,4.07e-08,7.63e-10,,,,,,4.9e-06,,0.0,3.07e-09,-2.87e-07,9.06e-09,-7.98e-07,6.52,0.00692,0.000724,,,,,,121.0,,0.0,0.000534,0.238,0.00195,-2.09,359.0,19.3,0.228,,,,,,2090.0,,0.0,1.49,-6.81,5.28,-98.3,6.42e-07,3.9e-10,7.54e-12,,,,,,5.91e-08,,0.0,3.01e-11,1.56e-08,1.2e-10,-1.78e-08,1.12e-06,2.32e-08,6.91e-10,,,,,,2.23e-06,,0.0,1.79e-09,1.82e-06,1.29e-08,-6.56e-07,153.0,8.92,0.0674,,,,,,1570.0,,0.0,0.689,-10.2,0.276,-24.3,0.0,0.0,0.0,,,,,,0.0,,0.0,0.0,0.0,0.0,0.0,0.0,0.0,0.799,,,,,,0.0,,0.0,0.0,7.4,0.0,0.0,0.0,0.0,0.0,,,,,,0.0,,0.0,0.0,0.0,0.0,0.0,0.0,0.0,0.217,,,,,,0.0,,0.0,0.0,0.0,0.00482,0.0,0.0,0.0,0.325,,,,,,0.0,,0.0,0.0,0.0,0.0,0.0
extracted_from_pdf,2cc49e5a-f0e0-4a1b-aa53-cf7caace7bbe,"Woven broadloom carpet, pile material solution-dyed polyamide 6.0 with a woven textile or a ""Silent Bac"" backing, both backings with recycled content,  maximum total pile weight 400 g/m²",EPD-FLE-20230274-CBC1-EN,Institut Bauen und Umwelt e.V. (IBU),EN 15804+A2,2023-07-25,2028-07-24,Europe,"1 m2 woven broadloom carpet having a pile material of polyamide 6 and a woven textile or a ""Silent Bac"" backing.",,,,8.13,0.13,1.17,0.0,0.549,,,,,,0.0,0.00728,,,-0.119,,,,8.05,0.127,1.16,0.0,0.348,,,,,,0.0,0.00714,,,-0.118,,,,0.0779,0.00165,0.0072,0.0,0.00416,,,,,,0.0,9.25e-05,,,-0.000603,,,,0.00345,0.00072,0.000385,0.0,0.196,,,,,,0.0,4.05e-05,,,-1.3e-05,,,,4.4e-09,7.74e-15,3.96e-10,0.0,3.42e-08,,,,,,0.0,4.35e-16,,,-7.96e-13,,,,0.0137,0.000769,0.00151,0.0,0.000832,,,,,,0.0,4.32e-05,,,-0.000155,,,,4.13e-05,3.86e-07,3.78e-06,0.0,5.19e-06,,,,,,0.0,2.17e-08,,,-1.62e-07,,,,0.00418,0.000378,0.000509,0.0,0.000197,,,,,,0.0,2.12e-05,,,-4.21e-05,,,,0.0407,0.00418,0.00518,0.0,0.00283,,,,,,0.0,0.000235,,,-0.000451,,,,0.0132,0.000714,0.00151,0.000418,0.000983,,,,,,0.0,4.01e-05,,,-0.000118,,,,1.36e-06,1.08e-08,1.25e-07,0.0,2.3e-07,,,,,,0.0,6.07e-10,,,-1.78e-08,,,,159.0,1.73,14.6,0.0,5.9,,,,,,0.0,0.097,,,-2.01,,,,1.04,0.00116,0.139,0.0,0.0999,,,,,,0.0,6.49e-05,,,-0.0124,,,,26.9,0.0982,2.46,0.0,3.69,,,,,,0.0,0.00551,,,-0.55,,,,0.0,0.0,0.0,0.0,0.0,,,,,,0.0,0.0,,,0.0,,,,26.9,0.0982,2.46,0.0,3.69,,,,,,0.0,0.00551,,,-0.55,,,,128.0,1.73,16.2,0.0,5.9,,,,,,0.0,0.0972,,,-2.01,,,,30.8,0.0,-1.58,0.0,0.0,,,,,,0.0,0.0,,,0.0,,,,159.0,1.73,14.6,0.0,5.9,,,,,,0.0,0.0972,,,-2.01,,,,0.52,0.0,0.0468,0.0,0.0,,,,,,0.0,0.0,,,0.0,,,,0.0,0.0,0.0,0.0,0.0,,,,,,0.0,0.0,,,0.0,,,,0.0,0.0,0.0,0.0,0.0,,,,,,0.0,0.0,,,0.0,,,,0.0418,0.000111,0.00484,0.0,0.00334,,,,,,0.0,6.23e-06,,,-0.000526,,,,0.000424,8.29e-12,3.82e-05,0.0,4.19e-05,,,,,,0.0,4.65e-13,,,-2.72e-10,,,,0.162,0.000248,0.0467,0.0,0.0073,,,,,,0.0,1.39e-05,,,-0.00101,,,,0.00414,2.13e-06,0.000378,0.0,0.000376,,,,,,0.0,1.2e-07,,,-0.000158,,,,,,,,,9.59e-08,4.45e-09,9.95e-09,0,6.84e-08,,,,,,0,2.5e-10,,,-1.28e-09,0.684,0.000312,0.0625,0,0.0678,,,,,,0,1.75e-05,,,-0.0267,72.0,1.2,6.66,0.0036,2.69,,,,,,0,0.0673,,,-0.44,2.64e-09,2.42e-11,2.44e-10,0,6.21e-10,,,,,,0,1.36e-12,,,-2.03e-11,8.62e-08,1.44e-09,8.11e-09,2.6e-11,9.46e-09,,,,,,0,8.07e-11,,,-7.78e-10,,,,,,,,,,,,,,,,0,0,0,0,0,,,,,,0,0,,,0,0,0,0,0,0,,,,,,0,0,,,0,0,0,0,0,0,,,,,,0,0,,,0,0,0,0.677,0,0,,,,,,0,0,,,0,0,0,1.22,0,0,,,,,,0,0,,,0
extracted_from_pdf,2ccc8b8a-ea55-4383-9d22-689543ae0cd1,best wood FIBRE,EPD-HWS-20230342-IBA2-DE,Institut Bauen und Umwelt e.V. (IBU),EN 15804+A2,2023-09-20,2028-09-19,Deutschland,1 kg holzbasierte Einblasdämmung FIBRE,,,,-1.3,0.01,0.00556,0.0,0.0,0.0,0.0,0.0,0.0,0.0,0.0,0.0445,1.6,0.0,-0.596,,,,0.277,0.00995,0.00306,0.0,0.0,0.0,0.0,0.0,0.0,0.0,0.0,0.0441,0.0267,0.0,-0.595,,,,-1.57,0.0,0.00249,0.0,0.0,0.0,0.0,0.0,0.0,0.0,0.0,0.0,1.57,0.0,0.0,,,,0.00104,8.14e-05,3.24e-06,0.0,0.0,0.0,0.0,0.0,0.0,0.0,0.0,0.000365,1.72e-05,0.0,-0.000407,,,,1.13e-08,1.97e-18,4.39e-17,0.0,0.0,0.0,0.0,0.0,0.0,0.0,0.0,8.81e-18,2.37e-16,0.0,-6.69e-15,,,,0.00148,1.07e-05,4.74e-06,0.0,0.0,0.0,0.0,0.0,0.0,0.0,0.0,0.000236,0.000257,0.0,-0.000769,,,,3.4e-05,2.96e-08,5.16e-09,0.0,0.0,0.0,0.0,0.0,0.0,0.0,0.0,1.33e-07,3.25e-08,0.0,-7.69e-07,,,,0.000453,3.46e-06,1.27e-06,0.0,0.0,0.0,0.0,0.0,0.0,0.0,0.0,0.000114,8.45e-05,0.0,-0.00022,,,,0.00422,4.1e-05,1.43e-05,0.0,0.0,0.0,0.0,0.0,0.0,0.0,0.0,0.00127,0.00123,0.0,-0.00236,,,,0.00137,9.34e-06,3.29e-06,0.0,0.0,0.0,0.0,0.0,0.0,0.0,0.0,0.000222,0.00023,0.0,-0.000617,,,,9.33e-07,8.83e-10,5.47e-10,0.0,0.0,0.0,0.0,0.0,0.0,0.0,0.0,3.95e-09,3.62e-09,0.0,-9.79e-08,,,,5.61,0.133,0.0341,0.0,0.0,0.0,0.0,0.0,0.0,0.0,0.0,0.594,0.393,0.0,-10.3,,,,0.122,9.24e-05,0.000719,0.0,0.0,0.0,0.0,0.0,0.0,0.0,0.0,0.000414,0.187,0.0,-0.0443,,,,6.33,0.00763,0.0406,0.0,0.0,0.0,0.0,0.0,0.0,0.0,0.0,0.0342,16.4,0.0,-2.29,,,,16.4,0.0,-0.0255,0.0,0.0,0.0,0.0,0.0,0.0,0.0,0.0,0.0,-16.4,0.0,0.0,,,,22.7,0.00763,0.0151,0.0,0.0,0.0,0.0,0.0,0.0,0.0,0.0,0.0342,0.0763,0.0,-2.29,,,,5.61,0.133,0.0373,0.0,0.0,0.0,0.0,0.0,0.0,0.0,0.0,0.596,0.394,0.0,-10.3,,,,0.00321,0.0,-0.00321,0.0,0.0,0.0,0.0,0.0,0.0,0.0,0.0,0.0,0.0,0.0,0.0,,,,5.62,0.133,0.0341,0.0,0.0,0.0,0.0,0.0,0.0,0.0,0.0,0.596,0.394,0.0,-10.3,,,,0.0,0.0,0.0,0.0,0.0,0.0,0.0,0.0,0.0,0.0,0.0,0.0,0.0,0.0,0.0,,,,0.0,0.0,0.0,0.0,0.0,0.0,0.0,0.0,0.0,0.0,0.0,0.0,0.0,0.0,0.0,,,,0.0,0.0,0.0,0.0,0.0,0.0,0.0,0.0,0.0,0.0,0.0,0.0,0.0,0.0,0.0,,,,0.00402,8.74e-06,2.46e-05,0.0,0.0,0.0,0.0,0.0,0.0,0.0,0.0,3.92e-05,0.0044,0.0,-0.00223,,,,2.02e-08,7.01e-12,8.72e-12,0.0,0.0,0.0,0.0,0.0,0.0,0.0,0.0,3.14e-11,7.1e-11,0.0,-2.32e-09,,,,0.00624,2.09e-05,5e-05,0.0,0.0,0.0,0.0,0.0,0.0,0.0,0.0,9.35e-05,0.013,0.0,-0.00481,,,,0.000135,2.41e-07,4.85e-06,0.0,0.0,0.0,0.0,0.0,0.0,0.0,0.0,1.08e-06,2.18e-05,0.0,-0.000735,,,,,,,,,3.05e-08,7.3e-11,3.63e-11,0,0,0,0,0,0,0,0,9.3e-10,1.29e-09,0,-6.62e-09,0.0163,3.53e-05,0.000795,0,0,0,0,0,0,0,0,0.000158,0.00346,0,-0.12,2.94,0.0984,0.0147,0,0,0,0,0,0,0,0,0.441,0.17,0,-2.12,3.08e-10,1.99e-12,4.26e-13,0,0,0,0,0,0,0,0,8.92e-12,1.14e-11,0,-9.79e-11,6.73e-09,1.03e-10,1.63e-11,0,0,0,0,0,0,0,0,4.9e-10,4.08e-10,0,-3.87e-09,35.0,0.0456,0.0108,0,0,0,0,0,0,0,0,0.204,0.108,0,-1.58,0,0,0,0,0,0,0,0,0,0,0,0,0,0,0,0,0,0,0,0,0,0,0,0,0,0,0,0,0,0,0,0,0,0,0,0,0,0,0,0,0,0,0,0,0,0,0,0.00693,0,0,0,0,0,0,0,0,0,2.62,0,0,0,0,0.0124,0,0,0,0,0,0,0,0,0,4.7,0,0
extracted_from_pdf,2f09ee1a-6c1e-46c3-8446-3b2bc31daece,Astron PRS Product (galvanized steel elements made of welded sections),EPD-AST-20240035-IBI1-EN,Institut Bauen und Umwelt e.V. (IBU),EN 15804+A2,2024-07-02,2029-07-01,Germany,1 t of PRS galvanized structural steel,,,,2550.0,,16.6,,,,,,,,5.07,8.23,13.2,0.0,-1210.0,,,,2560.0,,5.89,,,,,,,,5.07,8.22,13.2,0.0,-1210.0,,,,-10.8,,10.8,,,,,,,,0.0,0.0,0.0,0.0,0.0,,,,1.49,,0.000948,,,,,,,,0.000571,0.00406,0.00154,0.0,-0.272,,,,5.39e-05,,9.86e-08,,,,,,,,8.06e-08,1.79e-07,1.67e-07,0.0,-2.54e-05,,,,10.8,,0.0487,,,,,,,,0.047,0.018,0.0581,0.0,-5.08,,,,0.115,,2.48e-05,,,,,,,,1.83e-05,6.68e-05,0.000463,0.0,-0.0545,,,,2.25,,0.0222,,,,,,,,0.0218,0.00442,0.0214,0.0,-1.04,,,,26.0,,0.241,,,,,,,,0.237,0.0461,0.236,0.0,-12.1,,,,11.9,,0.0728,,,,,,,,0.0701,0.0279,0.0706,0.0,-6.28,,,,0.0453,,4.4e-06,,,,,,,,1.77e-06,2.69e-05,9.57e-06,0.0,-0.0112,,,,30300.0,,78.0,,,,,,,,66.4,117.0,194.0,0.0,-11600.0,,,,823.0,,0.187,,,,,,,,0.143,0.481,0.371,0.0,-149.0,,,,2930.0,,113.0,,,,,,,,0.373,1.81,1.22,0.0,-991.0,,,,112.0,,-112.0,,,,,,,,0.0,0.0,0.0,0.0,0.0,,,,3040.0,,0.572,,,,,,,,0.373,1.81,1.22,0.0,-991.0,,,,30300.0,,78.0,,,,,,,,66.4,117.0,194.0,0.0,-11500.0,,,,0.0,,0.0,,,,,,,,0.0,0.0,0.0,0.0,0.0,,,,30300.0,,78.0,,,,,,,,66.4,117.0,194.0,0.0,-11500.0,,,,168.0,,0.0,,,,,,,,0.0,0.0,0.0,0.0,-18.5,,,,0.0,,0.0,,,,,,,,0.0,0.0,0.0,0.0,0.0,,,,0.0,,0.0,,,,,,,,0.0,0.0,0.0,0.0,0.0,,,,33.3,,0.0131,,,,,,,,0.0105,0.0302,0.0391,0.0,-12.5,,,,0.369,,0.000521,,,,,,,,0.000447,0.000743,0.000526,0.0,-0.125,,,,1430.0,,0.6,,,,,,,,0.118,5.85,9.33,0.0,-517.0,,,,0.0896,,2.03e-05,,,,,,,,1.22e-05,6.7e-05,0.000995,0.0,0.0119,,,,,,,,,0.000185,,1.36e-06,,,,,,,,1.31e-06,6.1e-07,1.08e-06,0,-8.15e-05,70.0,,0.0204,,,,,,,,0.0136,0.0592,0.417,0,5.6,17600.0,,37.6,,,,,,,,31.7,57.7,44.4,0,-2040.0,1.74e-05,,1.89e-09,,,,,,,,1.55e-09,3.75e-09,2.85e-09,0,6.84e-06,3.61e-05,,1.85e-08,,,,,,,,1.08e-08,8.29e-08,8.21e-08,0,-8.75e-06,11000.0,,10.4,,,,,,,,4.47,70.6,17.4,0,-3360.0,0,,0,,,,,,,,120.0,0,0,0,0,0,,0,,,,,,,,0,0,881.0,0,0,0,,0,,,,,,,,0,0,0,0,0,0,,16.4,,,,,,,,0,0,0,0,0,0,,31.3,,,,,,,,0,0,0,0,0
extracted_from_pdf,303a5071-090d-4ff2-963a-3fb2fa69bc0e,"CEM II/B-S 52,5 R",EPD-CEM-20240342-CAA1-DE,Institut Bauen und Umwelt e.V. (IBU),EN 15804+A2,2024-11-26,2029-11-25,DE,1000 kg,,,,564.0,,,,,,,,,,,,,,,,,,564.0,,,,,,,,,,,,,,,,,,0.047,,,,,,,,,,,,,,,,,,0.048,,,,,,,,,,,,,,,,,,1.37e-05,,,,,,,,,,,,,,,,,,2.02,,,,,,,,,,,,,,,,,,0.0745,,,,,,,,,,,,,,,,,,0.00495,,,,,,,,,,,,,,,,,,3.0,,,,,,,,,,,,,,,,,,0.906,,,,,,,,,,,,,,,,,,0.000118,,,,,,,,,,,,,,,,,,2590.0,,,,,,,,,,,,,,,,,,36.0,,,,,,,,,,,,,,,,,,44.4,,,,,,,,,,,,,,,,,,0.0,,,,,,,,,,,,,,,,,,44.4,,,,,,,,,,,,,,,,,,2590.0,,,,,,,,,,,,,,,,,,0.0,,,,,,,,,,,,,,,,,,2590.0,,,,,,,,,,,,,,,,,,321.0,,,,,,,,,,,,,,,,,,849.0,,,,,,,,,,,,,,,,,,609.0,,,,,,,,,,,,,,,,,,0.916,,,,,,,,,,,,,,,,,,0.0534,,,,,,,,,,,,,,,,,,0.841,,,,,,,,,,,,,,,,,,,,,,,,,,,,,,,,,,,,,,,,,1.88e-05,,,,,,,,,,,,,,,15.8,,,,,,,,,,,,,,,59.3,,,,,,,,,,,,,,,8.95e-07,,,,,,,,,,,,,,,1.25e-05,,,,,,,,,,,,,,,616,,,,,,,,,,,,,,,0,,,,,,,,,,,,,,,0,,,,,,,,,,,,,,,0,,,,,,,,,,,,,,,0,,,,,,,,,,,,,,,0,,,,,,,,,,,,,,
extracted_from_pdf,303c419d-5891-4426-a8cc-05a902439fce,Floor Spring BTS 80 Series - Floor Spring,EPD-DOR-20250371-CBA1-EN,Institut Bauen und Umwelt e.V. (IBU),EN 15804+A2,2025-07-16,2030-07-15,SG,"1 piece of the product: Floor Spring BTS 80 Series, consisting of the following items:
• Closer body
• Cement box
• Product packaging",,,,15.5,0.52,0.41,,,,,,,,0.0,0.0323,0.63,0.0,-2.08,,,,16.0,0.508,0.0103,,,,,,,,0.0,0.0309,0.629,0.0,-2.08,,,,-0.442,0.0122,0.399,,,,,,,,0.0,0.00143,0.000839,0.0,-0.00424,,,,0.0149,1.13e-05,6.74e-06,,,,,,,,0.0,7.36e-07,3.56e-05,0.0,-0.000585,,,,1.26e-11,5.08e-17,7.39e-17,,,,,,,,0.0,3.26e-18,3.17e-16,0.0,-2.77e-13,,,,0.0577,0.00951,0.000115,,,,,,,,0.0,3.09e-05,0.000112,0.0,-0.00554,,,,3.47e-05,1.12e-07,1.44e-08,,,,,,,,0.0,6.62e-09,5.06e-08,0.0,-2.73e-06,,,,0.0144,0.00253,4.14e-05,,,,,,,,0.0,9.84e-06,2.53e-05,0.0,-0.000949,,,,0.156,0.0277,0.000517,,,,,,,,0.0,0.000109,0.000511,0.0,-0.00991,,,,0.0434,0.00706,0.00011,,,,,,,,0.0,2.78e-05,7e-05,0.0,-0.00355,,,,0.0012,1.42e-08,1.17e-09,,,,,,,,0.0,9.27e-10,4.35e-09,0.0,-0.000237,,,,219.0,6.68,0.129,,,,,,,,0.0,0.438,0.292,0.0,-24.0,,,,1.96,0.000955,0.0508,,,,,,,,0.0,6.06e-05,0.0644,0.0,-0.232,,,,44.7,0.0215,3.49,,,,,,,,0.0,0.00138,0.0814,0.0,-2.51,,,,3.47,0.0,-3.47,,,,,,,,0.0,0.0,-0.00552,0.0,0.0,,,,48.2,0.0215,0.0235,,,,,,,,0.0,0.00138,0.0759,0.0,-2.51,,,,219.0,6.69,0.129,,,,,,,,0.0,0.439,0.573,0.0,-24.0,,,,0.281,0.0,0.0,,,,,,,,0.0,0.0,-0.281,0.0,0.0,,,,220.0,6.69,0.129,,,,,,,,0.0,0.439,0.292,0.0,-24.0,,,,6.85,0.0,0.0,,,,,,,,0.0,0.0,0.0,0.0,0.0,,,,0.0,0.0,0.0,,,,,,,,0.0,0.0,0.0,0.0,0.0,,,,0.0,0.0,0.0,,,,,,,,0.0,0.0,0.0,0.0,0.0,,,,0.0802,3.87e-05,0.0012,,,,,,,,0.0,2.48e-06,0.00154,0.0,-0.00764,,,,3.34e-07,6.53e-10,1.91e-10,,,,,,,,0.0,4.26e-11,1.11e-09,0.0,-1.39e-06,,,,0.499,0.000684,0.0128,,,,,,,,0.0,4.49e-05,0.0654,0.0,0.116,,,,0.00786,7.31e-06,6.8e-06,,,,,,,,0.0,4.71e-07,1.08e-05,0.0,-0.000939,,,,,,,,,7.36e-07,1.59e-07,6.36e-10,,,,,,,,0,1.63e-10,1.43e-09,0,-7.49e-08,0.971,0.00105,0.00105,,,,,,,,0,6.73e-05,0.000977,0,-0.118,75.4,4.73,0.0614,,,,,,,,0,0.311,0.11,0,-4.74,8.15e-09,8.91e-11,3.25e-12,,,,,,,,0,5.84e-12,9.48e-12,0,2.49e-09,2.95e-07,4e-09,1.41e-10,,,,,,,,0,2.5e-10,9.6e-10,0,2.45e-07,90.1,0.0175,0.0343,,,,,,,,0,0.00113,0.0874,0,-1.14,0,0,0,,,,,,,,0,0,0,0,0,0,0,0,,,,,,,,0,0,7.15,0,0,0,0,0,,,,,,,,0,0,0,0,0,0,0,0.62,,,,,,,,0,0,1.17,0,0,0,0,1.12,,,,,,,,0,0,2.68,0,0
extracted_from_pdf,3106ccac-01cc-467f-8bff-8a515c575928,AF/ArmaFlex Evo insulation for industrial and building installation,EPD-ARM-20220038-IBB1-EN,Institut Bauen und Umwelt e.V. (IBU),EN 15804+A2,2022-03-22,2027-03-21,"DE, ES, PL",1m³ insulation material AF/ArmaFlex Evo,,,,140.0,3.82,80.5,,,,,,,,,0.251,136.0,,-37.6,,,,214.0,3.79,4.23,,,,,,,,,0.249,136.0,,-37.4,,,,-75.1,-0.00484,76.3,,,,,,,,,-0.000318,0.0275,,-0.187,,,,0.298,0.0311,0.00378,,,,,,,,,0.00204,0.0305,,-0.0258,,,,8.55e-10,4.85e-16,8.64e-12,,,,,,,,,3.19e-17,2.18e-13,,-4.26e-13,,,,0.682,0.0111,0.00949,,,,,,,,,0.000727,0.0369,,-0.0488,,,,0.0026,1.13e-05,2.7e-05,,,,,,,,,7.4e-07,3.36e-05,,-4.87e-05,,,,0.159,0.00503,0.00248,,,,,,,,,0.000331,0.0123,,-0.0139,,,,1.48,0.0563,0.0271,,,,,,,,,0.0037,0.152,,-0.149,,,,0.623,0.00993,0.00864,,,,,,,,,0.000653,0.0358,,-0.039,,,,3670.0,50.5,43.4,,,,,,,,,3.32,252.0,,-649.0,,,,0.471,2.89e-07,0.00476,,,,,,,,,1.9e-08,3.11e-06,,-6.21e-06,,,,22.4,0.0329,1.88,,,,,,,,,0.00217,10.5,,-2.86,,,,1580.0,2.82,122.0,,,,,,,,,0.185,56.3,,-146.0,,,,104.0,0.0,-104.0,,,,,,,,,0.0,0.0,,0.0,,,,1680.0,2.82,18.2,,,,,,,,,0.185,56.3,,-146.0,,,,2760.0,50.6,51.0,,,,,,,,,3.32,1150.0,,-649.0,,,,906.0,0.0,-7.51,,,,,,,,,0.0,-898.0,,0.0,,,,3670.0,50.6,43.5,,,,,,,,,3.32,252.0,,-649.0,,,,31.4,0.0,0.314,,,,,,,,,0.0,0.0,,0.0,,,,0.0,0.0,0.0,,,,,,,,,0.0,0.0,,0.0,,,,0.0,0.0,0.0,,,,,,,,,0.0,0.0,,0.0,,,,1.47,0.00323,0.0541,,,,,,,,,0.000212,0.274,,-0.143,,,,1.53e-05,2.55e-09,1.55e-07,,,,,,,,,1.68e-10,4.5e-08,,-1.46e-07,,,,20.9,0.00751,1.19,,,,,,,,,0.000494,83.5,,-0.304,,,,0.0814,6.12e-05,0.00108,,,,,,,,,4.02e-06,0.00741,,-0.0471,140.0,3.82,80.5,,0.251,136.0,,-37.6,3.21e-05,6.16e-08,3.45e-07,,,,,,,,,4.05e-09,9.37e-07,,-4.2e-07,8.33,0.00876,0.121,,,,,,,,,0.000576,0.771,,-7.72,3550.0,36.5,39.8,,,,,,,,,2.4,206.0,,-136.0,6.77e-08,7.36e-10,8.72e-10,,,,,,,,,4.84e-11,8.29e-09,,-6.18e-09,5.73e-06,4.29e-08,7.11e-08,,,,,,,,,2.82e-09,8.79e-07,,-2.44e-07,5470.0,17.3,56.9,,,,,,,,,1.14,55.4,,-100.0,0.0,0.0,0.0,,,,,,,,,0.0,0.0,,0.0,0.0,0.0,40.0,,,,,,,,,0.0,0.0,,0.0,0.0,0.0,0.0,,,,,,,,,0.0,0.0,,0.0,0.0,0.0,22.0,,,,,,,,,0.0,137.0,,0.0,0.0,0.0,39.5,,,,,,,,,0.0,250.0,,0.0
extracted_from_pdf,3222ca11-e1ee-4910-9997-0ea4e42831f6,ADAGIO HD+ (19 mm),EPD-KNA-20240280-IBA1-EN,Institut Bauen und Umwelt e.V. (IBU),EN 15804+A2,2024-11-26,2029-11-25,DE,1 m² ADAGIO HD+ mineral ceiling tiles with a surface weight of 5.12 kg/m².,,,,5.08,,,,,,,,,,0.0,0.0186,0.0,0.552,0.0,,,,5.83,,,,,,,,,,0.0,0.0184,0.0,0.0757,0.0,,,,-0.757,,,,,,,,,,0.0,4.21e-05,0.0,0.476,0.0,,,,0.00269,,,,,,,,,,0.0,0.000173,0.0,0.000239,0.0,,,,2.52e-10,,,,,,,,,,0.0,2.42e-15,0.0,1.95e-13,0.0,,,,0.0261,,,,,,,,,,0.0,6.6e-05,0.0,0.000545,0.0,,,,0.000128,,,,,,,,,,0.0,6.81e-08,0.0,1.55e-07,0.0,,,,0.00517,,,,,,,,,,0.0,3.03e-05,0.0,0.000141,0.0,,,,0.0831,,,,,,,,,,0.0,0.00034,0.0,0.00155,0.0,,,,0.00988,,,,,,,,,,0.0,5.98e-05,0.0,0.000425,0.0,,,,9.31e-07,,,,,,,,,,0.0,1.24e-09,0.0,3.55e-09,0.0,,,,88.4,,,,,,,,,,0.0,0.254,0.0,1.02,0.0,,,,3.26,,,,,,,,,,0.0,0.000225,0.0,0.00843,0.0,,,,2.0,,,,,,,,,,0.0,0.0185,0.0,0.167,0.0,,,,8.8,,,,,,,,,,0.0,0.0,0.0,0.0,0.0,,,,10.8,,,,,,,,,,0.0,0.0185,0.0,0.167,0.0,,,,87.8,,,,,,,,,,0.0,0.255,0.0,1.02,0.0,,,,0.612,,,,,,,,,,0.0,0.0,0.0,0.0,0.0,,,,88.4,,,,,,,,,,0.0,0.255,0.0,1.02,0.0,,,,1.25,,,,,,,,,,0.0,0.0,0.0,0.0,0.0,,,,0.0,,,,,,,,,,0.0,0.0,0.0,0.0,0.0,,,,0.0,,,,,,,,,,0.0,0.0,0.0,0.0,0.0,,,,2.6,,,,,,,,,,0.0,2.02e-05,0.0,0.000258,0.0,,,,9.53e-06,,,,,,,,,,0.0,7.89e-13,0.0,2.23e-11,0.0,,,,1.15,,,,,,,,,,0.0,3.88e-05,0.0,5.12,0.0,,,,0.00224,,,,,,,,,,0.0,4.77e-07,0.0,1.17e-05,0.0,,,,,,,,,,,,,,,,,,,,,,,,,,,,,,,,,,,,,,,,,,,,,,,,,,,,,,,,,,,,,,,,,,,,,,,,,,,,,,,,,,,,,,,,,,,,,,,,,,,,,,,,,,,,,,,,,,,,,,,,,,,,,,,,,,,,,,,,,,,,,,,,,,,,,,,,,,,,,,,,,,,,,,,,,,,,,
extracted_from_pdf,328a2049-6692-483c-8012-2d4471d00311,ESA 400 Automatic Sliding Door,EPD-DOR-20220217-CBA1-EN,Institut Bauen und Umwelt e.V. (IBU),EN 15804+A2,2022-11-29,2027-11-28,USA,1 piece of the product: Automatic sliding door ESA 400 consisting of the following items: - header - drive - panels and jambs - glass - packaging material,,,,1040.0,1.9,5.38,,0.0,,,,1060.0,,0.0,0.939,4.04,1.74,-534.0,,,,1040.0,1.82,2.61,,0.0,,,,1060.0,,0.0,0.897,2.42,1.72,-532.0,,,,-3.15,0.084,2.77,,0.0,,,,0.23,,0.0,0.041,1.62,0.006,-1.72,,,,0.679,4.33e-05,0.00019,,0.0,,,,0.321,,0.0,2.14e-05,0.000145,0.005,-0.079,,,,1.09e-09,1.92e-16,1.79e-15,,0.0,,,,3.74e-12,,0.0,9.47e-17,1.33e-15,6.39e-15,-4.36e-09,,,,5.48,0.002,0.001,,0.0,,,,1.72,,0.0,0.000898,0.000591,0.012,-2.04,,,,0.00108,3.9e-07,3.04e-07,,0.0,,,,0.000581,,0.0,1.92e-07,2.11e-07,2.96e-06,-0.000263,,,,0.871,0.00058,0.000389,,0.0,,,,0.368,,0.0,0.000286,0.000134,0.003,-0.265,,,,9.68,0.006,0.006,,0.0,,,,3.95,,0.0,0.003,0.003,0.035,-2.88,,,,2.37,0.002,0.001,,0.0,,,,1.05,,0.0,0.000808,0.000376,0.01,-0.837,,,,0.00443,5.46e-08,2.57e-08,,0.0,,,,0.000211,,0.0,2.69e-08,1.85e-08,1.55e-07,-0.000538,,,,13600.0,25.8,2.07,,0.0,,,,17200.0,,0.0,12.7,1.32,22.6,-7630.0,,,,141.0,0.004,0.612,,0.0,,,,206.0,,0.0,0.002,0.391,0.181,-23.5,,,,4750.0,0.081,24.5,,0.0,,,,2720.0,,0.0,0.04,21.7,2.96,-3690.0,,,,45.4,0.0,-24.0,,0.0,,,,0.0,,0.0,0.0,-21.4,0.0,0.0,,,,4800.0,0.081,0.469,,0.0,,,,2720.0,,0.0,0.04,0.329,2.96,-3690.0,,,,13600.0,25.8,45.1,,0.0,,,,17200.0,,0.0,12.7,24.8,22.6,-7630.0,,,,66.5,0.0,-43.0,,0.0,,,,0.0,,0.0,0.0,-23.5,0.0,0.0,,,,13600.0,25.8,2.07,,0.0,,,,17200.0,,0.0,12.7,1.32,22.6,-7630.0,,,,6.75,0.0,0.0,,0.0,,,,0.0,,0.0,0.0,0.0,0.0,0.0,,,,0.0,0.0,0.0,,0.0,,,,0.0,,0.0,0.0,0.0,0.0,0.0,,,,0.0,0.0,0.0,,0.0,,,,0.0,,0.0,0.0,0.0,0.0,0.0,,,,11.9,0.000146,0.014,,0.0,,,,6.3,,0.0,7.2e-05,0.009,0.006,-6.42,,,,1.82e-05,2.51e-09,5.81e-09,,0.0,,,,6.63e-06,,0.0,1.24e-09,4.39e-09,3.45e-07,-1.29e-05,,,,245.0,0.003,0.353,,0.0,,,,5.35,,0.0,0.001,0.257,114.0,-145.0,,,,0.719,2.77e-05,9.08e-05,,0.0,,,,1.53,,0.0,1.37e-05,5.35e-05,0.000258,-0.872,,,,,,,,,5.08e-05,9.58e-09,1.02e-08,,0,,,,1.54e-05,,0,4.72e-09,6.4e-09,1.53e-07,-3.31e-05,140,0.004,0.011,,0,,,,127,,0,0.002,0.006,0.026,-177,7510,18.3,0.867,,0,,,,5130,,0,9.02,0.512,12.9,-2900,6.42e-07,3.44e-10,6.08e-11,,0,,,,1.1e-07,,0,1.7e-10,4.59e-11,1.92e-09,-1.4e-07,1.16e-05,1.47e-08,4.85e-09,,0,,,,4.17e-06,,0,7.26e-09,3.98e-09,2.11e-07,-3.89e-06,1610,0.066,0.59,,0,,,,1570,,0,0.033,0.393,4.72,-211,0,0,0,,0,,,,0,,0,0,0,0,0,0,0,0,,0,,,,0,,0,0,100,0,0,0,0,0,,0,,,,0,,0,0,0,0,0,0,0,9,,0,,,,0,,0,0,0,0,0,0,0,18.6,,0,,,,0,,0,0,0,0,0
extracted_from_pdf,32e972c7-11cd-429a-b21b-435b059a8375,Fine Fissured Hi NRC,EPD-KNA-20240027-IBI1-EN,Institut Bauen und Umwelt e.V. (IBU),EN 15804+A2,2024-03-12,2029-03-11,China,1 m² Fine Fissured Hi NRC mineral ceiling tiles with a surface weight of 4.51 kg/m².,,,,21.0,,,,,,,,,,0.0,0.0141,0.0,1.22,0.0,,,,22.1,,,,,,,,,,0.0,0.0135,0.0,0.0673,0.0,,,,-1.14,,,,,,,,,,0.0,0.000599,0.0,1.15,0.0,,,,0.0158,,,,,,,,,,0.0,3.53e-07,0.0,0.000124,0.0,,,,1.86e-10,,,,,,,,,,0.0,1.33e-15,0.0,1.58e-13,0.0,,,,0.0715,,,,,,,,,,0.0,4.54e-05,0.0,0.000477,0.0,,,,4.71e-05,,,,,,,,,,0.0,1.71e-09,0.0,1.14e-07,0.0,,,,0.0156,,,,,,,,,,0.0,2.06e-05,0.0,0.000122,0.0,,,,0.182,,,,,,,,,,0.0,0.000226,0.0,0.00134,0.0,,,,0.0511,,,,,,,,,,0.0,4.1e-05,0.0,0.000371,0.0,,,,0.000335,,,,,,,,,,0.0,5.48e-10,0.0,6.9e-09,0.0,,,,342.0,,,,,,,,,,0.0,0.187,0.0,0.882,0.0,,,,6.54,,,,,,,,,,0.0,0.000115,0.0,0.00738,0.0,,,,132.0,,,,,,,,,,0.0,0.00101,0.0,0.132,0.0,,,,13.4,,,,,,,,,,0.0,0.0,0.0,0.0,0.0,,,,145.0,,,,,,,,,,0.0,0.00101,0.0,0.132,0.0,,,,342.0,,,,,,,,,,0.0,0.187,0.0,0.883,0.0,,,,0.391,,,,,,,,,,0.0,0.0,0.0,0.0,0.0,,,,343.0,,,,,,,,,,0.0,0.187,0.0,0.883,0.0,,,,0.193,,,,,,,,,,0.0,0.0,0.0,0.0,0.0,,,,0.0,,,,,,,,,,0.0,0.0,0.0,0.0,0.0,,,,0.0,,,,,,,,,,0.0,0.0,0.0,0.0,0.0,,,,0.217,,,,,,,,,,0.0,2.9e-06,0.0,0.000224,0.0,,,,2.43e-06,,,,,,,,,,0.0,4.69e-13,0.0,4.53e-11,0.0,,,,4.36,,,,,,,,,,0.0,7.76e-06,0.0,4.51,0.0,,,,0.0143,,,,,,,,,,0.0,1.05e-07,0.0,9.8e-06,0.0,,,,,,,,,,,,,,,,,,,,,,,,,,,,,,,,,,,,,,,,,,,,,,,,,,,,,,,,,,,,,,,,,,,,,,,,,,,,,,,,,,,,,,,,,,,,,,,,,,,,,,,,,,,,,,,,,,,,,,,,,,,,,,,,,,,,,,,,,,,,,,,,,,,,,,,,,,,,,,,,,,,,,,,,,,,,,
extracted_from_pdf,34e9bbb7-a3c6-42fb-9b3d-0341e79def17,blaugelb insulation panel EPS,EPD-MEN-20230040-IBE1-DE,Institut Bauen und Umwelt e.V. (IBU),EN 15804+A2,2023-04-14,2028-04-13,EU-27,1 m³ blaugelb Dämmplatte EPS,,,,604.0,,,,,,,,,,0.0,,,0.0,,,,,597.0,,,,,,,,,,0.0,,,0.0,,,,,6.57,,,,,,,,,,0.0,,,0.0,,,,,0.0864,,,,,,,,,,0.0,,,0.0,,,,,5.08e-09,,,,,,,,,,0.0,,,0.0,,,,,0.857,,,,,,,,,,0.0,,,0.0,,,,,0.00722,,,,,,,,,,0.0,,,0.0,,,,,0.273,,,,,,,,,,0.0,,,0.0,,,,,2.7,,,,,,,,,,0.0,,,0.0,,,,,5.57,,,,,,,,,,0.0,,,0.0,,,,,6.2e-05,,,,,,,,,,0.0,,,0.0,,,,,16200.0,,,,,,,,,,0.0,,,0.0,,,,,18.0,,,,,,,,,,0.0,,,0.0,,,,,510.0,,,,,,,,,,0.0,,,0.0,,,,,37.8,,,,,,,,,,0.0,,,0.0,,,,,547.0,,,,,,,,,,0.0,,,0.0,,,,,9430.0,,,,,,,,,,0.0,,,0.0,,,,,6910.0,,,,,,,,,,0.0,,,0.0,,,,,16300.0,,,,,,,,,,0.0,,,0.0,,,,,0.394,,,,,,,,,,0.0,,,0.0,,,,,0.0,,,,,,,,,,0.0,,,0.0,,,,,0.0,,,,,,,,,,0.0,,,0.0,,,,,1.46,,,,,,,,,,0.0,,,0.0,,,,,2.07e-06,,,,,,,,,,0.0,,,0.0,,,,,10.6,,,,,,,,,,0.0,,,0.0,,,,,0.0735,,,,,,,,,,0.0,,,0.0,,,,,,,,,,,,,,,,,,,,,,,,,,,,,,,,,,,,,,,,,,,,,,,,,,,,,,,,,,,,,,,,,,,,,,,,,,,,,,,,,,,,,,,,,,,,,,,,,,,,0,,,,,,,,,,0,,,0,,0,,,,,,,,,,0,,,0,,0,,,,,,,,,,0,,,0,,0,,,,,,,,,,0,,,0,,0,,,,,,,,,,0,,,0,
extracted_from_pdf,36727a61-de18-4063-8f73-6c6957915f55,ALT 50,EPD-DOR-20210279-CBA2-EN,Institut Bauen und Umwelt e.V. (IBU),EN 15804+A2,2021-10-22,2026-08-15,India,1 specific Room Partition System (1 system with a size of 9 m²),,,,399.0,0.00018,3.17,,,,,,,,0.0,0.083,5.42,1.82e-05,-102.0,,,,401.0,0.000172,0.000129,,,,,,,,0.0,0.0794,5.42,1.81e-05,-101.0,,,,-3.53,0.00796,3.04,,,,,,,,0.0,0.00367,0.000126,6.18e-08,-0.318,,,,0.579,4.1e-06,5.42e-05,,,,,,,,0.0,1.86e-06,0.000306,5.21e-08,-0.019,,,,2.53e-11,1.82e-17,5.88e-16,,,,,,,,0.0,8.38e-18,2.73e-15,6.71e-20,-8.07e-10,,,,4.25,0.000172,0.000883,,,,,,,,0.0,7.94e-05,0.000965,1.3e-07,-0.383,,,,0.000354,3.68e-08,1.14e-07,,,,,,,,0.0,1.7e-08,4.36e-07,3.11e-11,-5.25e-05,,,,0.518,5.48e-05,0.000317,,,,,,,,0.0,2.53e-05,0.000218,3.34e-08,-0.0503,,,,5.68,0.00061,0.00397,,,,,,,,0.0,0.000281,0.0044,3.67e-07,-0.547,,,,1.58,0.000155,0.000842,,,,,,,,0.0,7.15e-05,0.000602,1.01e-07,-0.158,,,,0.000124,5.16e-09,9.23e-09,,,,,,,,0.0,2.38e-09,3.75e-08,1.62e-12,-7.04e-05,,,,4330.0,2.44,1.01,,,,,,,,0.0,1.13,2.51,0.000237,-1470.0,,,,35.4,0.000337,0.392,,,,,,,,0.0,0.000156,0.554,1.9e-06,-5.0,,,,654.0,0.0077,26.6,,,,,,,,0.0,0.00355,0.668,3.11e-05,-698.0,,,,26.4,0.0,-26.4,,,,,,,,0.0,0.0,-0.0143,0.0,0.0,,,,680.0,0.0077,0.185,,,,,,,,0.0,0.00355,0.654,3.11e-05,-698.0,,,,4310.0,2.44,1.87,,,,,,,,0.0,1.13,15.5,0.000237,-1470.0,,,,13.9,0.0,-0.86,,,,,,,,0.0,0.0,-13.0,0.0,0.0,,,,4330.0,2.44,1.01,,,,,,,,0.0,1.13,2.51,0.000237,-1470.0,,,,0.338,0.0,0.0,,,,,,,,0.0,0.0,0.0,0.0,0.0,,,,0.0,0.0,0.0,,,,,,,,0.0,0.0,0.0,0.0,0.0,,,,0.0,0.0,0.0,,,,,,,,0.0,0.0,0.0,0.0,0.0,,,,1.51,1.38e-05,0.00923,,,,,,,,0.0,6.37e-06,0.0133,5.98e-08,-1.22,,,,4.74e-05,2.37e-10,1.54e-09,,,,,,,,0.0,1.09e-10,9.58e-09,3.62e-12,-8.35e-07,,,,71.2,0.00025,0.103,,,,,,,,0.0,0.000115,0.563,0.00119,-27.1,,,,0.0573,2.62e-06,5.26e-05,,,,,,,,0.0,1.21e-06,9.33e-05,2.7e-09,-0.165,,,,,,,,,6.94e-05,9.06e-10,4.95e-09,,,,,,,,0,4.18e-10,1.23e-08,1.61e-12,-6.21e-06,7.47,0.000375,0.00809,,,,,,,,0,0.000173,0.0084,2.78e-07,-33.4,1060,1.73,0.476,,,,,,,,0,0.798,0.943,0.000136,-554,6.66e-07,3.26e-11,2.55e-11,,,,,,,,0,1.5e-11,8.16e-11,2.01e-14,-2.93e-08,3.36e-06,1.39e-09,1.15e-09,,,,,,,,0,6.42e-10,8.27e-09,2.21e-12,-7.26e-07,1150,0.00627,0.268,,,,,,,,0,0.00289,0.753,4.95e-05,-48.7,0,0,0,,,,,,,,0,0,0,0,0,0,0,0,,,,,,,,0,0,16.9,0,0,0,0,0,,,,,,,,0,0,0,0,0,0,0,4.81,,,,,,,,0,0,0,0,0,0,0,8.77,,,,,,,,0,0,0,0,0
extracted_from_pdf,368476df-7ee1-4559-8fe8-dfdfefa69781,Floor spring BTS 65,EPD-DOR-20220165-CBA1-EN,Institut Bauen und Umwelt e.V. (IBU),EN 15804+A2,2023-06-30,2028-06-29,CN,1 piece/product,,,,11.8,0.17,0.106,,,,,,,,0.0,0.0176,0.0119,0.00198,-4.01,,,,11.9,0.168,0.00266,,,,,,,,0.0,0.0168,0.0119,0.00197,-4.01,,,,-0.0965,0.00176,0.104,,,,,,,,0.0,0.000776,2.78e-07,6.72e-06,-0.00703,,,,0.00816,3.58e-06,1.75e-06,,,,,,,,0.0,4e-07,6.75e-07,5.66e-06,-0.000372,,,,1.02e-12,1.63e-17,1.92e-17,,,,,,,,0.0,1.77e-18,6.02e-18,7.29e-18,-1.08e-12,,,,0.0358,0.00497,2.98e-05,,,,,,,,0.0,1.68e-05,2.13e-06,1.41e-05,-0.0109,,,,1.79e-05,3.75e-08,3.75e-09,,,,,,,,0.0,3.59e-09,9.61e-10,3.38e-09,-3.94e-06,,,,0.00731,0.00131,1.08e-05,,,,,,,,0.0,5.35e-06,4.8e-07,3.63e-06,-0.00181,,,,0.0788,0.0144,0.000134,,,,,,,,0.0,5.94e-05,9.69e-06,3.99e-05,-0.0186,,,,0.0229,0.00367,2.85e-05,,,,,,,,0.0,1.51e-05,1.33e-06,1.1e-05,-0.00718,,,,0.001,4.47e-09,3.03e-10,,,,,,,,0.0,5.03e-10,8.26e-11,1.77e-10,-0.000346,,,,134.0,2.11,0.0336,,,,,,,,0.0,0.238,0.00554,0.0258,-38.4,,,,1.66,0.000308,0.0132,,,,,,,,0.0,3.29e-05,0.00122,0.000206,-0.389,,,,25.4,0.00685,0.906,,,,,,,,0.0,0.000751,0.141,0.00338,-0.797,,,,1.04,0.0,-0.9,,,,,,,,0.0,0.0,-0.139,0.0,0.0,,,,26.5,0.00685,0.0061,,,,,,,,0.0,0.000751,0.00144,0.00338,-0.797,,,,134.0,2.11,0.0336,,,,,,,,0.0,0.238,0.125,0.0258,-38.4,,,,0.119,0.0,0.0,,,,,,,,0.0,0.0,-0.119,0.0,0.0,,,,135.0,2.11,0.0336,,,,,,,,0.0,0.238,0.00554,0.0258,-38.4,,,,2.04,0.0,0.0,,,,,,,,0.0,0.0,0.0,0.0,0.0,,,,0.0,0.0,0.0,,,,,,,,0.0,0.0,0.0,0.0,0.0,,,,0.0,0.0,0.0,,,,,,,,0.0,0.0,0.0,0.0,0.0,,,,0.0548,1.24e-05,0.00031,,,,,,,,0.0,1.35e-06,2.92e-05,6.51e-06,-0.0119,,,,1.5e-07,2.07e-10,4.95e-11,,,,,,,,0.0,2.31e-11,2.11e-11,3.93e-10,-3.77e-06,,,,0.318,0.000216,0.00333,,,,,,,,0.0,2.44e-05,0.00124,0.13,0.313,,,,0.00467,2.33e-06,1.76e-06,,,,,,,,0.0,2.56e-07,2.06e-07,2.94e-07,-0.000721,,,,,,,,,,,,,,,,,,,,,,,,,,,,,,,,,,,,,,,,,,,,,,,,,,,,,,,,,,,,,,,,,,,,,,,,,,,,,,,,,,,,,,,,,,,,,,,,,,,,,,,,,,,,,,,,,,,,,,,,,,,,,,,,,,,,,,,,,,,,,,,,,,,,,,,,,,,,,,,,,,,,,,,,,,,,,
extracted_from_pdf,3686129f-7ba6-48b5-bb4d-879455ad1bc2,Fibrolith® mineral-bonded wood wool panels (mono-panels of building materials class B1),EPD-FIB-20230463-IBC1-DE,Institut Bauen und Umwelt e.V. (IBU),EN 15804+A2,15/02/2024,14/02/2029,DE,1 t Fibrolith® mineralisch gebundene Holzwolleplatten (Monoplatten der Baustoffklasse B1),,,,-100.0,,20.0,-206.0,,,,,,,0.0,9.24,935.0,0.0,-365.0,,,,838.0,,0.926,-206.0,,,,,,,0.0,9.24,15.4,0.0,-365.0,,,,-939.0,,19.0,,,,,,,,0.0,0.0,920.0,0.0,0.0,,,,1.38,,9.21e-05,,,,,,,,0.0,0.00456,0.00455,0.0,-0.312,,,,1.01e-05,,6.54e-09,,,,,,,,0.0,2.01e-07,3.71e-07,0.0,-1.01e-05,,,,1.94,,0.00226,,,,,,,,0.0,0.0202,0.129,0.0,-0.513,,,,0.0295,,3.68e-06,,,,,,,,0.0,7.5e-05,0.000229,0.0,-0.0278,,,,0.613,,0.00104,,,,,,,,0.0,0.00497,0.0591,0.0,-0.114,,,,6.84,,0.0111,,,,,,,,0.0,0.0518,0.631,0.0,-1.37,,,,2.39,,0.00304,,,,,,,,0.0,0.0313,0.183,0.0,-0.566,,,,0.000704,,6.48e-07,,,,,,,,0.0,3.02e-05,3.03e-05,0.0,-0.000349,,,,6820.0,,3.0,,,,,,,,0.0,131.0,204.0,0.0,-5380.0,,,,103.0,,0.0337,,,,,,,,0.0,0.541,2.07,0.0,-9.73,,,,2050.0,,198.0,,,,,,,,0.0,2.03,9580.0,0.0,-551.0,,,,9770.0,,-198.0,,,,,,,,0.0,0.0,-9570.0,0.0,0.0,,,,11800.0,,0.0723,,,,,,,,0.0,2.03,5.56,0.0,-551.0,,,,6820.0,,12.4,,,,,,,,0.0,131.0,204.0,0.0,-5440.0,,,,9.43,,-9.43,,,,,,,,0.0,0.0,0.0,0.0,0.0,,,,6820.0,,3.0,,,,,,,,0.0,131.0,204.0,0.0,-5440.0,,,,1.55,,0.0,,,,,,,,0.0,0.0,0.0,0.0,0.0,,,,0.0,,0.0,,,,,,,,0.0,0.0,0.0,0.0,0.0,,,,0.0,,0.0,,,,,,,,0.0,0.0,0.0,0.0,0.0,,,,1.97,,0.0107,,,,,,,,0.0,0.0343,0.512,0.0,-1.04,,,,0.0227,,3.9e-05,,,,,,,,0.0,0.000835,0.00203,0.0,-0.0146,,,,84.4,,0.288,,,,,,,,0.0,6.57,357.0,0.0,-15.2,,,,0.0254,,2.18e-06,,,,,,,,0.0,7.53e-05,0.000145,0.0,-0.0236,,,,,,,,,1.32e-05,,2.96e-08,,,,,,,,0,6.86e-07,2.46e-06,0,-2.21e-06,13.5,,0.00192,,,,,,,,0,0.0665,0.131,0,-10.5,0,,0,,,,,,,,0,0,0,0,0,1.85e-07,,5e-10,,,,,,,,0,4.21e-09,3.08e-08,0,-6.59e-08,4.6e-06,,2.22e-08,,,,,,,,0,9.31e-08,1.01e-06,0,-1.4e-06,53900.0,,1.38,,,,,,,,0,79.3,219.0,0,-421.0,0,,0,,,,,,,,0,0,0,0,0,0,,0,,,,,,,,0,0,0,0,0,0,,0,,,,,,,,0,0,0,0,0,0,,30.4,,,,,,,,0,0,1350.0,0,0,0,,58.1,,,,,,,,0,0,2580.0,0,0
extracted_from_pdf,369fb614-190a-433d-99ff-6a8e8788a58b,"Woven carpet tiles, pile material solution-dyed polyamide 6.0 with a TEXtiles heavy backing with recycled content, maximum total pile weight 400 g/m²",EPD-FLE-20230273-CBC1-EN,Institut Bauen und Umwelt e.V. (IBU),EN 15804+A2,2023-07-25,2028-07-24,Denmark,1 m2 woven carpet tiles having a pile material of polyamide 6 and a TEXtiles backing.,,,,8.85,0.19,0.583,0.0,0.549,,,,,,0.0,0.0105,,,-0.0458,,,,8.93,0.186,0.434,0.0,0.348,,,,,,0.0,0.0103,,,-0.0456,,,,-0.0889,0.00241,0.149,0.0,0.00416,,,,,,0.0,0.000134,,,-0.000232,,,,0.0035,0.00106,0.000143,0.0,0.196,,,,,,0.0,5.85e-05,,,-4.99e-06,,,,1.39e-09,1.13e-14,4.16e-11,0.0,3.42e-08,,,,,,0.0,6.29e-16,,,-3.06e-13,,,,0.0156,0.00113,0.000577,0.0,0.000832,,,,,,0.0,6.25e-05,,,-5.97e-05,,,,2.48e-05,5.65e-07,7.74e-07,0.0,5.19e-06,,,,,,0.0,3.13e-08,,,-6.23e-08,,,,0.00469,0.000553,0.000191,0.0,0.000197,,,,,,0.0,3.07e-05,,,-1.62e-05,,,,0.0457,0.00612,0.00195,0.0,0.00283,,,,,,0.0,0.00034,,,-0.000174,,,,0.0152,0.00105,0.000575,0.000418,0.000983,,,,,,0.0,5.8e-05,,,-4.54e-05,,,,1.28e-06,1.58e-08,3.93e-08,0.0,2.3e-07,,,,,,0.0,8.77e-10,,,-6.85e-09,,,,193.0,2.53,5.94,0.0,5.9,,,,,,0.0,0.14,,,-0.775,,,,1.25,0.00169,0.0552,0.0,0.0999,,,,,,0.0,9.38e-05,,,-0.00477,,,,29.0,0.144,1.07,0.0,3.69,,,,,,0.0,0.00797,,,-0.212,,,,0.185,0.0,-0.185,0.0,0.0,,,,,,0.0,0.0,,,0.0,,,,29.2,0.144,0.889,0.0,3.69,,,,,,0.0,0.00797,,,-0.212,,,,142.0,2.54,5.94,0.0,5.9,,,,,,0.0,0.141,,,-0.775,,,,51.0,0.0,0.0,0.0,0.0,,,,,,0.0,0.0,,,0.0,,,,194.0,2.54,5.94,0.0,5.9,,,,,,0.0,0.141,,,-0.775,,,,0.603,0.0,0.0181,0.0,0.0,,,,,,0.0,0.0,,,0.0,,,,0.0,0.0,0.0,0.0,0.0,,,,,,0.0,0.0,,,0.0,,,,0.0,0.0,0.0,0.0,0.0,,,,,,0.0,0.0,,,0.0,,,,0.0459,0.000163,0.0018,0.0,0.00334,,,,,,0.0,9.01e-06,,,-0.000202,,,,0.000424,1.21e-11,1.27e-05,0.0,4.19e-05,,,,,,0.0,6.73e-13,,,-1.05e-10,,,,0.183,0.000363,0.0221,0.0,0.0073,,,,,,0.0,2.01e-05,,,-0.00039,,,,0.00438,3.12e-06,0.000134,0.0,0.000376,,,,,,0.0,1.73e-07,,,-6.07e-05,,,,,,,,,1.18e-07,6.51e-09,4.11e-09,0,6.84e-08,,,,,,0,3.61e-10,,,-4.95e-10,,,,,,,,,,,,,,,,88.0,1.76,2.72,0.0036,2.69,,,,,,0,0.0974,,,-0.169,2.89e-09,3.55e-11,8.94e-11,0,6.21e-10,,,,,,0,1.97e-12,,,-7.8e-12,1.02e-07,2.1e-09,3.22e-09,2.6e-11,9.46e-09,,,,,,0,1.17e-10,,,-3e-10,,,,,,,,,,,,,,,,0,0,0,0,0,,,,,,0,0,,,0,0,0,0.095,0,0,,,,,,0,0,,,0,0,0,0,0,0,,,,,,0,0,,,0,0,0,0.253,0,0,,,,,,0,0,,,0,0,0,0.459,0,0,,,,,,0,0,,,0
extracted_from_pdf,37e62d96-7e02-466e-aaf4-99539b29d9a9,"CEM I 52,5 R (ft)",EPD-CEM-20240352-CAA1-DE,Institut Bauen und Umwelt e.V. (IBU),EN 15804+A2,2024-11-22,2029-11-21,DE,"Zement, lose Siloware (unverpackt) / 1000 kg",,,,678.0,,,,,,,,,,,,,,,,,,678.0,,,,,,,,,,,,,,,,,,0.0362,,,,,,,,,,,,,,,,,,0.0376,,,,,,,,,,,,,,,,,,1.37e-05,,,,,,,,,,,,,,,,,,2.16,,,,,,,,,,,,,,,,,,0.0653,,,,,,,,,,,,,,,,,,0.00437,,,,,,,,,,,,,,,,,,3.3,,,,,,,,,,,,,,,,,,0.962,,,,,,,,,,,,,,,,,,0.000119,,,,,,,,,,,,,,,,,,2470.0,,,,,,,,,,,,,,,,,,40.9,,,,,,,,,,,,,,,,,,29.5,,,,,,,,,,,,,,,,,,0.0,,,,,,,,,,,,,,,,,,29.5,,,,,,,,,,,,,,,,,,2470.0,,,,,,,,,,,,,,,,,,0.0,,,,,,,,,,,,,,,,,,2470.0,,,,,,,,,,,,,,,,,,96.9,,,,,,,,,,,,,,,,,,1160.0,,,,,,,,,,,,,,,,,,829.0,,,,,,,,,,,,,,,,,,1.02,,,,,,,,,,,,,,,,,,0.0727,,,,,,,,,,,,,,,,,,1.14,,,,,,,,,,,,,,,,,,,,,,,,,,,,,,,,,,,,,,,,,2.08e-05,,,,,,,,,,,,,,,17,,,,,,,,,,,,,,,53.3,,,,,,,,,,,,,,,9.09e-07,,,,,,,,,,,,,,,1.27e-05,,,,,,,,,,,,,,,526,,,,,,,,,,,,,,,0,,,,,,,,,,,,,,,0,,,,,,,,,,,,,,,0,,,,,,,,,,,,,,,0,,,,,,,,,,,,,,,0,,,,,,,,,,,,,,
extracted_from_pdf,38444b37-76cb-4ae3-80af-9de49c2b0ea5,ARGUS AIR sensor barriers,EPD-DOR-20210315-CBA8-EN,Institut Bauen und Umwelt e.V. (IBU),EN 15804+A2,2022-02-25,2027-02-24,DE,"1 piece of the product: one (1) dormakaba ARGUS Air Lounge sensor barrier, consisting of the following items:
- housing
- tempered safety glasses (6mm)
- cover plates
- glass door leaves (10mm)
- drive unit
- sensor technology
- LED status display
- product packaging",,,,1540.0,2.58,63.0,,,,,,2310.0,,0.0,1.12,19.7,1.34,-918.0,,,,1590.0,2.47,8.53,,,,,,2300.0,,0.0,1.07,11.5,1.33,-915.0,,,,-57.6,0.114,54.5,,,,,,7.66,,0.0,0.0495,8.24,0.00455,-2.47,,,,0.883,5.87e-05,0.0012,,,,,,3.33,,0.0,2.55e-05,0.000721,0.00383,-0.264,,,,7.25e-09,2.6e-16,1.25e-14,,,,,,5.05e-11,,0.0,1.13e-16,6.73e-15,4.93e-15,-6.69e-09,,,,8.19,0.00247,0.0129,,,,,,5.07,,0.0,0.00107,0.00322,0.00954,-3.64,,,,0.00185,5.28e-07,2.21e-06,,,,,,0.00614,,0.0,2.29e-07,1.06e-06,2.29e-06,-0.000529,,,,1.22,0.000785,0.00401,,,,,,1.13,,0.0,0.000341,0.000845,0.00246,-0.486,,,,13.4,0.00873,0.0555,,,,,,11.8,,0.0,0.00379,0.0148,0.027,-5.28,,,,3.5,0.00222,0.0108,,,,,,3.09,,0.0,0.000965,0.00232,0.00744,-1.52,,,,0.0383,7.39e-08,1.9e-07,,,,,,0.000665,,0.0,3.21e-08,9.46e-08,1.19e-07,-0.0207,,,,21000.0,35.0,18.7,,,,,,40400.0,,0.0,15.2,7.05,17.5,-13100.0,,,,253.0,0.00483,7.15,,,,,,501.0,,0.0,0.0021,2.02,0.139,-65.9,,,,8170.0,0.11,458.0,,,,,,17900.0,,0.0,0.0479,56.9,2.29,-5970.0,,,,509.0,0.0,-454.0,,,,,,0.0,,0.0,0.0,-55.2,0.0,0.0,,,,8680.0,0.11,3.72,,,,,,17900.0,,0.0,0.0479,1.7,2.29,-5970.0,,,,20700.0,35.0,143.0,,,,,,40400.0,,0.0,15.2,165.0,17.5,-13100.0,,,,283.0,0.0,-125.0,,,,,,0.0,,0.0,0.0,-158.0,0.0,0.0,,,,21000.0,35.0,18.7,,,,,,40400.0,,0.0,15.2,7.05,17.5,-13100.0,,,,13.2,0.0,0.0,,,,,,0.0,,0.0,0.0,0.0,0.0,0.0,,,,0.0,0.0,0.0,,,,,,0.0,,0.0,0.0,0.0,0.0,0.0,,,,0.0,0.0,0.0,,,,,,0.0,,0.0,0.0,0.0,0.0,0.0,,,,19.3,0.000198,0.169,,,,,,20.7,,0.0,8.6e-05,0.048,0.0044,-11.0,,,,7.47e-05,3.39e-09,3.32e-08,,,,,,1.67e-05,,0.0,1.48e-09,2.13e-08,2.66e-07,-1.19e-05,,,,372.0,0.00358,2.09,,,,,,28.7,,0.0,0.00156,1.24,87.8,-229.0,,,,1.14,3.76e-05,0.00096,,,,,,6.13,,0.0,1.63e-05,0.000298,0.000199,-1.39,,,,,,,,,8.64e-05,1.3e-08,8.83e-08,,,,,,4.26e-05,,0,5.64e-09,3.18e-08,1.18e-07,-5.82e-05,219.0,0.00537,0.141,,,,,,1010.0,,0,0.00233,0.0338,0.0204,-279.0,9760.0,24.8,8.54,,,,,,17300.0,,0,10.8,2.76,9.97,-5030.0,2.13e-05,4.66e-10,5.96e-10,,,,,,4.77e-07,,0,2.03e-10,2.23e-10,1.48e-09,-2.71e-07,2.23e-05,1.99e-08,3.86e-08,,,,,,1.76e-05,,0,8.67e-09,1.91e-08,1.63e-07,1.94e-06,8970.0,0.0899,5.19,,,,,,12900.0,,0,0.0391,2.07,3.64,-512.0,0,0,0,,,,,,0,,0,0,0,0,0,0,0,0,,,,,,0,,0,0,160.0,0,0,0,0,0,,,,,,0,,0,0,0,0,0,0,0,93.5,,,,,,0,,0,0,0,0,0,0,0,176.0,,,,,,0,,0,0,0,0,0
extracted_from_pdf,38abc01d-fcc1-4ca1-b6ec-a1f80e7c8d36,"Tufted tiles, Polyamid 6 with a maximum total pile weight 720 g/m2, EcoFlex Statera backing",EPD-IVC-20220243-CBB1-EN,Institut Bauen und Umwelt e.V. (IBU),EN 15804+A2,2022-09-15,2027-09-14,,1 m² floor covering,,,,10.0,0.277,0.777,0.0,0.549,,,,,,0.0,0.0153,,,-0.0942,,,,10.2,0.272,0.586,0.0,0.348,,,,,,0.0,0.015,,,-0.0937,,,,-0.173,0.00352,0.19,0.0,0.00416,,,,,,0.0,0.000194,,,-0.000477,,,,0.00279,0.00154,0.000142,0.0,0.196,,,,,,0.0,8.48e-05,,,-1.02e-05,,,,2.24e-11,1.65e-14,6.89e-13,0.0,3.42e-08,,,,,,0.0,9.12e-16,,,-6.28e-13,,,,0.0164,0.00164,0.000684,0.0,0.000832,,,,,,0.0,9.06e-05,,,-0.000123,,,,1.66e-05,8.23e-07,5.53e-07,0.0,5.19e-06,,,,,,0.0,4.54e-08,,,-1.28e-07,,,,0.00463,0.000806,0.000227,0.0,0.000197,,,,,,0.0,4.45e-05,,,-3.34e-05,,,,0.0439,0.00892,0.00233,0.0,0.00283,,,,,,0.0,0.000492,,,-0.000357,,,,0.0158,0.00152,0.000683,0.000418,0.000983,,,,,,0.0,8.41e-05,,,-9.34e-05,,,,1.6e-06,2.31e-08,4.97e-08,0.0,2.3e-07,,,,,,0.0,1.27e-09,,,-1.41e-08,,,,231.0,3.69,7.16,0.0,5.9,,,,,,0.0,0.203,,,-1.59,,,,0.451,0.00247,0.046,0.0,0.0999,,,,,,0.0,0.000136,,,-0.00979,,,,20.2,0.21,0.877,0.0,3.69,,,,,,0.0,0.0116,,,-0.434,,,,0.238,0.0,-0.238,0.0,0.0,,,,,,0.0,0.0,,,0.0,,,,20.4,0.21,0.639,0.0,3.69,,,,,,0.0,0.0116,,,-0.434,,,,167.0,3.7,8.89,0.0,5.9,,,,,,0.0,0.204,,,-1.59,,,,64.0,0.0,-1.72,0.0,0.0,,,,,,0.0,0.0,,,0.0,,,,231.0,3.7,7.17,0.0,5.9,,,,,,0.0,0.204,,,-1.59,,,,0.106,0.0,0.00318,0.0,0.0,,,,,,0.0,0.0,,,0.0,,,,0.0,0.0,0.0,0.0,0.0,,,,,,0.0,0.0,,,0.0,,,,0.0,0.0,0.0,0.0,0.0,,,,,,0.0,0.0,,,0.0,,,,0.0324,0.000237,0.00174,0.0,0.00334,,,,,,0.0,1.31e-05,,,-0.000415,,,,5.7e-08,1.77e-11,1.73e-09,0.0,4.19e-05,,,,,,0.0,9.76e-13,,,-2.16e-10,,,,0.197,0.00053,0.0468,0.0,0.0073,,,,,,0.0,2.92e-05,,,-0.000802,,,,0.00452,4.55e-06,0.00014,0.0,0.000376,,,,,,0.0,2.51e-07,,,-0.000124,,,,,,,,,,,,,,,,,,,,,,,,,,,,,,,,,,,,,,,,,,,,,,,,,,,,,,,,,,,,,,,,,,,,,,,,,,,,,,,,,,,,,,,,,,,,,,,,,,,,,,,,,,,,,,,,,,,,,,,,,,,,,,,,,,,,,,,,,,,,,,,,,,,,,,,,,,,,,,,,,,,,,,,,,,,,,
extracted_from_pdf,4085dd2a-f8db-437a-b43b-040c31849209,EL 301 Series Sliding Door Operator,EPD-DOR-20220260-CBA1-EN,Institut Bauen und Umwelt e.V. (IBU),EN 15804+A2,2022-11-29,2027-11-28,Australia,"1 piece of the product: EL 301 Series - sliding door operator, consisting of the following items: - EL 301 profiles - EL 301 drive components, consisting of motor, controller, power supply - EL 301 belt drive components - EL 301 accesssories battery pack and lock - EL301 carrier components - additional mechanical components - packaging",,,,531.0,0.64,2.02,,,,,,942.0,,0.0,0.311,4.3,0.131,-278.0,,,,533.0,0.611,0.063,,,,,,941.0,,0.0,0.298,3.23,0.13,-277.0,,,,-2.7,0.028,1.96,,,,,,0.846,,0.0,0.014,1.07,0.000444,-0.852,,,,0.385,1.46e-05,3.38e-05,,,,,,0.225,,0.0,7.08e-06,0.000189,0.000374,-0.041,,,,3.74e-09,6.46e-17,3.68e-16,,,,,,4.3e-12,,0.0,3.14e-17,1.71e-15,4.82e-16,-2.07e-09,,,,2.72,0.000612,0.000565,,,,,,4.52,,0.0,0.000298,0.000691,0.000933,-1.22,,,,0.000718,1.31e-07,7.18e-08,,,,,,0.000438,,0.0,6.37e-08,2.72e-07,2.23e-07,-0.000139,,,,0.368,0.000195,0.000204,,,,,,0.967,,0.0,9.48e-05,0.00016,0.00024,-0.146,,,,4.01,0.002,0.003,,,,,,10.6,,0.0,0.001,0.003,0.003,-1.58,,,,1.15,0.000551,0.00054,,,,,,2.69,,0.0,0.000268,0.000444,0.000727,-0.471,,,,0.0235,1.83e-08,5.8e-09,,,,,,6.31e-05,,0.0,8.93e-09,2.37e-08,1.17e-08,-0.012,,,,6770.0,8.67,0.64,,,,,,10400.0,,0.0,4.22,1.65,1.71,-3880.0,,,,81.1,0.001,0.25,,,,,,357.0,,0.0,0.000583,0.428,0.014,-14.2,,,,2400.0,0.027,17.1,,,,,,1590.0,,0.0,0.013,13.0,0.224,-1760.0,,,,29.6,0.0,-17.0,,,,,,0.0,,0.0,0.0,-12.6,0.0,0.0,,,,2430.0,0.027,0.117,,,,,,1590.0,,0.0,0.013,0.418,0.224,-1760.0,,,,6740.0,8.68,0.855,,,,,,10400.0,,0.0,4.22,37.8,1.71,-3880.0,,,,36.3,0.0,-0.215,,,,,,0.0,,0.0,0.0,-36.1,0.0,0.0,,,,6780.0,8.68,0.64,,,,,,10400.0,,0.0,4.22,1.65,1.71,-3880.0,,,,4.53,0.0,0.0,,,,,,0.0,,0.0,0.0,0.0,0.0,0.0,,,,0.0,0.0,0.0,,,,,,0.0,,0.0,0.0,0.0,0.0,0.0,,,,0.0,0.0,0.0,,,,,,0.0,,0.0,0.0,0.0,0.0,0.0,,,,6.03,4.9e-05,0.006,,,,,,5.01,,0.0,2.39e-05,0.01,0.00043,-3.16,,,,1.51e-05,8.42e-10,9.57e-10,,,,,,1.69e-06,,0.0,4.1e-10,5.8e-09,2.6e-08,-2.13e-05,,,,115.0,0.000887,0.064,,,,,,2.69,,0.0,0.000432,0.34,8.58,-69.0,,,,0.361,9.32e-06,3.35e-05,,,,,,0.002,,0.0,4.53e-06,6.46e-05,1.94e-05,-0.42,,,,,,,,,2.89e-05,3.22e-09,3.14e-09,,,,,,4.6e-05,,0,1.57e-09,7.97e-09,1.16e-08,-1.78e-05,68.1,0.001,0.005,,,,,,0.253,,0,0.000648,0.006,0.002,-84.5,2450.0,6.15,0.303,,,,,,1430.0,,0,2.99,0.631,0.975,-1410.0,2.95e-07,1.16e-10,1.61e-11,,,,,,8.4e-08,,0,5.63e-11,5.5e-11,1.45e-10,-6.1e-08,7.09e-06,4.94e-09,7.09e-10,,,,,,3.09e-06,,0,2.41e-09,5.12e-09,1.59e-08,-1.92e-06,1120.0,0.022,0.17,,,,,,975.0,,0,0.011,0.492,0.356,-119.0,0,0,0,,,,,,0,,0,0,0,0,0,0,0,0,,,,,,0,,0,0,61.1,0,0,0,0,0,,,,,,0,,0,0,0,0,0,0,0,3.06,,,,,,0,,0,0,0,0,0,0,0,5.56,,,,,,0,,0,0,0,0,0
extracted_from_pdf,447b2043-3c4e-4f7a-b790-390735e70ccb,blaugelb sill connection profile EPS,EPD-MEN-20230043-IBE1-DE,Institut Bauen und Umwelt e.V. (IBU),EN 15804+A2,2023-04-14,2028-04-13,EU-27,1 m³ blaugelb Bankanschlussprofil EPS,,,,673.0,,,,,,,,,,0.0,,,0.0,,,,,663.0,,,,,,,,,,0.0,,,0.0,,,,,10.2,,,,,,,,,,0.0,,,0.0,,,,,0.135,,,,,,,,,,0.0,,,0.0,,,,,5.57e-09,,,,,,,,,,0.0,,,0.0,,,,,0.963,,,,,,,,,,0.0,,,0.0,,,,,0.0115,,,,,,,,,,0.0,,,0.0,,,,,0.322,,,,,,,,,,0.0,,,0.0,,,,,3.07,,,,,,,,,,0.0,,,0.0,,,,,6.11,,,,,,,,,,0.0,,,0.0,,,,,6.87e-05,,,,,,,,,,0.0,,,0.0,,,,,17800.0,,,,,,,,,,0.0,,,0.0,,,,,20.3,,,,,,,,,,0.0,,,0.0,,,,,570.0,,,,,,,,,,0.0,,,0.0,,,,,16.3,,,,,,,,,,0.0,,,0.0,,,,,586.0,,,,,,,,,,0.0,,,0.0,,,,,11100.0,,,,,,,,,,0.0,,,0.0,,,,,6910.0,,,,,,,,,,0.0,,,0.0,,,,,18000.0,,,,,,,,,,0.0,,,0.0,,,,,0.169,,,,,,,,,,0.0,,,0.0,,,,,0.0,,,,,,,,,,0.0,,,0.0,,,,,0.0,,,,,,,,,,0.0,,,0.0,,,,,1.7,,,,,,,,,,0.0,,,0.0,,,,,2.18e-06,,,,,,,,,,0.0,,,0.0,,,,,15.5,,,,,,,,,,0.0,,,0.0,,,,,0.0826,,,,,,,,,,0.0,,,0.0,,,,,,,,,,,,,,,,,,,,,,,,,,,,,,,,,,,,,,,,,,,,,,,,,,,,,,,,,,,,,,,,,,,,,,,,,,,,,,,,,,,,,,,,,,,,,,,,,,,,0,,,,,,,,,,0,,,0,,0,,,,,,,,,,0,,,0,,0,,,,,,,,,,0,,,0,,0,,,,,,,,,,0,,,0,,0,,,,,,,,,,0,,,0,
extracted_from_pdf,44d20812-1ed2-4e11-9cf0-54a3b7eb56fa,FOAMGLAS® T3+,EPD-PCE-20200300-IBB2-EN,Institut Bauen und Umwelt e.V. (IBU),EN 15804+A2,2021-03-15,2026-03-14,BE/CZ,1 kg uncoated cellular glass insulation material,,,,1.45,0.0296,0.123,,,,,,,,0.000647,0.00235,,,-0.0513,,,,1.5,0.028,0.0579,,,,,,,,0.00064,0.00223,,,-0.0512,,,,-0.0472,0.00133,0.0653,,,,,,,,1.93e-06,0.000106,,,-0.000117,,,,0.000848,0.000228,3.94e-06,,,,,,,,4.99e-06,1.81e-05,,,-3.35e-05,,,,1.01e-13,3.38e-18,3.75e-17,,,,,,,,7.41e-20,2.68e-19,,,-4.98e-16,,,,0.00477,2.95e-05,2.14e-05,,,,,,,,3.09e-06,7.17e-06,,,-6.91e-05,,,,2.73e-05,8.55e-08,5.99e-09,,,,,,,,1.87e-09,6.79e-09,,,-6.16e-08,,,,0.00179,8.74e-06,6.07e-06,,,,,,,,1.44e-06,3.23e-06,,,-1.81e-05,,,,0.0189,0.000105,9.84e-05,,,,,,,,1.59e-05,3.61e-05,,,-0.000195,,,,0.00413,2.4e-05,1.65e-05,,,,,,,,4.03e-06,6.33e-06,,,-5.23e-05,,,,2.38e-07,2.02e-09,5.33e-10,,,,,,,,4.42e-11,1.6e-10,,,-8e-09,,,,23.0,0.374,0.0419,,,,,,,,0.0082,0.0297,,,-0.866,,,,0.123,0.000251,0.0129,,,,,,,,5.51e-06,2e-05,,,-0.00494,,,,13.3,0.021,0.61,,,,,,,,0.000461,0.00167,,,-0.177,,,,0.6,0.0,-0.6,,,,,,,,0.0,0.0,,,0.0,,,,13.9,0.021,0.01,,,,,,,,0.000461,0.00167,,,-0.177,,,,22.1,0.375,0.932,,,,,,,,0.00821,0.0298,,,-0.866,,,,0.89,0.0,-0.89,,,,,,,,0.0,0.0,,,0.0,,,,23.0,0.375,0.042,,,,,,,,0.00821,0.0298,,,-0.866,,,,0.56,0.0,0.0,,,,,,,,0.0,0.0,,,0.0,,,,0.0,0.0,0.0,,,,,,,,0.0,0.0,,,0.0,,,,0.0,0.0,0.0,,,,,,,,0.0,0.0,,,0.0,,,,0.0394,2.44e-05,0.000306,,,,,,,,5.34e-07,1.94e-06,,,-0.000205,,,,4.96e-08,1.74e-08,1.14e-10,,,,,,,,3.82e-10,1.39e-09,,,-3.44e-10,,,,0.0412,5.74e-05,0.00669,,,,,,,,1.26e-06,4.56e-06,,,-0.000386,,,,0.000109,4.64e-07,1.85e-06,,,,,,,,1.02e-08,3.68e-08,,,-6.03e-05,,,,,,,,,4.81e-08,1.73e-10,1.88e-10,,,,,,,,3.47e-11,3.92e-11,,,-5.88e-10,0.0151,6.71e-05,0.000225,,,,,,,,1.47e-06,5.33e-06,,,-0.00989,37.8,0.265,0.0168,,,,,,,,0.0058,0.021,,,-0.175,8.62e-10,5.54e-12,1.29e-12,,,,,,,,1.21e-13,4.4e-13,,,-7.96e-12,3.63e-08,2.87e-10,1.03e-10,,,,,,,,7.28e-12,2.58e-11,,,-2.96e-10,17.1,0.131,0.0122,,,,,,,,0.00288,0.0104,,,-0.127,0.0,0.0,0.0,,,,,,,,0.0,0.0,,,0.0,0.0,0.0,0.0,,,,,,,,0.0,0.0,,,0.0,0.0,0.0,0.0609,,,,,,,,0.0,0.0,,,0.0,0.0,0.0,0.202,,,,,,,,0.0,0.0,,,0.0,0.0,0.0,0.415,,,,,,,,0.0,0.0,,,0.0
extracted_from_pdf,454898b5-c2d1-48a5-a812-b5e54dd859f0,BEST 1C Series,EPD-DOR-20210304-CBA8-EN,Institut Bauen und Umwelt e.V. (IBU),EN 15804+A2,2022-05-04,2027-05-03,USA,1 core (1 piece) of the BEST 1C Series.,,,,0.31,0.007,0.002,,,,,,,,0.0,0.000192,0.0,0.0,0.002,,,,0.3,0.007,3.91e-05,,,,,,,,0.0,0.000183,0.0,0.0,0.002,,,,0.00905,0.000262,0.002,,,,,,,,0.0,8.46e-06,0.0,0.0,-3.56e-06,,,,0.000159,1.64e-07,2.57e-08,,,,,,,,0.0,4.36e-09,0.0,0.0,3.03e-06,,,,1.35e-14,7.33e-19,2.81e-19,,,,,,,,0.0,1.93e-20,0.0,0.0,6.35e-18,,,,0.000926,5.97e-05,4.37e-07,,,,,,,,0.0,1.83e-07,0.0,0.0,4.24e-05,,,,2.52e-07,1.54e-09,5.5e-11,,,,,,,,0.0,3.92e-11,0.0,0.0,8.54e-09,,,,0.000128,1.61e-05,1.58e-07,,,,,,,,0.0,5.83e-08,0.0,0.0,2.41e-06,,,,0.00138,0.000176,1.97e-06,,,,,,,,0.0,6.48e-07,0.0,0.0,2.62e-05,,,,0.000383,4.5e-05,4.18e-07,,,,,,,,0.0,1.65e-07,0.0,0.0,8.55e-06,,,,2.04e-05,2.07e-10,4.44e-12,,,,,,,,0.0,5.49e-12,0.0,0.0,4.43e-06,,,,4.74,0.098,0.000492,,,,,,,,0.0,0.003,0.0,0.0,0.024,,,,0.069,1.37e-05,0.000193,,,,,,,,0.0,3.59e-07,0.0,0.0,0.001,,,,0.852,0.00031,0.013,,,,,,,,0.0,8.19e-06,0.0,0.0,0.007,,,,0.013,0.0,-0.013,,,,,,,,0.0,0.0,0.0,0.0,0.0,,,,0.865,0.00031,8.95e-05,,,,,,,,0.0,8.19e-06,0.0,0.0,0.007,,,,4.74,0.098,0.000493,,,,,,,,0.0,0.003,0.0,0.0,0.025,,,,0.0,0.0,0.0,,,,,,,,0.0,0.0,0.0,0.0,0.0,,,,4.74,0.098,0.000493,,,,,,,,0.0,0.003,0.0,0.0,0.025,,,,0.045,0.0,0.0,,,,,,,,0.0,0.0,0.0,0.0,0.0,,,,0.0,0.0,0.0,,,,,,,,0.0,0.0,0.0,0.0,0.0,,,,0.0,0.0,0.0,,,,,,,,0.0,0.0,0.0,0.0,0.0,,,,0.00244,5.58e-07,4.55e-06,,,,,,,,0.0,1.47e-08,0.0,0.0,6.98e-06,,,,4.06e-09,9.5e-12,7.26e-13,,,,,,,,0.0,2.52e-13,0.0,0.0,2.8e-10,,,,0.015,9.99e-06,4.89e-05,,,,,,,,0.0,2.66e-07,0.0,0.0,0.000101,,,,0.000414,1.06e-07,2.59e-08,,,,,,,,0.0,2.79e-09,0.0,0.0,1.1e-06,,,,,,,,,7.66e-09,9.54e-10,2.42e-12,,,,,,,,0,9.63e-13,0,0,3.09e-10,0.038,1.51e-05,4.01e-06,,,,,,,,0,3.99e-07,0,0,-8.56e-05,1.78,0.069,0.000234,,,,,,,,0,0.002,0,0,0.041,1.9e-10,1.3e-12,1.24e-14,,,,,,,,0,3.46e-14,0,0,7.09e-13,2.95e-09,5.68e-11,5.36e-13,,,,,,,,0,1.48e-12,0,0,2.17e-10,0.9,0.000253,0.000131,,,,,,,,0,6.67e-06,0,0,0.023,0,0,0,,,,,,,,0,0,0,0,0,0,0,0,,,,,,,,0,0,0.044,0,0,0,0,0,,,,,,,,0,0,0,0,0,0.017,0,0.002,,,,,,,,0,0,0,0,0,0.031,0,0.004,,,,,,,,0,0,0,0,0
extracted_from_pdf,48d1a629-79cd-420b-bd06-3cdb04b2d0e8,Coating powder IGP-DURA@xal 4201 - Coating powder for metal surfaces,EPD-IGP-20220253-IAC2-DE,Institut Bauen und Umwelt e.V. (IBU),EN 15804+A2,2022-09-27,2027-09-26,Schweiz,1 kg,,,,4.34,,,,,,,,,,0.0,0.0175,0.0,2.54,0.0,,,,4.29,,,,,,,,,,0.0,0.0166,0.0,2.54,0.0,,,,0.0478,,,,,,,,,,0.0,0.00078,0.0,0.000295,0.0,,,,0.00249,,,,,,,,,,0.0,0.000136,0.0,0.000155,0.0,,,,8.37e-13,,,,,,,,,,0.0,2.12e-18,0.0,1.35e-15,0.0,,,,0.00925,,,,,,,,,,0.0,5.69e-05,0.0,0.000439,0.0,,,,1.26e-05,,,,,,,,,,0.0,4.93e-08,0.0,1.96e-07,0.0,,,,0.00269,,,,,,,,,,0.0,2.65e-05,0.0,9.88e-05,0.0,,,,0.0292,,,,,,,,,,0.0,0.000295,0.0,0.00203,0.0,,,,0.0108,,,,,,,,,,0.0,5.14e-05,0.0,0.000275,0.0,,,,5.33e-07,,,,,,,,,,0.0,1.26e-09,0.0,1.84e-08,0.0,,,,84.9,,,,,,,,,,0.0,0.221,0.0,1.18,0.0,,,,0.357,,,,,,,,,,0.0,0.000144,0.0,0.26,0.0,,,,8.75,,,,,,,,,,0.0,0.0123,0.0,0.332,0.0,,,,1.31,,,,,,,,,,0.0,0.0,0.0,0.0,0.0,,,,10.1,,,,,,,,,,0.0,0.0123,0.0,0.332,0.0,,,,64.6,,,,,,,,,,0.0,0.221,0.0,21.2,0.0,,,,20.4,,,,,,,,,,0.0,0.0,0.0,-20.0,0.0,,,,84.9,,,,,,,,,,0.0,0.221,0.0,1.18,0.0,,,,0.0,,,,,,,,,,0.0,0.0,0.0,0.0,0.0,,,,0.0,,,,,,,,,,0.0,0.0,0.0,0.0,0.0,,,,0.0,,,,,,,,,,0.0,0.0,0.0,0.0,0.0,,,,0.0221,,,,,,,,,,0.0,1.41e-05,0.0,0.00621,0.0,,,,2.91e-08,,,,,,,,,,0.0,1.11e-11,0.0,2.53e-10,0.0,,,,0.0936,,,,,,,,,,0.0,3.29e-05,0.0,0.264,0.0,,,,0.00111,,,,,,,,,,0.0,2.68e-07,0.0,4.02e-05,0.0,,,,,,,,,1.05e-07,,,,,,,,,,0,3.13e-10,0,5.62e-09,0,0.156,,,,,,,,,,0,3.83e-05,0,0.00372,0,63.9,,,,,,,,,,0,0.16,0,0.429,0,1.13e-09,,,,,,,,,,0,3.22e-12,0,3.87e-11,0,1.19e-07,,,,,,,,,,0,1.93e-10,0,3.89e-09,0,14.6,,,,,,,,,,0,0.0759,0,0.343,0,0,,,,,,,,,,0,0,0,0,0,0,,,,,,,,,,0,0,0,0,0,0,,,,,,,,,,0,0,0,0,0,0,,,,,,,,,,0,0,0,0,0,0,,,,,,,,,,0,0,0,0,0
extracted_from_pdf,48fea6bd-fbb8-432d-95fa-8639945a8e78,"Concrete C30/37, Type number 988899192",EPD-SPE-20230527-IBA1-DE,Institut Bauen und Umwelt e.V. (IBU),EN 15804+A2,2023-12-04,2028-12-03,DE,1 m3 unbewehrter Konstruktionsbeton (C 30/37),,,,175.3,,,,,,,,,,3.32,10.3,6.3,,-7.85,,,,174.5,,,,,,,,,,3.3,10.3,6.28,,-7.79,,,,0.59,,,,,,,,,,0.0115,0.0371,0.0118,,-0.0688,,,,0.16,,,,,,,,,,0.0122,0.0393,0.0107,,-0.0131,,,,2.88e-06,,,,,,,,,,6.47e-13,2.09e-12,8.31e-12,,-9.74e-11,,,,0.4,,,,,,,,,,0.0156,0.0357,0.0173,,-0.0188,,,,0.0177,,,,,,,,,,6.3e-06,2.03e-05,5.7e-06,,-2.61e-05,,,,0.11,,,,,,,,,,0.0742,0.0169,0.00765,,-0.00721,,,,1.36,,,,,,,,,,0.082,0.188,0.0843,,-0.0811,,,,0.34,,,,,,,,,,0.0208,0.0355,0.0213,,-0.0175,,,,3.38e-05,,,,,,,,,,3.17e-07,1.02e-06,4.39e-07,,-2.38e-06,,,,1270.0,,,,,,,,,,41.9,135.0,87.0,,-101.3,,,,29.8,,,,,,,,,,0.0153,0.0438,0.0319,,-1.91,,,,144.8,,,,,,,,,,2.76,8.9,3.64,,-47.4,,,,0.4,,,,,,,,,,0.0,0.0,0.0,,0.0,,,,145.2,,,,,,,,,,2.76,8.9,3.64,,-47.4,,,,1250.0,,,,,,,,,,41.9,135.0,87.1,,-101.9,,,,18.5,,,,,,,,,,0.0,0.0,0.0,,0.0,,,,1270.0,,,,,,,,,,41.9,135.0,87.1,,-101.9,,,,828.0,,,,,,,,,,0.0,0.0,0.0,,1530.0,,,,68.4,,,,,,,,,,0.0,0.0,0.0,,0.0,,,,168.0,,,,,,,,,,0.0,0.0,0.0,,0.0,,,,0.79,,,,,,,,,,0.04,0.14,0.04,,-0.97,,,,0.000373,,,,,,,,,,1.83e-10,5.91e-10,3.28e-09,,-6.47e-09,,,,24.9,,,,,,,,,,0.00682,0.022,0.0199,,-15.0,,,,0.8,,,,,,,,,,5.27e-05,0.00017,0.00199,,-0.005,,,,,,,,,,,,,,,,,,,1.78e-07,2.13e-07,1.9e-07,,-8.38e-07,,,,,,,,,,,0.00535,0.0173,0.375,,-0.502,,,,,,,,,,,,,,,,,,,,,,,,,,,,,,,,,,,,,,,,,,,,,,,,,,,,,,,,,,,,,0,,,,,,,,,,0,0,0,,0,0,,,,,,,,,,0,0,2360,0,0,0,,,,,,,,,,0,0,0,,0,0,,,,,,,,,,0,0,0,,0,0,,,,,,,,,,0,0,0,,0
extracted_from_pdf,4a672984-6f4c-454b-a5bf-bc2146efa7cf,Automatic Revolving Door KTV A - automatic revolving door,EPD-DOR-20210285-CBA9-EN,Institut Bauen und Umwelt e.V. (IBU),EN 15804+A2,2022-08-08,2027-08-07,,"one automatic revolving door, consisting of four (4) door leaves with a diameter of 3000 mm and a height of 2200 mm",,,,4080.0,7.97,52.5,,,,,,1430.0,,0.0,3.81,86.3,6.42,-2060.0,,,,4170.0,7.62,5.53,,,,,,1430.0,,0.0,3.64,35.4,6.38,-2050.0,,,,-96.8,0.352,47.0,,,,,,4.75,,0.0,0.168,50.9,0.0218,-4.76,,,,2.33,0.000181,0.00104,,,,,,2.07,,0.0,8.67e-05,0.00245,0.0184,-0.708,,,,7.29e-09,8.05e-16,1.09e-14,,,,,,3.14e-11,,0.0,3.85e-16,2.37e-14,2.37e-14,-1.39e-08,,,,22.3,0.00763,0.0143,,,,,,3.15,,0.0,0.00365,0.0136,0.0458,-7.87,,,,0.00426,1.63e-06,2.05e-06,,,,,,0.004,,0.0,7.8e-07,3.72e-06,1.1e-05,-0.00123,,,,3.55,0.00243,0.00505,,,,,,0.699,,0.0,0.00116,0.0038,0.0118,-1.06,,,,39.3,0.027,0.0643,,,,,,7.34,,0.0,0.0129,0.063,0.129,-11.5,,,,9.75,0.00686,0.0134,,,,,,1.92,,0.0,0.00328,0.0104,0.0357,-3.36,,,,0.0773,2.29e-07,1.67e-07,,,,,,0.000413,,0.0,1.09e-07,3.39e-07,5.73e-07,-0.0269,,,,53700.0,108.0,17.2,,,,,,25100.0,,0.0,51.7,27.1,83.7,-28600.0,,,,1300.0,0.0149,6.42,,,,,,311.0,,0.0,0.00714,8.87,0.669,-177.0,,,,18800.0,0.341,411.0,,,,,,11100.0,,0.0,0.163,517.0,11.0,-12500.0,,,,919.0,0.0,-408.0,,,,,,0.0,,0.0,0.0,-511.0,0.0,0.0,,,,19700.0,0.341,3.29,,,,,,11100.0,,0.0,0.163,6.24,11.0,-12500.0,,,,53200.0,108.0,90.3,,,,,,25100.0,,0.0,51.7,534.0,83.7,-28700.0,,,,580.0,0.0,-73.1,,,,,,0.0,,0.0,0.0,-507.0,0.0,0.0,,,,53700.0,108.0,17.2,,,,,,25100.0,,0.0,51.7,27.1,83.7,-28700.0,,,,36.9,0.0,0.0,,,,,,0.0,,0.0,0.0,0.0,0.0,0.0,,,,0.0,0.0,0.0,,,,,,0.0,,0.0,0.0,0.0,0.0,0.0,,,,0.0,0.0,0.0,,,,,,0.0,,0.0,0.0,0.0,0.0,0.0,,,,59.2,0.000611,0.151,,,,,,12.8,,0.0,0.000292,0.21,0.0211,-24.4,,,,0.000107,1.05e-08,3.01e-08,,,,,,1.04e-05,,0.0,5.02e-09,6.89e-08,1.28e-06,-0.000131,,,,844.0,0.0111,1.96,,,,,,17.8,,0.0,0.00529,3.96,421.0,-474.0,,,,2.52,0.000116,0.000874,,,,,,3.8,,0.0,5.55e-05,0.00123,0.000953,-2.88,,,,,,,,,0.000224,4.01e-08,8.46e-08,,,,,,1.39e-05,,0,1.92e-08,1.16e-07,5.66e-07,-0.00013,470.0,0.0166,0.13,,,,,,328.0,,0,0.00793,0.154,0.098,-577.0,31100.0,76.6,7.98,,,,,,5640.0,,0,36.6,10.9,47.8,-11000.0,7.35e-05,1.44e-09,4.47e-10,,,,,,1.56e-07,,0,6.89e-10,8.42e-10,7.09e-09,-6.96e-07,5.58e-05,6.16e-08,2.31e-08,,,,,,5.74e-06,,0,2.95e-08,6.4e-08,7.81e-07,4.97e-06,16200.0,0.278,4.64,,,,,,4200.0,,0,0.133,7.89,17.4,-1150.0,0,0,0,,,,,,0,,0,0,0,0,0,0,0,0,,,,,,0,,0,0,409.0,0,0,0,0,0,,,,,,0,,0,0,0,0,0,5.15,0,80.9,,,,,,0,,0,0,0,0,0,9.34,0,151.0,,,,,,0,,0,0,0,0,0
extracted_from_pdf,4d45e1c4-338a-4bd4-81b2-ba028e1047dc,ESA 100-300 Automatic Sliding Door,EPD-DOR-20220211-CBA1-EN,Institut Bauen und Umwelt e.V. (IBU),EN 15804+A2,2022-11-29,2027-11-28,USA,1 piece of the product: Automatic Sliding Door consisting of the following items: - header - drive -panels and jambs - packaging material,,,,1700.0,1.83,5.38,,,,,,1060.0,,,0.905,24.9,0.077,-1090.0,,,,1720.0,1.75,2.61,,,,,,1060.0,,,0.865,1.39,0.076,-1080.0,,,,-21.4,0.081,2.77,,,,,,0.23,,,0.04,23.5,0.00026,-3.53,,,,1.59,4.17e-05,0.00019,,,,,,0.321,,,2.06e-05,0.000267,0.000219,-0.163,,,,1.76e-09,1.85e-16,1.79e-15,,,,,,3.74e-12,,,9.13e-17,3.17e-15,2.82e-16,-8.94e-09,,,,8.18,0.002,0.001,,,,,,1.72,,,0.000865,0.003,0.000546,-4.15,,,,0.00208,3.75e-07,3.04e-07,,,,,,0.000581,,,1.85e-07,4.75e-07,1.31e-07,-0.000535,,,,1.1,0.000558,0.000389,,,,,,0.368,,,0.000275,0.001,0.000141,-0.538,,,,12.0,0.006,0.006,,,,,,3.95,,,0.003,0.016,0.002,-5.85,,,,3.4,0.002,0.001,,,,,,1.05,,,0.000779,0.003,0.000425,-1.7,,,,0.00433,5.25e-08,2.57e-08,,,,,,0.000211,,,2.59e-08,4.91e-08,6.83e-09,-0.000674,,,,22400.0,24.8,2.07,,,,,,17200.0,,,12.3,5.12,0.998,-15600.0,,,,260.0,0.003,0.612,,,,,,206.0,,,0.002,2.49,0.008,-47.0,,,,9450.0,0.078,24.5,,,,,,2720.0,,,0.039,198.0,0.131,-7590.0,,,,221.0,0.0,-24.0,,,,,,0.0,,,0.0,-197.0,0.0,0.0,,,,9670.0,0.078,0.469,,,,,,2720.0,,,0.039,0.992,0.131,-7590.0,,,,22300.0,24.9,45.1,,,,,,17200.0,,,12.3,28.5,0.999,-15600.0,,,,66.4,0.0,-43.0,,,,,,0.0,,,0.0,-23.4,0.0,0.0,,,,22400.0,24.9,2.07,,,,,,17200.0,,,12.3,5.12,0.999,-15600.0,,,,5.79,0.0,0.0,,,,,,0.0,,,0.0,0.0,0.0,0.0,,,,0.0,0.0,0.0,,,,,,0.0,,,0.0,0.0,0.0,0.0,,,,0.0,0.0,0.0,,,,,,0.0,,,0.0,0.0,0.0,0.0,,,,23.8,0.00014,0.014,,,,,,6.3,,,6.94e-05,0.058,0.000252,-13.2,,,,2.95e-05,2.41e-09,5.81e-09,,,,,,6.63e-06,,,1.19e-09,5.1e-09,1.52e-08,-1.24e-05,,,,455.0,0.003,0.353,,,,,,5.35,,,0.001,0.264,5.02,-298.0,,,,1.36,2.67e-05,9.08e-05,,,,,,1.53,,,1.32e-05,0.000284,1.14e-05,-1.79,,,,,,,,,8.53e-05,9.21e-09,1.02e-08,,,,,,1.54e-05,,,4.55e-09,1.88e-08,6.76e-09,-6.73e-05,271.0,0.004,0.011,,,,,,127.0,,,0.002,0.044,0.001,-364.0,7940.0,17.6,0.867,,,,,,5130.0,,,8.69,2.22,0.57,-5950.0,9.43e-07,3.31e-10,6.08e-11,,,,,,1.1e-07,,,1.64e-10,1.63e-10,8.45e-11,-2.89e-07,2.02e-05,1.42e-08,4.85e-09,,,,,,4.17e-06,,,6.99e-09,6.63e-09,9.32e-09,-7.84e-06,4730.0,0.064,0.59,,,,,,1570.0,,,0.032,1.44,0.208,-442.0,0,0,0,,,,,,0,,,0,0,0,0,0,0,0,,,,,,0,,,0,191.0,0,0,0,0,0,,,,,,0,,,0,0,0,0,0,0,9.0,,,,,,0,,,0,0,0,0,0,0,18.6,,,,,,0,,,0,0,0,0
extracted_from_pdf,4e739e25-97dd-435c-8d94-b7852e1be760,Automatic Swing Door Operator ED 100 - Automatic Swing Door Operator,EPD-DOR-20260266-CBA2-EN,Institut Bauen und Umwelt e.V. (IBU),EN 15804+A2,2026-05-08,2031-05-07,DE,"1 piece of the product: Automatic Swing Door Operator ED 100, consisting of the following items: - Swing door operator - Slide channel set - Basic cover - Product packaging",,,,31.8,0.135,2.23,,0.0,,,,396.0,,0.0,0.061,4.93,0.009,-12.4,,,,33.9,0.13,0.046,,0.0,,,,394.0,,0.0,0.058,4.91,0.009,-12.4,,,,-2.2,0.006,2.19,,0.0,,,,1.85,,0.0,0.003,0.019,2.86e-05,-0.026,,,,0.046,5.06e-06,3.04e-05,,0.0,,,,0.136,,0.0,2.27e-06,0.000334,5.4e-05,-0.005,,,,1.56e-10,1.13e-14,2.68e-13,,0.0,,,,5.75e-09,,0.0,5.08e-15,5.09e-12,2.43e-14,-8.61e-11,,,,0.146,0.000143,0.000547,,0.0,,,,1.41,,0.0,6.42e-05,0.001,6.39e-05,-0.045,,,,9.51e-05,3.31e-08,7.64e-08,,0.0,,,,0.000964,,0.0,1.48e-08,1.02e-06,2.05e-08,-1.53e-05,,,,0.0287,5.1e-05,0.000201,,0.0,,,,0.266,,0.0,2.29e-05,0.000263,1.64e-05,-0.006,,,,0.316,0.000579,0.003,,0.0,,,,2.86,,0.0,0.00026,0.005,0.000181,-0.069,,,,0.088,0.00015,0.000533,,0.0,,,,0.752,,0.0,6.72e-05,0.000721,5.03e-05,-0.021,,,,0.00416,3.36e-09,2.83e-09,,0.0,,,,5.04e-05,,0.0,1.51e-09,4.33e-08,5.83e-10,-0.001,,,,509.0,1.81,0.604,,0.0,,,,6770.0,,0.0,0.812,5.48,0.119,-180.0,,,,11.2,0.00026,0.243,,0.0,,,,105.0,,0.0,0.000117,0.494,0.001,-1.47,,,,188.0,0.009,16.9,,0.0,,,,3810.0,,0.0,0.004,3.23,0.021,-68.4,,,,16.9,0.0,-16.8,,0.0,,,,0.0,,0.0,0.0,-0.132,0.0,0.0,,,,205.0,0.009,0.165,,0.0,,,,3810.0,,0.0,0.004,3.1,0.021,-68.4,,,,445.0,1.81,0.604,,0.0,,,,6770.0,,0.0,0.812,69.8,0.119,-180.0,,,,64.3,0.0,0.0,,0.0,,,,0.0,,0.0,0.0,-64.3,0.0,0.0,,,,509.0,1.81,0.604,,0.0,,,,6770.0,,0.0,0.812,5.48,0.119,-180.0,,,,8.8,0.0,0.0,,0.0,,,,0.0,,0.0,0.0,0.0,0.0,2.3,,,,0.0,0.0,0.0,,0.0,,,,0.0,,0.0,0.0,0.0,0.0,0.0,,,,0.0,0.0,0.0,,0.0,,,,0.0,,0.0,0.0,0.0,0.0,0.0,,,,0.408,1.06e-05,0.006,,0.0,,,,3.53,,0.0,4.77e-06,0.013,3.14e-05,-0.175,,,,4.29e-05,5.58e-11,3.44e-10,,0.0,,,,7.36e-06,,0.0,2.51e-11,6.42e-09,2.96e-11,-1.32e-07,,,,6.87,0.000173,0.062,,0.0,,,,4.45,,0.0,7.77e-05,0.485,0.602,-1.78,,,,0.017,2.01e-06,3.04e-05,,0.0,,,,0.815,,0.0,9.03e-07,0.00057,1.25e-06,-0.015,,,,,,,,,2.09e-06,1.31e-09,3.01e-09,,0,,,,1.82e-05,,0,5.88e-10,1.2e-08,8.01e-10,-6.48e-07,1.89,0.000275,0.005,,0,,,,123.0,,0,0.000124,0.089,0.000144,-2.76,185.0,1.34,0.264,,0,,,,2040.0,,0,0.602,1.81,0.068,-45.8,6.55e-07,2.42e-11,1.57e-11,,0,,,,1.01e-07,,0,1.09e-11,1.26e-10,1.61e-12,-3.05e-06,4.7e-07,7.6e-10,3.1e-10,,0,,,,2.01e-06,,0,3.41e-10,6.45e-09,6.24e-11,-5.95e-08,180.0,0.006,0.184,,0,,,,2120.0,,0,0.003,2.09,0.033,-14.4,0,0,0,,0,,,,0,,0,0,0,0,0,0,0,0,,0,,,,0,,0,0,4.99,0,0,0,0,0,,0,,,,0,,0,0,0,0,0,0,0,2.97,,0,,,,0,,0,0,7.32,0,0,0,0,5.39,,0,,,,0,,0,0,16.9,0,0
extracted_from_pdf,51555a63-9b9c-49d5-a8c3-186bbdc3262c,VELUX Commercial Polycarbonate rooflights (PC-ovenlys),EPD-VEL-20240209-IBA1-EN,Institut Bauen und Umwelt e.V. (IBU),EN 15804+A2,2024-07-23,2029-07-22,Europe,1 m2 of VELUX Commercial Polycarbonate rooflights (PC-ovenlys),,,,86.9,,,,,,,,,,0.0,0.51,54.2,0.0,-124.0,,,,120.0,,,,,,,,,,0.0,0.509,20.9,0.0,-118.0,,,,-33.6,,,,,,,,,,0.0,0.000427,33.3,0.0,-5.65,,,,0.262,,,,,,,,,,0.0,0.000249,0.00157,0.0,-0.277,,,,4.17e-06,,,,,,,,,,0.0,1.12e-08,1.72e-07,0.0,-1.62e-06,,,,0.722,,,,,,,,,,0.0,0.00238,0.0277,0.0,-0.451,,,,0.00468,,,,,,,,,,0.0,4.18e-06,0.000103,0.0,-0.0104,,,,0.131,,,,,,,,,,0.0,0.000937,0.0123,0.0,-0.0741,,,,1.53,,,,,,,,,,0.0,0.0101,0.136,0.0,-0.851,,,,0.579,,,,,,,,,,0.0,0.00353,0.0383,0.0,-0.271,,,,0.000707,,,,,,,,,,0.0,1.59e-06,4.25e-06,0.0,0.000113,,,,1800.0,,,,,,,,,,0.0,7.35,35.5,0.0,-1490.0,,,,40.8,,,,,,,,,,0.0,0.032,0.387,0.0,-8.84,,,,468.0,,,,,,,,,,0.0,0.115,397.0,0.0,-228.0,,,,395.0,,,,,,,,,,0.0,0.0,-395.0,0.0,0.0,,,,863.0,,,,,,,,,,0.0,0.115,2.19,0.0,-228.0,,,,1560.0,,,,,,,,,,0.0,7.35,277.0,0.0,-1510.0,,,,241.0,,,,,,,,,,0.0,0.0,-241.0,0.0,0.0,,,,1810.0,,,,,,,,,,0.0,7.35,35.7,0.0,-1510.0,,,,1.31,,,,,,,,,,0.0,0.0,0.0,0.0,3.16,,,,0.0,,,,,,,,,,0.0,0.0,0.0,0.0,0.0,,,,0.0,,,,,,,,,,0.0,0.0,0.0,0.0,0.0,,,,2.65,,,,,,,,,,0.0,0.00199,0.0363,0.0,-0.683,,,,0.0148,,,,,,,,,,0.0,4.63e-05,0.000185,0.0,0.00422,,,,27.0,,,,,,,,,,0.0,0.468,3.17,0.0,-15.8,,,,0.00458,,,,,,,,,,0.0,4.31e-06,8.77e-05,0.0,-0.00751,,,,,,,,,9.41e-06,,,,,,,,,,0,5e-08,5.09e-07,0,-4.68e-06,3.18,,,,,,,,,,0,0.00381,0.048,0,-3.39,1930,,,,,,,,,,0,3.62,74.4,0,-316,2.22e-07,,,,,,,,,,0,2.74e-10,1.01e-08,0,-6.53e-08,1.95e-06,,,,,,,,,,0,5.7e-09,4.23e-08,0,-8.35e-07,4390,,,,,,,,,,0,5.53,5.09,0,-199,0,,,,,,,,,,0,0,0,0,0,0.17,,,,,,,,,,0,0,4.3,0,4.3,0,,,,,,,,,,0,0,0,0,0,5.45,,,,,,,,,,0,0,114,0,0,9.39,,,,,,,,,,0,0,197,0,0
extracted_from_pdf,5429f879-3e40-48ac-9a21-ee83f97e0aba,"CEM I 42,5 R",EPD-CEM-20240343-CAA1-DE,Institut Bauen und Umwelt e.V. (IBU),EN 15804+A2,2024-11-26,2029-11-25,DE,1000 kg,,,,659.0,,,,,,,,,,,,,,,,,,658.0,,,,,,,,,,,,,,,,,,0.0369,,,,,,,,,,,,,,,,,,0.0405,,,,,,,,,,,,,,,,,,1.13e-05,,,,,,,,,,,,,,,,,,2.05,,,,,,,,,,,,,,,,,,0.0595,,,,,,,,,,,,,,,,,,0.00395,,,,,,,,,,,,,,,,,,3.14,,,,,,,,,,,,,,,,,,0.91,,,,,,,,,,,,,,,,,,0.000102,,,,,,,,,,,,,,,,,,2120.0,,,,,,,,,,,,,,,,,,41.0,,,,,,,,,,,,,,,,,,30.1,,,,,,,,,,,,,,,,,,0.0,,,,,,,,,,,,,,,,,,30.1,,,,,,,,,,,,,,,,,,2120.0,,,,,,,,,,,,,,,,,,0.0,,,,,,,,,,,,,,,,,,2120.0,,,,,,,,,,,,,,,,,,90.9,,,,,,,,,,,,,,,,,,1160.0,,,,,,,,,,,,,,,,,,832.0,,,,,,,,,,,,,,,,,,1.01,,,,,,,,,,,,,,,,,,0.0729,,,,,,,,,,,,,,,,,,1.15,,,,,,,,,,,,,,,,,,,,,,,,,,,,,,,,,,,,,,,,,2.07e-05,,,,,,,,,,,,,,,13.5,,,,,,,,,,,,,,,50.5,,,,,,,,,,,,,,,7.92e-07,,,,,,,,,,,,,,,1.21e-05,,,,,,,,,,,,,,,503,,,,,,,,,,,,,,,0,,,,,,,,,,,,,,,0,,,,,,,,,,,,,,,0,,,,,,,,,,,,,,,0,,,,,,,,,,,,,,,0,,,,,,,,,,,,,,
extracted_from_pdf,559aeda4-9701-4c6a-bc82-8c81176d0fc0,ED 100/250,EPD-DOR-20220318-CBA3-EN,Institut Bauen und Umwelt e.V. (IBU),EN 15804+A2,2023-04-14,2028-04-13,Germany,"1 piece of the product: Automatic Swing Door Operator ED 100, consisting of the following items:
- ED 100 swing door operator
- ED slide channel set
- ED basic cover
- Product packaging",,,,50.1,0.118,1.57,,,,,,285.0,,0.0,0.062,6.22,0.042,-13.9,,,,52.7,0.113,0.039,,,,,,283.0,,0.0,0.059,4.89,0.042,-13.8,,,,-2.72,0.005,1.53,,,,,,0.945,,0.0,0.003,1.33,0.000143,-0.036,,,,0.067,2.69e-06,2.58e-05,,,,,,0.411,,0.0,1.4e-06,0.000288,0.000121,-0.007,,,,4.49e-09,1.2e-17,2.83e-16,,,,,,6.24e-12,,0.0,6.22e-18,2.62e-15,1.55e-16,-2.62e-11,,,,0.214,0.000113,0.000439,,,,,,0.626,,0.0,5.89e-05,0.001,0.000301,-0.053,,,,0.000204,2.42e-08,5.53e-08,,,,,,0.000757,,0.0,1.26e-08,4.16e-07,7.2e-08,-2.37e-05,,,,0.038,3.61e-05,0.000159,,,,,,0.139,,0.0,1.88e-05,0.000258,7.74e-05,-0.007,,,,0.4,0.000401,0.002,,,,,,1.46,,0.0,0.000209,0.005,0.00085,-0.079,,,,0.119,0.000102,0.00042,,,,,,0.381,,0.0,5.3e-05,0.000712,0.000234,-0.026,,,,0.0112,3.4e-09,4.46e-09,,,,,,8.21e-05,,0.0,1.77e-09,3.63e-08,3.76e-09,-0.003,,,,817.0,1.61,0.495,,,,,,4980.0,,0.0,0.835,2.55,0.55,-190.0,,,,9.42,0.000222,0.194,,,,,,61.8,,0.0,0.000115,0.637,0.004,-1.88,,,,192.0,0.005,13.4,,,,,,2210.0,,0.0,0.003,9.52,0.072,-48.7,,,,22.2,0.0,-13.3,,,,,,0.0,,0.0,0.0,-8.88,0.0,0.0,,,,214.0,0.005,0.09,,,,,,2210.0,,0.0,0.003,0.641,0.072,-48.7,,,,736.0,1.61,0.495,,,,,,4980.0,,0.0,0.836,83.3,0.55,-190.0,,,,80.8,0.0,0.0,,,,,,0.0,,0.0,0.0,-80.8,0.0,0.0,,,,817.0,1.61,0.495,,,,,,4980.0,,0.0,0.836,2.55,0.55,-190.0,,,,5.66,0.0,0.0,,,,,,0.0,,0.0,0.0,0.0,0.0,0.0,,,,0.0,0.0,0.0,,,,,,0.0,,0.0,0.0,0.0,0.0,0.0,,,,0.0,0.0,0.0,,,,,,0.0,,0.0,0.0,0.0,0.0,0.0,,,,0.325,9.08e-06,0.005,,,,,,2.55,,0.0,4.72e-06,0.015,0.000139,-0.095,,,,3.63e-05,1.56e-10,7.3e-10,,,,,,2.06e-06,,0.0,8.11e-11,8.81e-09,8.39e-09,-3.9e-06,,,,3.33,0.000164,0.049,,,,,,3.54,,0.0,8.55e-05,0.516,2.77,-0.613,,,,0.028,1.73e-06,2.6e-05,,,,,,0.756,,0.0,8.97e-07,0.0001,6.26e-06,-0.013,,,,,,,,,2.07e-06,5.96e-10,2.43e-09,,,,,,5.25e-06,,0,3.1e-10,1.2e-08,3.72e-09,-6.78e-07,3.34,0.000246,0.004,,,,,,124.0,,0,0.000128,0.01,0.000644,-2.1,371.0,1.14,0.235,,,,,,2130.0,,0,0.592,0.974,0.314,-64.3,2.96e-08,2.14e-11,1.24e-11,,,,,,5.89e-08,,0,1.11e-11,8.17e-11,4.66e-11,2.28e-08,1.55e-06,9.15e-10,5.38e-10,,,,,,2.17e-06,,0,4.76e-10,7.72e-09,5.13e-09,2.7e-06,467.0,0.004,0.131,,,,,,1590.0,,0,0.002,0.757,0.115,-15.1,0,0,0,,,,,,0,,0,0,0,0,0,0,0,0,,,,,,0,,0,0,6.55,0,0,0,0,0,,,,,,0,,0,0,0,0,0,0,0,2.37,,,,,,0,,0,0,11.1,0,0,0,0,4.3,,,,,,0,,0,0,24.5,0,0
extracted_from_pdf,55a779b7-89a1-4249-a37b-1c2445e56426,ADAGIO dB+ (30 mm),EPD-KNA-20240275-IBA1-EN,Institut Bauen und Umwelt e.V. (IBU),EN 15804+A2,2024-11-26,2029-11-25,Germany,1 m² ADAGIO dB+ mineral ceiling tiles with a surface weight of 10.70 kg/m².,,,,6.52,,,,,,,,,,0.0,0.039,0.0,1.31,0.0,,,,8.14,,,,,,,,,,0.0,0.0386,0.0,0.158,0.0,,,,-1.62,,,,,,,,,,0.0,8.82e-05,0.0,1.15,0.0,,,,0.00461,,,,,,,,,,0.0,0.000361,0.0,0.0005,0.0,,,,4.72e-10,,,,,,,,,,0.0,5.07e-15,0.0,4.09e-13,0.0,,,,0.048,,,,,,,,,,0.0,0.000138,0.0,0.00114,0.0,,,,0.000233,,,,,,,,,,0.0,1.43e-07,0.0,3.24e-07,0.0,,,,0.00862,,,,,,,,,,0.0,6.34e-05,0.0,0.000295,0.0,,,,0.153,,,,,,,,,,0.0,0.000712,0.0,0.00324,0.0,,,,0.0158,,,,,,,,,,0.0,0.000125,0.0,0.000889,0.0,,,,1.31e-06,,,,,,,,,,0.0,2.58e-09,0.0,7.43e-09,0.0,,,,118.0,,,,,,,,,,0.0,0.531,0.0,2.14,0.0,,,,3.43,,,,,,,,,,0.0,0.000471,0.0,0.0177,0.0,,,,3.41,,,,,,,,,,0.0,0.0387,0.0,0.349,0.0,,,,17.6,,,,,,,,,,0.0,0.0,0.0,0.0,0.0,,,,21.0,,,,,,,,,,0.0,0.0387,0.0,0.349,0.0,,,,117.0,,,,,,,,,,0.0,0.533,0.0,2.14,0.0,,,,0.774,,,,,,,,,,0.0,0.0,0.0,0.0,0.0,,,,118.0,,,,,,,,,,0.0,0.533,0.0,2.14,0.0,,,,1.56,,,,,,,,,,0.0,0.0,0.0,0.0,0.0,,,,0.0,,,,,,,,,,0.0,0.0,0.0,0.0,0.0,,,,0.0,,,,,,,,,,0.0,0.0,0.0,0.0,0.0,,,,2.61,,,,,,,,,,0.0,4.23e-05,0.0,0.000541,0.0,,,,1.76e-05,,,,,,,,,,0.0,1.65e-12,0.0,4.67e-11,0.0,,,,1.92,,,,,,,,,,0.0,8.13e-05,0.0,10.7,0.0,,,,0.00326,,,,,,,,,,0.0,9.98e-07,0.0,2.44e-05,0.0,,,,,,,,,,,,,,,,,,,,,,,,,,,,,,,,,,,,,,,,,,,,,,,,,,,,,,,,,,,,,,,,,,,,,,,,,,,,,,,,,,,,,,,,,,,,,,,,,,,,,,,,,,,,,,,,,,,,,,,,,,,,,,,,,,,,,,,,,,,,,,,,,,,,,,,,,,,,,,,,,,,,,,,,,,,,,
extracted_from_pdf,55b8a86c-fde6-4245-9280-fbbfe19a1586,designed acoustic ceiling 24 mm,EPD-SPH-20210147-IBA1-DE,Institut Bauen und Umwelt e.V. (IBU),EN 15804+A2,2021-07-19,2026-07-18,DE,1 m² designed acoustic ceiling 24 mm,,,,28.0,0.0303,0.14,0.0,0.0,,,,,,0.0199,0.0184,0.0,7.32,-12.1,,,,28.0,0.0289,0.111,0.0,0.0,,,,,,0.0197,0.0176,0.0,7.32,-12.1,,,,0.00174,0.00135,0.0296,0.0,0.0,,,,,,0.000129,0.000819,0.0,0.00036,-0.000491,,,,0.0133,1.7e-06,6.73e-05,0.0,0.0,,,,,,5e-05,1.03e-06,0.0,0.000164,-0.00475,,,,4.33e-11,9.68e-18,7.99e-16,0.0,0.0,,,,,,6.05e-16,5.87e-18,0.0,1.68e-15,-4.53e-14,,,,0.116,8.38e-05,6.82e-05,0.0,0.0,,,,,,3e-05,5.39e-05,0.0,0.00217,-0.045,,,,3.77e-05,7.07e-09,1.09e-07,0.0,0.0,,,,,,8.16e-08,4.29e-09,0.0,2.94e-07,-6.78e-06,,,,0.0249,3.91e-05,2.16e-05,0.0,0.0,,,,,,9.2e-06,2.53e-05,0.0,0.000668,-0.00768,,,,0.271,0.000429,0.000271,0.0,0.0,,,,,,9.61e-05,0.000278,0.0,0.0103,-0.0836,,,,0.0753,7.65e-05,5.52e-05,0.0,0.0,,,,,,2.31e-05,4.92e-05,0.0,0.00175,-0.023,,,,5.71e-05,1.19e-09,9.89e-09,0.0,0.0,,,,,,7.42e-09,7.22e-10,0.0,2.38e-08,-1.72e-06,,,,377.0,0.407,0.356,0.0,0.0,,,,,,0.246,0.247,0.0,1.91,-159.0,,,,4.09,3.48e-05,0.0128,0.0,0.0,,,,,,0.000436,2.11e-05,0.0,0.745,-0.687,,,,82.5,0.0026,0.457,0.0,0.0,,,,,,0.141,0.00158,0.0,0.396,-53.0,,,,0.27,0.0,-0.27,0.0,0.0,,,,,,0.0,0.0,0.0,0.0,0.0,,,,82.8,0.0026,0.187,0.0,0.0,,,,,,0.141,0.00158,0.0,0.396,-53.0,,,,363.0,0.407,1.51,0.0,0.0,,,,,,0.246,0.247,0.0,15.9,-160.0,,,,15.2,0.0,-1.15,0.0,0.0,,,,,,0.0,0.0,0.0,-14.0,0.0,,,,378.0,0.407,0.356,0.0,0.0,,,,,,0.246,0.247,0.0,1.91,-160.0,,,,2.64,0.0,0.0,0.0,0.0,,,,,,0.0,0.0,0.0,0.0,0.0,,,,0.0,0.0,0.0,0.0,0.0,,,,,,0.0,0.0,0.0,0.0,0.0,,,,0.0,0.0,0.0,0.0,0.0,,,,,,0.0,0.0,0.0,0.0,0.0,,,,0.197,2.45e-06,0.00025,0.0,0.0,,,,,,7.65e-05,1.49e-06,0.0,0.0125,-0.104,,,,5.17e-07,8.65e-11,3.6e-10,0.0,0.0,,,,,,0.0,0.0,0.0,0.0,0.0,,,,3.63,5.74e-05,0.00906,0.0,0.0,,,,,,0.0,0.0,0.0,0.0,0.0,,,,0.0169,4.72e-07,2.71e-05,0.0,0.0,,,,,,0.0,0.0,0.0,0.0,0.0,,,,,,,,,1.47e-06,4.68e-10,5.55e-10,0.0,0.0,,,,,,2.47e-10,2.95e-10,0.0,1.2e-08,-4.39e-07,3.25,4.35e-05,0.00244,0.0,0.0,,,,,,0.00185,2.64e-05,0.0,0.00515,-2.63,134.0,0.328,0.138,0.0,0.0,,,,,,0.0951,0.199,0.0,0.738,-58.5,2.69e-08,6.35e-12,5.92e-12,0.0,0.0,,,,,,3.42e-12,3.85e-12,0.0,7.57e-11,-4.87e-09,5.15e-07,3.23e-10,3.18e-10,0.0,0.0,,,,,,1.31e-10,1.97e-10,0.0,4.79e-09,-1.16e-07,35.5,0.00268,0.169,0.0,0.0,,,,,,0.125,0.00163,0.0,0.529,-11.4,0.0,0.0,0.0,0.0,0.0,,,,,,0.0,0.0,0.0,0.0,0.0,0.0638,0.0,0.0,0.0,0.0,,,,,,0.0,0.0,0.0,1.56,0.0,0.0208,0.0,0.156,0.0,0.0,,,,,,0.0,0.0,0.0,0.0625,0.0,0.0801,0.0,0.0554,0.0,0.0,,,,,,0.0,0.0,0.0,2.41,0.0,0.0,0.0,0.0,0.0,0.0,,,,,,0.0,0.0,0.0,0.0,0.0
extracted_from_pdf,5801aa93-0fe8-465f-9c9d-d515ae8c1893,Mortise Lock Saflok RT Plus - RFID electronic lock,EPD-DOR-20240050-CBA1-EN,Institut Bauen und Umwelt e.V. (IBU),EN 15804+A2,2024-03-22,2029-03-21,Montreal (Canada),"1 piece of the product: Saflok RT Plus consisting of the following items:
• Mortise Lock Saflok RT Plus
• lever handle
• fixing materials
• product packaging",,,,322.0,0.036,0.422,,0.209,,,,,,0.0,0.038,0.221,0.001,-18.0,,,,320.0,0.035,0.014,,0.209,,,,,,0.0,0.037,0.22,0.001,-18.0,,,,1.56,0.002,0.408,,0.000288,,,,,,0.0,0.002,0.000818,4.75e-06,0.024,,,,0.438,8.3e-07,7.08e-06,,8.67e-05,,,,,,0.0,8.73e-07,1.24e-05,4e-06,-0.027,,,,3.4e-08,3.68e-18,7.72e-17,,7.19e-16,,,,,,0.0,3.87e-18,1.11e-16,5.15e-18,-6.99e-14,,,,1.88,3.49e-05,0.000118,,0.00211,,,,,,0.0,3.67e-05,3.93e-05,9.97e-06,-0.263,,,,0.00201,7.46e-09,1.5e-08,,1.48e-07,,,,,,0.0,7.85e-09,1.77e-08,2.39e-09,-2.47e-05,,,,0.323,1.11e-05,4.25e-05,,0.000254,,,,,,0.0,1.17e-05,8.86e-06,2.57e-06,-0.02,,,,3.44,0.000123,0.000531,,0.00232,,,,,,0.0,0.00013,0.000179,2.82e-05,-0.217,,,,0.943,3.14e-05,0.000113,,0.000785,,,,,,0.0,3.3e-05,2.45e-05,7.77e-06,-0.069,,,,0.0771,1.05e-09,1.22e-09,,9.05e-06,,,,,,0.0,1.1e-09,1.52e-09,1.25e-10,-0.013,,,,3740.0,0.494,0.134,,2.37,,,,,,0.0,0.52,0.102,0.018,-215.0,,,,79.7,6.83e-05,0.052,,0.023,,,,,,0.0,7.19e-05,0.023,0.000146,-7.72,,,,672.0,0.002,3.57,,0.197,,,,,,0.0,0.002,0.032,0.002,-33.1,,,,3.55,0.0,-3.54,,0.0,,,,,,0.0,0.0,-0.005,0.0,0.0,,,,675.0,0.002,0.024,,0.197,,,,,,0.0,0.002,0.027,0.002,-33.1,,,,3710.0,0.495,0.192,,2.37,,,,,,0.0,0.521,34.6,0.018,-215.0,,,,34.6,0.0,-0.059,,0.0,,,,,,0.0,0.0,-34.5,0.0,0.0,,,,3740.0,0.495,0.134,,2.37,,,,,,0.0,0.521,0.102,0.018,-215.0,,,,2.15,0.0,0.0,,0.0,,,,,,0.0,0.0,0.0,0.0,0.0,,,,0.0,0.0,0.0,,0.0,,,,,,0.0,0.0,0.0,0.0,0.0,,,,0.0,0.0,0.0,,0.0,,,,,,0.0,0.0,0.0,0.0,0.0,,,,2.02,2.8e-06,0.001,,0.000723,,,,,,0.0,2.94e-06,0.00054,4.6e-06,-0.156,,,,0.000275,4.8e-11,2.01e-10,,1.15e-08,,,,,,0.0,5.05e-11,3.89e-10,2.78e-10,-2.66e-06,,,,11.6,5.06e-05,0.013,,1.0,,,,,,0.0,5.33e-05,0.023,0.092,-2.9,,,,0.098,5.31e-07,7.01e-06,,4.87e-05,,,,,,0.0,5.59e-07,3.79e-06,2.08e-07,-0.004,,,,,,,,,,,,,,,,,,,,,,,,,,,,,,,,,,,,,,,,,,,,,,,,,,,,,,,,,,,,,,,,,,,,,,,,,,,,,,,,,,,,,,,,,,,,,,,,,,,,,,,,,,,,,,,,,,,,,,,,,,,,,,,,,,,,,,,,,,,,,,,,,,,,,,,,,,,,,,,,,,,,,,,,,,,,,
extracted_from_pdf,5977112f-0a27-48bd-beb8-5e83cf63e415,"Concrete C40/50, Type number 988429096",EPD-SPE-20230460-IBA1-DE,Institut Bauen und Umwelt e.V. (IBU),EN 15804+A2,2023-11-21,2028-11-20,Deutschland,1 m3 unbewehrter Konstruktionsbeton (C 40/50),,,,179.3,,,,,,,,,,3.32,10.3,6.3,,-12.1,,,,180.3,,,,,,,,,,3.3,10.3,6.28,,-12.0,,,,-1.21,,,,,,,,,,0.0115,0.0371,0.0118,,-0.106,,,,0.2,,,,,,,,,,0.0122,0.0393,0.0107,,-0.0202,,,,2.73e-06,,,,,,,,,,6.47e-13,2.09e-12,8.31e-12,,-1.5e-10,,,,0.434,,,,,,,,,,0.0156,0.0357,0.0173,,-0.029,,,,0.0172,,,,,,,,,,6.3e-06,2.03e-05,5.7e-06,,-4.02e-05,,,,0.123,,,,,,,,,,0.0742,0.0169,0.00765,,-0.0111,,,,1.46,,,,,,,,,,0.082,0.188,0.0843,,-0.125,,,,0.354,,,,,,,,,,0.0208,0.0355,0.0213,,-0.0269,,,,3.97e-05,,,,,,,,,,3.17e-07,1.02e-06,4.39e-07,,-3.67e-06,,,,1410.0,,,,,,,,,,41.9,135.0,87.0,,-156.0,,,,33.8,,,,,,,,,,0.0153,0.0438,0.0319,,-2.94,,,,194.4,,,,,,,,,,2.76,8.9,3.64,,-73.0,,,,1.9,,,,,,,,,,0.0,0.0,0.0,,0.0,,,,196.3,,,,,,,,,,2.76,8.9,3.64,,-73.0,,,,1380.0,,,,,,,,,,41.9,135.0,87.1,,-157.0,,,,20.2,,,,,,,,,,0.0,0.0,0.0,,0.0,,,,1410.0,,,,,,,,,,41.9,135.0,87.1,,-157.0,,,,0.0,,,,,,,,,,0.0,0.0,0.0,,2360.0,,,,65.0,,,,,,,,,,0.0,0.0,0.0,,0.0,,,,159.0,,,,,,,,,,0.0,0.0,0.0,,0.0,,,,1.11,,,,,,,,,,0.04,0.14,0.04,,-1.49,,,,0.000356,,,,,,,,,,1.83e-10,5.91e-10,3.28e-09,,-9.96e-09,,,,44.2,,,,,,,,,,0.00682,0.022,0.0199,,-23.1,,,,0.76,,,,,,,,,,5.27e-05,0.00017,0.00199,,-0.00775,,,,,,,,,,,,,,,,,,,1.78e-07,2.13e-07,1.79e-07,,-1.29e-06,,,,,,,,,,,0.00535,0.0173,0.303,,-0.774,,,,,,,,,,,,,,,,,,,,,,,,,,,,,,,,,,,,,,,,,,,,,,,,,,,,,,,,,,,,,0,,,,,,,,,,0,0,0,,0,0,,,,,,,,,,0,0,2360,0,0,0,,,,,,,,,,0,0,0,,0,0,,,,,,,,,,0,0,0,,0,0,,,,,,,,,,0,0,0,,0
extracted_from_pdf,59e2b443-58e7-4b24-8a7d-11c562e1a82e,Classic Max,EPD-KNA-20240025-IBI1-EN,Institut Bauen und Umwelt e.V. (IBU),EN 15804+A2,2024-03-12,2029-03-11,China,1 m² Classic Max mineral ceiling tiles with a surface weight of 3.76 kg/m².,,,,18.4,,,,,,,,,,0.0,0.0118,0.0,1.0,0.0,,,,19.3,,,,,,,,,,0.0,0.0113,0.0,0.0561,0.0,,,,-0.932,,,,,,,,,,0.0,0.000499,0.0,0.946,0.0,,,,0.0133,,,,,,,,,,0.0,2.94e-07,0.0,0.000104,0.0,,,,1.34e-10,,,,,,,,,,0.0,1.11e-15,0.0,1.32e-13,0.0,,,,0.0624,,,,,,,,,,0.0,3.79e-05,0.0,0.000398,0.0,,,,4.22e-05,,,,,,,,,,0.0,1.42e-09,0.0,9.51e-08,0.0,,,,0.0136,,,,,,,,,,0.0,1.72e-05,0.0,0.000102,0.0,,,,0.16,,,,,,,,,,0.0,0.000189,0.0,0.00112,0.0,,,,0.0442,,,,,,,,,,0.0,3.42e-05,0.0,0.000309,0.0,,,,0.00028,,,,,,,,,,0.0,4.57e-10,0.0,5.75e-09,0.0,,,,297.0,,,,,,,,,,0.0,0.156,0.0,0.735,0.0,,,,5.59,,,,,,,,,,0.0,9.6e-05,0.0,0.00615,0.0,,,,111.0,,,,,,,,,,0.0,0.000844,0.0,0.11,0.0,,,,11.1,,,,,,,,,,0.0,0.0,0.0,0.0,0.0,,,,122.0,,,,,,,,,,0.0,0.000844,0.0,0.11,0.0,,,,297.0,,,,,,,,,,0.0,0.156,0.0,0.736,0.0,,,,0.391,,,,,,,,,,0.0,0.0,0.0,0.0,0.0,,,,297.0,,,,,,,,,,0.0,0.156,0.0,0.736,0.0,,,,0.136,,,,,,,,,,0.0,0.0,0.0,0.0,0.0,,,,0.0,,,,,,,,,,0.0,0.0,0.0,0.0,0.0,,,,0.0,,,,,,,,,,0.0,0.0,0.0,0.0,0.0,,,,0.185,,,,,,,,,,0.0,2.42e-06,0.0,0.000187,0.0,,,,1.54e-06,,,,,,,,,,0.0,3.91e-13,0.0,3.78e-11,0.0,,,,3.72,,,,,,,,,,0.0,6.47e-06,0.0,3.76,0.0,,,,0.0121,,,,,,,,,,0.0,8.78e-08,0.0,8.17e-06,0.0,,,,,,,,,6.3e-07,,,,,,,,,,0,2.04e-10,0,4.9e-09,0,1.98,,,,,,,,,,0,5.82e-06,0,0.000907,0,96.3,,,,,,,,,,0,0.185,0,0.412,0,7.67e-08,,,,,,,,,,0,2.97e-12,0,6.28e-11,0,8.61e-06,,,,,,,,,,0,1.03e-10,0,6.96e-09,0,479,,,,,,,,,,0,0.00046,0,0.153,0,0,,,,,,,,,,0,0,0,0,0,0,,,,,,,,,,0,0,0,0,0,0,,,,,,,,,,0,0,0,0,0,0,,,,,,,,,,0,0,0,0,0,0,,,,,,,,,,0,0,0,0,0
extracted_from_pdf,5a580331-75c4-43c8-b732-19fc1cc8e97a,EGGER DHF,EPD-EGG-20200247-IBD2-DE,Institut Bauen und Umwelt e.V. (IBU),EN 15804+A2,2021-04-19,2027-04-18,DE,"1 m³ EGGER DHF-Platte mit einer durchschnittlichen Rohdichte von 615 kg/m³ und einer Auslieferungsfeuchte von 7,5 %.",,,,-584.0,,,,,,,,,,0.0,1.93,998.0,0.0,-352.0,,,,398.0,,,,,,,,,,0.0,1.92,5.16,0.0,-351.0,,,,-983.0,,,,,,,,,,0.0,-0.0032,993.0,0.0,-1.02,,,,0.543,,,,,,,,,,0.0,0.0154,0.00748,0.0,-0.332,,,,1.6e-11,,,,,,,,,,0.0,3.5e-16,1.13e-13,0.0,-4.98e-12,,,,0.873,,,,,,,,,,0.0,0.00648,0.0114,0.0,0.273,,,,0.00116,,,,,,,,,,0.0,5.81e-06,1.38e-05,0.0,-0.00061,,,,0.342,,,,,,,,,,0.0,0.00292,0.00253,0.0,0.0693,,,,3.69,,,,,,,,,,0.0,0.0327,0.0266,0.0,0.824,,,,0.988,,,,,,,,,,0.0,0.00575,0.00693,0.0,0.293,,,,0.000271,,,,,,,,,,0.0,1.54e-07,1.49e-06,0.0,-7.49e-05,,,,5660.0,,,,,,,,,,0.0,25.5,90.8,0.0,-7020.0,,,,2.79,,,,,,,,,,0.0,0.0186,1.12,0.0,-23.0,,,,31900.0,,,,,,,,,,0.0,1.47,10100.0,0.0,-1770.0,,,,10100.0,,,,,,,,,,0.0,0.0,-10100.0,0.0,0.0,,,,42000.0,,,,,,,,,,0.0,1.47,40.2,0.0,-1770.0,,,,5250.0,,,,,,,,,,0.0,25.6,494.0,0.0,-7020.0,,,,403.0,,,,,,,,,,0.0,0.0,-403.0,0.0,0.0,,,,5660.0,,,,,,,,,,0.0,25.6,90.8,0.0,-7020.0,,,,0.254,,,,,,,,,,0.0,0.0,0.0,0.0,0.0,,,,3390.0,,,,,,,,,,0.0,0.0,0.0,0.0,7700.0,,,,0.0,,,,,,,,,,0.0,0.0,0.0,0.0,308.0,,,,1.17,,,,,,,,,,0.0,0.00171,0.0465,0.0,-1.43,,,,1.79e-05,,,,,,,,,,0.0,1.18e-06,3.76e-08,0.0,-2.38e-06,,,,10.1,,,,,,,,,,0.0,0.00405,0.0644,0.0,0.257,,,,0.161,,,,,,,,,,0.0,4.71e-05,0.0138,0.0,-0.604,,,,,,,,,,,,,,,,,,,,,,,,,,,,,,,,,,,,,,,,,,,,,,,,,,,,,,,,,,,,,,,,,,,,,,,,,,,,,,,,,,,,,,,,,,,,,,,,,,,,,,,,,,,,,,,,,,,,,,,,,,,,,,,,,,,,,,,,,,,,,,,,,,,,,,,,,,,,,,,,,,,,,,,,,,,,,
extracted_from_pdf,5db4f6bd-ea87-400b-b4ac-6a51388fa9d4,BEST 47H Mortise Series,EPD-DOR-20220212-CBA1-EN,Institut Bauen und Umwelt e.V. (IBU),EN 15804+A2,2022-09-06,2027-09-05,USA,1 mortise lock (1 piece),,,,9.94,0.623,0.000241,,,,,,,,0.0,0.017,0.063,0.003,-3.28,,,,9.87,0.601,6.04e-06,,,,,,,,0.0,0.016,0.063,0.003,-3.29,,,,0.053,0.022,0.000235,,,,,,,,0.0,0.000732,1.47e-06,1.04e-05,0.006,,,,0.0115,1.39e-05,3.97e-09,,,,,,,,0.0,3.77e-07,3.58e-06,8.78e-06,-0.003,,,,1.03e-11,6.21e-17,4.34e-20,,,,,,,,0.0,1.67e-18,3.19e-17,1.13e-17,-2.37e-15,,,,0.052,0.005,6.75e-08,,,,,,,,0.0,1.58e-05,1.13e-05,2.19e-05,-0.01,,,,1.45e-05,1.3e-07,8.5e-12,,,,,,,,0.0,3.39e-09,5.09e-09,5.24e-09,-2.95e-06,,,,0.00725,0.001,2.44e-08,,,,,,,,0.0,5.04e-06,2.54e-06,5.63e-06,-0.002,,,,0.075,0.015,3.04e-07,,,,,,,,0.0,5.6e-05,5.13e-05,6.19e-05,-0.02,,,,0.0217,0.004,6.46e-08,,,,,,,,0.0,1.43e-05,7.03e-06,1.71e-05,-0.006,,,,0.00204,1.75e-08,6.86e-13,,,,,,,,0.0,4.75e-10,4.38e-10,2.74e-10,3.22e-05,,,,123.0,8.27,7.61e-05,,,,,,,,0.0,0.224,0.029,0.04,-35.7,,,,2.15,0.001,2.99e-05,,,,,,,,0.0,3.1e-05,0.006,0.00032,-0.824,,,,24.8,0.026,0.002,,,,,,,,0.0,0.000708,0.021,0.005,-4.26,,,,0.015,0.0,-0.002,,,,,,,,0.0,0.0,-0.013,0.0,0.0,,,,24.8,0.026,1.38e-05,,,,,,,,0.0,0.000708,0.008,0.005,-4.26,,,,122.0,8.28,7.61e-05,,,,,,,,0.0,0.225,0.841,0.04,-35.8,,,,0.811,0.0,0.0,,,,,,,,0.0,0.0,-0.811,0.0,0.0,,,,123.0,8.28,7.61e-05,,,,,,,,0.0,0.225,0.029,0.04,-35.8,,,,2.61,0.0,0.0,,,,,,,,0.0,0.0,0.0,0.0,0.0,,,,0.0,0.0,0.0,,,,,,,,0.0,0.0,0.0,0.0,0.0,,,,0.0,0.0,0.0,,,,,,,,0.0,0.0,0.0,0.0,0.0,,,,0.0691,4.72e-05,7.04e-07,,,,,,,,0.0,1.27e-06,0.000155,1.01e-05,-0.033,,,,3.79e-07,8.05e-10,1.12e-13,,,,,,,,0.0,2.18e-11,1.12e-10,6.1e-10,-1.57e-06,,,,0.916,0.000847,7.55e-06,,,,,,,,0.0,2.3e-05,0.007,0.201,-0.019,,,,0.00497,8.95e-06,4e-09,,,,,,,,0.0,2.41e-07,1.09e-06,4.56e-07,-0.000293,,,,,,,,,5.96e-07,8.08e-08,3.74e-13,,,,,,,,0,8.33e-11,1.44e-10,2.71e-10,-2.07e-07,0.677,0.001,6.19e-07,,,,,,,,0,3.45e-05,9.81e-05,4.69e-05,-0.023,66.0,5.86,3.61e-05,,,,,,,,0,0.159,0.011,0.023,-11.0,5.9e-07,1.1e-10,1.91e-15,,,,,,,,0,2.99e-12,9.53e-13,3.39e-12,-1.4e-09,2.46e-07,4.81e-09,8.28e-14,,,,,,,,0,1.28e-10,9.65e-11,3.74e-10,2.03e-07,28.3,0.021,2.02e-05,,,,,,,,0,0.000577,0.009,0.008,-1.47,0,0,0,,,,,,,,0,0,0,0,0,0,0,0,,,,,,,,0,0,3.56,0,0,0,0,0,,,,,,,,0,0,0,0,0,0.017,0,0.000365,,,,,,,,0,0,0,0,0,0.031,0,0.000661,,,,,,,,0,0,0,0,0
extracted_from_pdf,5dd08fc1-0bba-4b6b-9ca0-1692ab2b088e,GLAPOR cellular glass gravel,,Institut Bauen und Umwelt e.V. (IBU),EN 15804+A2,,,,kg,,,,,,,,,,,,,,,,,,,,,,,,,,,,,,,,,,,,,,,,,,,,,,,,,,,,,,,,,,,,,,,,,,,,,,,,,,,,,,,,,,,,,,,,,,,,,,,,,,,,,,,,,,,,,,,,,,,,,,,,,,,,,,,,,,,,,,,,,,,,,,,,,,,,,,,,,,,,,,,,,,,,,,,,,,,,,,,,,,,,,,,,,,,,,,,,,,,,,,,,,,,,,,,,,,,,,,,,,,,,,,,,,,,,,,,,,,,,,,,,,,,,,,,,,,,,,,,,,,,,,,,,,,,,,,,,,,,,,,,,,,,,,,,,,,,,,,,,,,,,,,,,,,,,,,,,,,,,,,,,,,,,,,,,,,,,,,,,,,,,,,,,,,,,,,,,,,,,,,,,,,,,,,,,,,,,,,,,,,,,,,,,,,,,,,,,,,,,,,,,,,,,,,,,,,,,,,,,,,,,,,,,,,,,,,,,,,,,,,,,,,,,,,,,,,,,,,,,,,,,,,,,,,,,,,,,,,,,,,,,,,,,,,,,,,,,,,,,,,,,,,,,,,,,,,,,,,,,,,,,,,,,,,,,,,,,,,,,,,,,,,,,,,,,,,,,,,,,,,,,,,,,,,,,,,,,,,,,,,,,,,,,,,,,,,,,,,,,,,,,,,,,,,,,,,,,,,,,,,,,,,,,,,,,,,,,,,,,,,,,,
extracted_from_pdf,5deafa6a-4d23-49a3-991c-891a546f6d3f,VELUX frame extension LGI,EPD-VEL-20230505-CBA2-EN,Institut Bauen und Umwelt e.V. (IBU),EN 15804+A2,2024-03-11,2029-03-10,Hungary,1m² frame extension LGI.,,,,1.8,,,,,,,,,,0.0,0.0194,9.88,0.0,-3.16,,,,8.86,,,,,,,,,,0.0,0.0184,2.97,0.0,-3.15,,,,-7.07,,,,,,,,,,0.0,0.000806,6.91,0.0,-0.0165,,,,0.0179,,,,,,,,,,0.0,0.000168,7.12e-05,0.0,-0.000193,,,,9.65e-11,,,,,,,,,,0.0,2.36e-15,1.17e-12,0.0,-2.28e-11,,,,0.032,,,,,,,,,,0.0,3.64e-05,0.00136,0.0,-0.0041,,,,9.28e-05,,,,,,,,,,0.0,6.62e-08,3.21e-07,0.0,-4.74e-06,,,,0.0125,,,,,,,,,,0.0,1.5e-05,0.000385,0.0,-0.00114,,,,0.131,,,,,,,,,,0.0,0.000171,0.0058,0.0,-0.0121,,,,0.0337,,,,,,,,,,0.0,3.25e-05,0.00107,0.0,-0.00329,,,,3.35e-06,,,,,,,,,,0.0,1.19e-09,1.07e-08,0.0,-7.63e-07,,,,194.0,,,,,,,,,,0.0,0.247,2.81,0.0,-55.4,,,,1.79,,,,,,,,,,0.0,0.000219,0.946,0.0,-0.317,,,,181.0,,,,,,,,,,0.0,0.0179,68.8,0.0,-15.4,,,,70.2,,,,,,,,,,0.0,0.0,-68.1,0.0,0.0,,,,251.0,,,,,,,,,,0.0,0.0179,0.69,0.0,-15.4,,,,180.0,,,,,,,,,,0.0,0.248,16.4,0.0,-55.4,,,,14.8,,,,,,,,,,0.0,0.0,-13.6,0.0,0.0,,,,195.0,,,,,,,,,,0.0,0.248,2.82,0.0,-55.4,,,,1.07,,,,,,,,,,0.0,0.0,0.0,0.0,0.128,,,,0.0,,,,,,,,,,0.0,0.0,0.0,0.0,0.0,,,,0.0,,,,,,,,,,0.0,0.0,0.0,0.0,0.0,,,,0.0753,,,,,,,,,,0.0,1.97e-05,0.0223,0.0,-0.0135,,,,3.85e-07,,,,,,,,,,0.0,7.67e-13,4.49e-11,0.0,-2.84e-09,,,,0.341,,,,,,,,,,0.0,3.77e-05,0.38,0.0,0.00459,,,,0.0132,,,,,,,,,,0.0,4.63e-07,0.000133,0.0,-0.00413,,,,,,,,,,,,,,,,,,,,,,,,,,,,,,,,,,,,,,,,,,,,,,,,,,,,,,,,,,,,,,,,,,,,,,,,,,,,,,,,,,,,,,,,,,,,,,,,,,,,,,,,,,,,,,,,,,,,,,,,,,,,,,,,,,,,,,,,,,,,,,,,,,,,,,,,,,,,,,,,,,,,,,,,,,,,,
extracted_from_pdf,5e1eea32-1c9e-4fbb-8da4-b0a388ffc76e,Astron PRS Product (steel elements made of welded sections),EPD-AST-20240034-IBI1-EN,Institut Bauen und Umwelt e.V. (IBU),EN 15804+A2,2024-07-02,2029-07-01,DE,1 t of PRS structural steel,,,,2500.0,,16.6,,,,,,,,5.07,8.23,13.2,0.0,-1210.0,,,,2500.0,,5.89,,,,,,,,5.07,8.22,13.2,0.0,-1210.0,,,,-10.8,,10.8,,,,,,,,0.0,0.0,0.0,0.0,0.0,,,,1.3,,0.000948,,,,,,,,0.000571,0.00406,0.00154,0.0,-0.272,,,,5.11e-05,,9.86e-08,,,,,,,,8.06e-08,1.79e-07,1.67e-07,0.0,-2.54e-05,,,,10.4,,0.0487,,,,,,,,0.047,0.018,0.0581,0.0,-5.08,,,,0.11,,2.48e-05,,,,,,,,1.83e-05,6.68e-05,0.000463,0.0,-0.0545,,,,2.14,,0.0222,,,,,,,,0.0218,0.00442,0.0214,0.0,-1.04,,,,24.6,,0.241,,,,,,,,0.237,0.0461,0.236,0.0,-12.1,,,,11.8,,0.0728,,,,,,,,0.0701,0.0279,0.0706,0.0,-6.28,,,,0.0177,,4.4e-06,,,,,,,,1.77e-06,2.69e-05,9.57e-06,0.0,-0.0112,,,,29500.0,,78.0,,,,,,,,66.4,117.0,194.0,0.0,-11600.0,,,,794.0,,0.187,,,,,,,,0.143,0.481,0.371,0.0,-149.0,,,,2820.0,,113.0,,,,,,,,0.373,1.81,1.22,0.0,-991.0,,,,112.0,,-112.0,,,,,,,,0.0,0.0,0.0,0.0,0.0,,,,2930.0,,0.572,,,,,,,,0.373,1.81,1.22,0.0,-991.0,,,,29500.0,,78.0,,,,,,,,66.4,117.0,194.0,0.0,-11500.0,,,,0.0,,0.0,,,,,,,,0.0,0.0,0.0,0.0,0.0,,,,29500.0,,78.0,,,,,,,,66.4,117.0,194.0,0.0,-11500.0,,,,168.0,,0.0,,,,,,,,0.0,0.0,0.0,0.0,-18.5,,,,0.0,,0.0,,,,,,,,0.0,0.0,0.0,0.0,0.0,,,,0.0,,0.0,,,,,,,,0.0,0.0,0.0,0.0,0.0,,,,41.5,,0.0132,,,,,,,,0.0106,0.0305,0.0393,0.0,-12.6,,,,0.204,,0.000521,,,,,,,,0.000447,0.000743,0.000526,0.0,-0.125,,,,1430.0,,0.6,,,,,,,,0.118,5.85,9.33,0.0,-517.0,,,,0.0853,,2.03e-05,,,,,,,,1.22e-05,6.7e-05,0.000995,0.0,0.0119,,,,,,,,,0.000182,,1.36e-06,,,,,,,,1.31e-06,6.1e-07,1.08e-06,0,-8.15e-05,65.2,,0.0204,,,,,,,,0.0136,0.0592,0.417,0,5.6,0,,0,,,,,,,,0,0,0,0,0,1.71e-05,,1.89e-09,,,,,,,,1.55e-09,3.75e-09,2.85e-09,0,6.84e-06,2.73e-05,,1.85e-08,,,,,,,,1.08e-08,8.29e-08,8.21e-08,0,-8.75e-06,10700.0,,10.4,,,,,,,,4.47,70.6,17.4,0,-3360.0,0,,0,,,,,,,,120.0,0,0,0,0,0,,0,,,,,,,,0,0,881.0,0,0,0,,0,,,,,,,,0,0,0,0,0,0,,16.4,,,,,,,,0,0,0,0,0,0,,31.3,,,,,,,,0,0,0,0,0
extracted_from_pdf,5f025d1f-cf04-4ccb-8495-6a2c58647b96,ES PROLINE,EPD-DOR-20200269-IBA1-EN,Institut Bauen und Umwelt e.V. (IBU),EN 15804+A1,2021-06-28,2026-06-27,DE,1 pce.,,,,207.0,2.77,4.8,,,,,,390.0,,0.00411,0.214,6.73,0.0,-30.4,,,,,,,,,,,,,,,,,,,,,,,,,,,,,,,,,,,,,,,,,,,,,,,,,,,,,,,,,,1.12e-05,4.1e-16,4.44e-15,,,,,,1.17e-11,,1.23e-16,6.81e-17,4.19e-14,0.0,-1.27e-13,,,,1.16,0.0434,0.00187,,,,,,0.819,,8.63e-06,0.00091,0.0022,0.0,-0.108,,,,,,,,,,,,,,,,,,,,,,,,,,,,,,,,,,,,,,,,,,,,,,,,,,,,,,,,,,0.0801,-0.000725,0.000146,,,,,,0.0583,,6.15e-07,-0.000343,8.85e-05,0.0,-0.00956,,,,0.0558,1.61e-07,1.71e-05,,,,,,0.00013,,1.37e-09,2.01e-08,9.89e-07,0.0,-0.00309,,,,2650.0,36.1,7.29,,,,,,4320.0,,0.0456,2.92,3.77,0.0,-341.0,,,,,,,,,,,,,,,,,,,,,,380.0,1.23,38.7,,,,,,3100.0,,0.0327,0.171,0.878,0.0,-132.0,,,,37.7,0.0,-37.7,,,,,,0.0,,0.0,0.0,0.0,0.0,0.0,,,,418.0,1.23,1.02,,,,,,3100.0,,0.0327,0.171,0.878,0.0,-132.0,,,,2900.0,36.2,8.22,,,,,,7000.0,,0.0737,2.93,93.0,0.0,-397.0,,,,89.3,0.0,-0.344,,,,,,0.0,,0.0,0.0,-88.9,0.0,0.0,,,,2990.0,36.2,7.88,,,,,,7000.0,,0.0737,2.93,4.13,0.0,-397.0,,,,14.3,0.0,0.0,,,,,,0.0,,0.0,0.0,0.0,0.0,9.6,,,,0.0,0.0,0.0,,,,,,0.0,,0.0,0.0,0.0,0.0,0.0,,,,0.0,0.0,0.0,,,,,,0.0,,0.0,0.0,0.0,0.0,0.0,,,,6.51,0.00145,0.0136,,,,,,3.59,,3.78e-05,0.000184,0.0185,0.0,-0.361,,,,9.58e-06,9.76e-07,2.27e-08,,,,,,2.9e-06,,3.05e-11,1.27e-07,1.55e-08,0.0,-1.17e-07,,,,7.85,0.00477,0.137,,,,,,4.96,,5.23e-05,0.000483,1.04,0.0,-4.87,,,,0.0474,4.29e-05,0.000235,,,,,,1.06,,1.12e-05,4.93e-06,0.000145,0.0,-0.0241,,,,,,,,,,,,,,,,,,,,,,,,,,,,,,,,,,,,,,,,,,,,,,,,,,,,,,,,,,,,,,,,,,,,,,,,,,,,,,,,,,,,,,,,,,,,,,,,,,,0,0,0,,,,,,0,,0,0,0,0,0,2.89,0,0,,,,,,0,,0,0,21.2,0,0,0,0,2.98,,,,,,0,,0,0,3.43,0,0,0,0,6.57,,,,,,0,,0,0,12.9,0,0,0,0,11.9,,,,,,0,,0,0,27.6,0,0
extracted_from_pdf,5f4ef6e1-47eb-4d80-98fb-a198e02bb318,EcoWorx S™ Carpet Tile with EcoSolution Q100™ Face Fibre,EPD-SHA-20230447-CBA1-EN,Institut Bauen und Umwelt e.V. (IBU),EN 15804+A2,2023-11-06,2028-11-05,UK,1 m² of installed EcoWorx STM Carpet Tile,,,,4.25,0.177,0.322,0.000254,0.289,,,,,,0.0,0.0368,0.0,0.191,5.16,,,,4.59,0.176,0.326,0.000254,0.286,,,,,,0.0,0.0367,0.0,0.193,5.14,,,,-0.342,-0.000243,-0.00435,0.0,0.00305,,,,,,0.0,-5.07e-05,0.0,-0.00205,0.021,,,,0.00256,0.000981,0.000221,0.0,6.06e-05,,,,,,0.0,0.000205,0.0,9.38e-05,0.000348,,,,8.28e-09,1.05e-14,4.36e-10,0.0,4.19e-12,,,,,,0.0,2.2e-15,0.0,2.59e-13,8.23e-12,,,,0.0156,0.000181,0.00122,0.0,0.000629,,,,,,0.0,3.78e-05,0.0,0.000571,0.00948,,,,1.95e-05,5.25e-07,1.48e-05,0.0,1.4e-06,,,,,,0.0,1.1e-07,0.0,3.6e-05,4.18e-06,,,,0.0043,5.93e-05,0.000297,0.0,0.000143,,,,,,0.0,1.24e-05,0.0,0.000126,0.00266,,,,0.0468,0.000706,0.00387,0.0,0.00148,,,,,,0.0,0.000147,0.0,0.00139,0.0229,,,,0.0129,0.00016,0.000997,1.41e-05,0.000382,,,,,,0.0,3.33e-05,0.0,0.000406,0.00861,,,,2e-06,1.47e-08,1.3e-07,0.0,7.8e-08,,,,,,0.0,3.07e-09,0.0,1.34e-08,5.35e-07,,,,113.0,2.35,7.24,0.0,5.19,,,,,,0.0,0.49,0.0,2.73,103.0,,,,0.671,0.00158,0.105,0.0,0.0654,,,,,,0.0,0.000329,0.0,-0.0019,0.204,,,,9.15,0.141,5.1,0.0,2.88,,,,,,0.0,0.0279,0.0,0.225,3.98,,,,5.31,0.0,-4.19,0.0,0.0,,,,,,0.0,0.0,0.0,0.0,0.0,,,,14.5,0.141,0.916,0.0,2.88,,,,,,0.0,0.0279,0.0,0.225,3.98,,,,69.7,2.48,1.51,0.0,5.19,,,,,,0.0,0.491,0.0,2.74,104.0,,,,51.6,0.0,-0.317,0.0,0.0,,,,,,0.0,0.0,0.0,0.0,0.0,,,,120.0,2.48,1.19,0.0,5.19,,,,,,0.0,0.491,0.0,2.74,104.0,,,,1.47,0.0,0.0772,0.0,0.0,,,,,,0.0,0.0,0.0,0.0,-1.54,,,,0.0,0.0,0.0,0.0,0.0,,,,,,0.0,0.0,0.0,0.0,0.0,,,,0.0,0.0,0.0,0.0,0.0,,,,,,0.0,0.0,0.0,0.0,0.0,,,,0.0257,0.000151,0.00942,0.0,0.00275,,,,,,0.0,3.15e-05,0.0,3.54e-05,0.0104,,,,6.45e-09,1.13e-11,2.77e-09,0.0,4.49e-10,,,,,,0.0,2.35e-12,0.0,4.22e-10,9.28e-09,,,,0.355,0.000338,0.19,0.0,0.00477,,,,,,0.0,7.04e-05,0.0,2.71,0.00523,,,,0.0038,2.9e-06,0.000219,0.0,0.00083,,,,,,0.0,6.05e-07,0.0,3.36e-05,0.000685,,,,,,,,,1.89e-07,1.05e-09,1.47e-08,0,5.21e-09,,,,,,0,2.18e-10,0,5.49e-09,6.22e-08,0.367,0.000426,0.0218,0,0.141,,,,,,0,8.87e-05,0,0.00496,0.103,53.2,1.63,3.75,0.000115,2.35,,,,,,0,0.34,0,2.68,48.4,1.14e-09,3.29e-11,9.36e-11,0,6.79e-11,,,,,,0,6.86e-12,0,1.2e-10,1.37e-09,4.71e-08,1.71e-09,4.46e-09,3.07e-12,2.65e-09,,,,,,0,3.56e-10,0,1.01e-08,5.2e-08,11.4,0.81,11.0,0,1.87,,,,,,0,0.169,0,0.197,2.32,0,0,0,0,0,,,,,,0,0,0,0,0,0,0,0.181,0,0,,,,,,0,0,0,0,0,0,0,0,0,0,,,,,,0,0,0,0,0,0,0,0.0637,0,0,,,,,,0,0,0,0,0,0,0,0.0977,0,0,,,,,,0,0,0,0,0
extracted_from_pdf,62404b70-e6d8-4c82-ac47-e6dff74893c3,"CEM III/A 42,5 R (na), Werk Eisenhüttenstadt",EPD-CEM-20240347-CAA1-DE,Institut Bauen und Umwelt e.V. (IBU),EN 15804+A2,2024-11-26,2029-11-25,DE,1000 kg,,,,513.0,,,,,,,,,,,,,,,,,,513.0,,,,,,,,,,,,,,,,,,0.0499,,,,,,,,,,,,,,,,,,0.0502,,,,,,,,,,,,,,,,,,1.48e-05,,,,,,,,,,,,,,,,,,1.97,,,,,,,,,,,,,,,,,,0.0993,,,,,,,,,,,,,,,,,,0.0065,,,,,,,,,,,,,,,,,,2.88,,,,,,,,,,,,,,,,,,0.894,,,,,,,,,,,,,,,,,,0.000129,,,,,,,,,,,,,,,,,,2790.0,,,,,,,,,,,,,,,,,,33.4,,,,,,,,,,,,,,,,,,51.0,,,,,,,,,,,,,,,,,,0.0,,,,,,,,,,,,,,,,,,51.0,,,,,,,,,,,,,,,,,,2790.0,,,,,,,,,,,,,,,,,,0.0,,,,,,,,,,,,,,,,,,2790.0,,,,,,,,,,,,,,,,,,490.0,,,,,,,,,,,,,,,,,,689.0,,,,,,,,,,,,,,,,,,494.0,,,,,,,,,,,,,,,,,,0.865,,,,,,,,,,,,,,,,,,0.113,,,,,,,,,,,,,,,,,,0.772,,,,,,,,,,,,,,,,,,,,,,,,,,,,,,,,,,,,,,,,,1.79e-05,,,,,,,,,,,,,,,16.7,,,,,,,,,,,,,,,64.1,,,,,,,,,,,,,,,9.38e-07,,,,,,,,,,,,,,,1.28e-05,,,,,,,,,,,,,,,620,,,,,,,,,,,,,,,0,,,,,,,,,,,,,,,0,,,,,,,,,,,,,,,0,,,,,,,,,,,,,,,0,,,,,,,,,,,,,,,0,,,,,,,,,,,,,,
extracted_from_pdf,639da311-4225-47b0-973d-7186d2f277b2,c-lever pro,,Institut Bauen und Umwelt e.V. (IBU),EN 15804+A2,,,,piece/product,,,,,,,,,,,,,,,,,,,,,,,,,,,,,,,,,,,,,,,,,,,,,,,,,,,,,,,,,,,,,,,,,,,,,,,,,,,,,,,,,,,,,,,,,,,,,,,,,,,,,,,,,,,,,,,,,,,,,,,,,,,,,,,,,,,,,,,,,,,,,,,,,,,,,,,,,,,,,,,,,,,,,,,,,,,,,,,,,,,,,,,,,,,,,,,,,,,,,,,,,,,,,,,,,,,,,,,,,,,,,,,,,,,,,,,,,,,,,,,,,,,,,,,,,,,,,,,,,,,,,,,,,,,,,,,,,,,,,,,,,,,,,,,,,,,,,,,,,,,,,,,,,,,,,,,,,,,,,,,,,,,,,,,,,,,,,,,,,,,,,,,,,,,,,,,,,,,,,,,,,,,,,,,,,,,,,,,,,,,,,,,,,,,,,,,,,,,,,,,,,,,,,,,,,,,,,,,,,,,,,,,,,,,,,,,,,,,,,,,,,,,,,,,,,,,,,,,,,,,,,,,,,,,,,,,,,,,,,,,,,,,,,,,,,,,,,,,,,,,,,,,,,,,,,,,,,,,,,,,,,,,,,,,,,,,,,,,,,,,,,,,,,,,,,,,,,,,,,,,,,,,,,,,,,,,,,,,,,,,,,,,,,,,,,,,,,,,,,,,,,,,,,,,,,,,,,,,,,,,,,,,,,,,,,,,,,,,,,,,,,
extracted_from_pdf,64318385-991b-4aec-83a4-99c59f6f2471,Bachl ReXPS - Extruded Polystyrene (XPS) foam board,EPD-BAC-20220231-CBA2-DE,Institut Bauen und Umwelt e.V. (IBU),EN 15804+A2,2022-11-30,2027-11-29,DE,"1 m³ Bachl ReXPS-Dämmplatte mit einer Bruttodichte von 32,7 kg/m³.",,,,54.2,0.506,2.09,,,,,,,,0.0,0.494,,,,,,,53.6,0.503,2.09,,,,,,,,0.0,0.492,,,,,,,0.63,0.000153,6.7e-05,,,,,,,,0.0,0.00015,,,,,,,0.0264,0.00279,2.2e-06,,,,,,,,0.0,0.00273,,,,,,,1.72e-10,3e-14,8.94e-14,,,,,,,,0.0,2.93e-14,,,,,,,0.0927,0.000477,0.000207,,,,,,,,0.0,0.000466,,,,,,,0.000105,1.5e-06,2.08e-08,,,,,,,,0.0,1.46e-06,,,,,,,0.0337,0.000149,4.32e-05,,,,,,,,0.0,0.000145,,,,,,,0.376,0.00178,0.00097,,,,,,,,0.0,0.00174,,,,,,,0.445,0.000415,0.000129,,,,,,,,0.0,0.000406,,,,,,,4.93e-06,4.19e-08,2.16e-09,,,,,,,,0.0,4.09e-08,,,,,,,786.0,6.69,0.243,,,,,,,,0.0,6.54,,,,,,,1.89,0.00449,0.192,,,,,,,,0.0,0.00439,,,,,,,69.4,0.381,0.0573,,,,,,,,0.0,0.372,,,,,,,0.0,0.0,0.0,,,,,,,,0.0,0.0,,,,,,,69.4,0.381,0.0573,,,,,,,,0.0,0.372,,,,,,,756.0,6.71,30.9,,,,,,,,0.0,6.56,,,,,,,30.6,0.0,-30.6,,,,,,,,0.0,0.0,,,,,,,787.0,6.71,0.243,,,,,,,,0.0,6.56,,,,,,,28.4,0.0,0.0,,,,,,,,0.0,0.0,,,,,,,0.0,0.0,0.0,,,,,,,,0.0,0.0,,,,,,,0.0,0.0,0.0,,,,,,,,0.0,0.0,,,,,,,0.355,0.00043,0.00451,,,,,,,,0.0,0.000421,,,,,,,5.99e-08,3.21e-11,2.29e-11,,,,,,,,0.0,3.14e-11,,,,,,,1.3,0.000962,0.00827,,,,,,,,0.0,0.00094,,,,,,,0.0413,8.26e-06,1.47e-05,,,,,,,,0.0,8.08e-06,,,,,,,,,,,,1.55e-06,2.88e-09,1.21e-09,,,,,,,,0,2.82e-09,,,,3.44,0.00121,0.00241,,,,,,,,0,0.00118,,,,401,4.65,0.112,,,,,,,,0,4.54,,,,7.2e-09,9.37e-11,1.33e-11,,,,,,,,0,9.15e-11,,,,3.97e-07,4.85e-09,4.14e-10,,,,,,,,0,4.74e-09,,,,60.1,2.3,0.0735,,,,,,,,0,2.25,,,,0,0,0,,,,,,,,0,0,,,,0,0,0,,,,,,,,0,0,,,,0,0,0,,,,,,,,0,0,,,,0,0,4.45,,,,,,,,0,0,,,,0,0,7.91,,,,,,,,0,0,,,
extracted_from_pdf,650a4800-0bc1-4d1e-b673-85e05cfc2310,External Venetian Blind,,Institut Bauen und Umwelt e.V. (IBU),EN 15804+A2,,,,1 m²,,,,,,,,,,,,,,,,,,,,,,,,,,,,,,,,,,,,,,,,,,,,,,,,,,,,,,,,,,,,,,,,,,,,,,,,,,,,,,,,,,,,,,,,,,,,,,,,,,,,,,,,,,,,,,,,,,,,,,,,,,,,,,,,,,,,,,,,,,,,,,,,,,,,,,,,,,,,,,,,,,,,,,,,,,,,,,,,,,,,,,,,,,,,,,,,,,,,,,,,,,,,,,,,,,,,,,,,,,,,,,,,,,,,,,,,,,,,,,,,,,,,,,,,,,,,,,,,,,,,,,,,,,,,,,,,,,,,,,,,,,,,,,,,,,,,,,,,,,,,,,,,,,,,,,,,,,,,,,,,,,,,,,,,,,,,,,,,,,,,,,,,,,,,,,,,,,,,,,,,,,,,,,,,,,,,,,,,,,,,,,,,,,,,,,,,,,,,,,,,,,,,,,,,,,,,,,,,,,,,,,,,,,,,,,,,,,,,,,,,,,,,,,,,,,,,,,,,,,,,,,,,,,,,,,,,,,,,,,,,,,,,,,,,,,,,,,,,,,,,,,,,,,,,,,,,,,,,,,,,,,,,,,,,,,,,,,,,,,,,,,,,,,,,,,,,,,,,,,,,,,,,,,,,,,,,,,,,,,,,,,,,,,,,,,,,,,,,,,,,,,,,,,,,,,,,,,,,,,,,,,,,,,,,,,,,,,,,,,,,,
extracted_from_pdf,6557908e-d613-452b-812f-c72c4363c83d,BEST T Deadbolt Series,EPD-DOR-20210320-CBA1-EN,Institut Bauen und Umwelt e.V. (IBU),EN 15804+A2,2022-05-04,2027-05-03,US,1 lock (1 piece),,,,2.49,0.205,0.274,,,,,,0.0,,0.0,0.005,0.017,3.05e-06,-0.55,,,,2.47,0.198,0.274,,,,,,0.0,,0.0,0.005,0.017,3.03e-06,-0.551,,,,0.012,0.007,6.38e-06,,,,,,0.0,,0.0,0.000222,4.03e-07,1.04e-08,0.001,,,,0.00334,4.57e-06,1.55e-05,,,,,,0.0,,0.0,1.14e-07,9.77e-07,8.73e-09,-0.000712,,,,2.15e-14,2.04e-17,1.38e-16,,,,,,0.0,,0.0,5.06e-19,8.72e-18,1.13e-20,-1.5e-15,,,,0.0159,0.002,4.88e-05,,,,,,0.0,,0.0,4.8e-06,3.08e-06,2.18e-08,-0.000712,,,,3.76e-06,4.28e-08,2.2e-08,,,,,,0.0,,0.0,1.03e-09,1.39e-09,5.21e-12,-2.84e-07,,,,0.00121,0.000447,1.1e-05,,,,,,0.0,,0.0,1.53e-06,6.94e-07,5.6e-09,-0.000278,,,,0.0171,0.005,0.000222,,,,,,0.0,,0.0,1.7e-05,1.4e-05,6.16e-08,-0.003,,,,0.00462,0.001,3.04e-05,,,,,,0.0,,0.0,4.32e-06,1.92e-06,1.7e-08,-0.000832,,,,0.000482,5.75e-09,1.89e-09,,,,,,0.0,,0.0,1.44e-10,1.2e-10,2.73e-13,0.000131,,,,38.2,2.72,0.127,,,,,,0.0,,0.0,0.068,0.008,3.98e-05,-6.96,,,,0.687,0.000381,0.028,,,,,,0.0,,0.0,9.4e-06,0.002,3.18e-07,-0.136,,,,7.81,0.009,0.033,,,,,,0.0,,0.0,0.000215,0.004,5.21e-06,-1.07,,,,0.002,0.0,0.0,,,,,,0.0,,0.0,0.0,-0.002,0.0,0.0,,,,7.81,0.009,0.033,,,,,,0.0,,0.0,0.000215,0.002,5.21e-06,-1.07,,,,33.4,2.72,4.76,,,,,,0.0,,0.0,0.068,0.197,3.98e-05,-6.96,,,,4.82,0.0,-4.63,,,,,,0.0,,0.0,0.0,-0.189,0.0,0.0,,,,38.2,2.72,0.127,,,,,,0.0,,0.0,0.068,0.008,3.98e-05,-6.96,,,,1.07,0.0,0.0,,,,,,0.0,,0.0,0.0,0.0,0.0,0.0,,,,0.0,0.0,0.0,,,,,,0.0,,0.0,0.0,0.0,0.0,0.0,,,,0.0,0.0,0.0,,,,,,0.0,,0.0,0.0,0.0,0.0,0.0,,,,0.021,1.55e-05,0.00067,,,,,,0.0,,0.0,3.85e-07,4.23e-05,1e-08,-0.007,,,,8.98e-08,2.65e-10,4.84e-10,,,,,,0.0,,0.0,6.6e-12,3.05e-11,6.07e-13,-1.25e-07,,,,0.342,0.000278,0.028,,,,,,0.0,,0.0,6.96e-06,0.002,0.0002,-0.022,,,,0.0015,2.94e-06,4.71e-06,,,,,,0.0,,0.0,7.31e-08,2.97e-07,4.53e-10,-0.00013,,,,,,,,,1.52e-07,2.65e-08,6.22e-10,,,,,,0,,0,2.52e-11,3.93e-11,2.69e-13,-2.93e-08,0.257,0.000421,0.000424,,,,,,0,,0,1.04e-05,2.68e-05,4.66e-08,-0.027,22.6,1.93,0.048,,,,,,0,,0,0.048,0.003,2.27e-05,-1.49,1.26e-07,3.62e-11,4.12e-12,,,,,,0,,0,9.07e-13,2.6e-13,3.37e-15,-6.7e-10,6.43e-08,1.58e-09,4.18e-10,,,,,,0,,0,3.88e-11,2.64e-11,3.71e-13,1.15e-08,10.0,0.007,0.038,,,,,,0,,0,0.000175,0.002,8.3e-06,-0.126,0,0,0,,,,,,0,,0,0,0,0,0,0,0,0,,,,,,0,,0,0,1.14,0,0,0,0,0,,,,,,0,,0,0,0,0,0,0.017,0,0.507,,,,,,0,,0,0,0,0,0,0.031,0,1.16,,,,,,0,,0,0,0,0,0
extracted_from_pdf,671a8c95-a3f8-4010-937e-c72940f66504,Access manager 92 30,EPD-DOR-20210181-CBA2-EN,Institut Bauen und Umwelt e.V. (IBU),EN 15804+A2,2021-10-07,2026-10-06,DE,1 piece of the product: Access manager 92 30,,,,15.9,0.0636,0.375,,,,,,413.0,,,0.00298,1.08,0.000405,-1.24,,,,16.1,0.0609,0.0616,,,,,,411.0,,,0.00285,1.08,0.000402,-1.24,,,,-0.24,0.00268,0.314,,,,,,0.816,,,0.000132,2.53e-05,1.37e-06,0.000169,,,,0.0231,1.44e-06,8.32e-06,,,,,,0.578,,,6.78e-08,6.13e-05,1.16e-06,-0.00145,,,,1.75e-09,6.39e-18,8.5e-17,,,,,,6.2e-12,,,3.01e-19,5.47e-16,1.49e-18,-8.26e-15,,,,0.0857,0.000169,9.97e-05,,,,,,1.83,,,2.85e-06,0.000193,2.88e-06,-0.0114,,,,0.000114,1.31e-08,1.56e-08,,,,,,0.000783,,,6.1e-10,8.73e-08,6.9e-10,-1.18e-06,,,,0.0152,4.78e-05,3.47e-05,,,,,,0.3,,,9.07e-07,4.35e-05,7.42e-07,-0.000975,,,,0.162,0.000526,0.000449,,,,,,3.23,,,1.01e-05,0.00088,8.16e-06,-0.0105,,,,0.0447,0.000134,9.22e-05,,,,,,0.867,,,2.56e-06,0.000121,2.25e-06,-0.00319,,,,0.131,1.81e-09,1.29e-09,,,,,,8.48e-05,,,8.54e-11,7.5e-09,3.61e-11,-0.000492,,,,207.0,0.857,0.126,,,,,,6190.0,,,0.0404,0.503,0.00527,-17.9,,,,3.51,0.000119,0.0454,,,,,,87.4,,,5.58e-06,0.111,4.21e-05,-0.354,,,,45.0,0.00271,2.75,,,,,,2320.0,,,0.000127,0.395,0.000691,-3.05,,,,48.0,0.0,-2.72,,,,,,0.0,,,0.0,-0.264,0.0,0.0,,,,236.0,0.00271,0.0249,,,,,,2320.0,,,0.000127,0.131,0.000691,-3.05,,,,207.0,0.858,1.03,,,,,,6200.0,,,0.0404,15.9,0.00528,-17.9,,,,224.0,0.0,-0.905,,,,,,0.0,,,0.0,-15.4,0.0,0.0,,,,208.0,0.858,0.126,,,,,,6200.0,,,0.0404,0.503,0.00528,-17.9,,,,0.0071,0.0,0.0,,,,,,0.0,,,0.0,0.0,0.0,0.0,,,,0.0,0.0,0.0,,,,,,0.0,,,0.0,0.0,0.0,0.0,,,,0.0951,0.0,0.0,,,,,,0.0,,,0.0,0.0,0.0,0.0,,,,0.0951,4.86e-06,0.00107,,,,,,3.16,,,2.28e-07,0.00265,1.33e-06,-0.00779,,,,1.39e-05,8.33e-11,2.44e-10,,,,,,2.87e-06,,,3.92e-12,1.92e-09,8.04e-11,-3.1e-08,,,,0.521,8.77e-05,0.0156,,,,,,3.87,,,4.13e-06,0.113,0.0265,-0.14,,,,0.0048,9.22e-07,6.26e-06,,,,,,0.718,,,4.34e-08,1.87e-05,6e-08,-0.000774,,,,,,,,,,,,,,,,,,,,,,,,,,,,,,,,,,,,,,,,,,,,,,,,,,,,,,,,,,,,,,,,,,,,,,,,,,,,,,,,,,,,,,,,,,,,,,,,,,,,,,,,,,,,,,,,,,,,,,,,,,,,,,,,,,,,,,,,,,,,,,,,,,,,,,,,,,,,,,,,,,,,,,,,,,,,,
extracted_from_pdf,67b83112-35c8-4b54-a1e9-073a9ac3c8f7,"Tufted wall-to-wall carpet, 95% recycled polyamide 6 with a maximum total pile weight of 1215 g/m2 and a textile backing",EPD-DAN-20220311-CBA1-EN,Institut Bauen und Umwelt e.V. (IBU),EN 15804+A2,2023-01-31,2028-01-30,DK,"1 m² tufted wall-to-wall carpet, PA 6 pile material with a SBR based textile backing",,,,5.27,0.185,1.07,0.0,0.416,,,,,,0.0,0.0103,,,-0.0395,,,,5.31,0.181,0.907,0.0,0.215,,,,,,0.0,0.0102,,,-0.0393,,,,-0.0516,0.00235,0.172,0.0,0.00416,,,,,,0.0,0.000131,,,-0.000196,,,,0.00896,0.00103,0.000915,0.0,0.196,,,,,,0.0,5.75e-05,,,-4.19e-06,,,,1.43e-08,1.1e-14,1.28e-09,0.0,3.42e-08,,,,,,0.0,6.18e-16,,,-2.55e-13,,,,0.0202,0.0011,0.00242,0.0,0.000832,,,,,,0.0,6.14e-05,,,-5.05e-05,,,,6.43e-05,5.49e-07,5.88e-06,0.0,5.19e-06,,,,,,0.0,3.08e-08,,,-5.2e-08,,,,0.00714,0.000538,0.000941,0.0,0.000197,,,,,,0.0,3.01e-05,,,-1.38e-05,,,,0.0661,0.00596,0.00927,0.0,0.00283,,,,,,0.0,0.000334,,,-0.000148,,,,0.0169,0.00102,0.00225,0.000418,0.000983,,,,,,0.0,5.7e-05,,,-3.88e-05,,,,1.44e-06,1.54e-08,1.33e-07,0.0,2.3e-07,,,,,,0.0,8.62e-10,,,-5.77e-09,,,,93.3,2.46,8.85,0.0,5.9,,,,,,0.0,0.138,,,-0.666,,,,6.99,0.00165,0.681,0.0,0.0999,,,,,,0.0,9.22e-05,,,-0.00398,,,,65.6,0.14,6.05,0.0,3.69,,,,,,0.0,0.00784,,,-0.177,,,,0.097,0.0,-0.097,0.0,0.0,,,,,,0.0,0.0,,,0.0,,,,65.7,0.14,5.96,0.0,3.69,,,,,,0.0,0.00784,,,-0.177,,,,77.6,2.47,9.32,0.0,5.9,,,,,,0.0,0.138,,,-0.666,,,,15.8,0.0,-0.46,0.0,0.0,,,,,,0.0,0.0,,,0.0,,,,93.4,2.47,8.86,0.0,5.9,,,,,,0.0,0.138,,,-0.666,,,,1.46,0.0,0.131,0.0,0.0,,,,,,0.0,0.0,,,0.0,,,,0.0,0.0,0.0,0.0,0.0,,,,,,0.0,0.0,,,0.0,,,,0.0,0.0,0.0,0.0,0.0,,,,,,0.0,0.0,,,0.0,,,,0.167,0.000158,0.0163,0.0,0.00334,,,,,,0.0,8.85e-06,,,-0.000169,,,,0.00357,1.18e-11,0.000321,0.0,4.19e-05,,,,,,0.0,6.62e-13,,,-9.13e-11,,,,0.775,0.000353,0.126,0.0,0.0073,,,,,,0.0,1.98e-05,,,-0.000331,,,,0.00201,3.04e-06,0.000189,0.0,0.000376,,,,,,0.0,1.7e-07,,,-5.06e-05,,,,,,,,,,,,,,,,,,,,,,,,,,,,,,,,,,,,,,,,,,,,,,,,,,,,,,,,,,,,,,,,,,,,,,,,,,,,,,,,,,,,,,,,,,,,,,,,,,,,,,,,,,,,,,,,,,,,,,,,,,,,,,,,,,,,,,,,,,,,,,,,,,,,,,,,,,,,,,,,,,,,,,,,,,,,,
extracted_from_pdf,69787b5c-495c-409f-bc5b-58af0dc39e56,best wood BSH,EPD-HWS-20240044-IBA2-DE,Institut Bauen und Umwelt e.V. (IBU),EN 15804+A2,2024-04-04,2029-04-03,Deutschland,1 m³ Brettschichtholz best wood BSH,,,,-554.0,4.78,1.39,0.0,0.0,,,,,,0.0,19.1,725.0,0.0,-256.0,,,,158.0,4.74,1.39,0.0,0.0,,,,,,0.0,19.0,11.5,0.0,-256.0,,,,-713.0,0.0,0.0,0.0,0.0,,,,,,0.0,0.0,713.0,0.0,0.0,,,,0.553,0.0388,0.000191,0.0,0.0,,,,,,0.0,0.157,0.00738,0.0,-0.175,,,,2.05e-07,9.38e-16,5.66e-16,0.0,0.0,,,,,,0.0,3.79e-15,1.02e-13,0.0,-2.88e-12,,,,0.557,0.0051,0.000276,0.0,0.0,,,,,,0.0,0.102,0.111,0.0,-0.331,,,,0.001,1.41e-05,1.22e-07,0.0,0.0,,,,,,0.0,5.7e-05,1.4e-05,0.0,-0.00033,,,,0.237,0.00164,8.69e-05,0.0,0.0,,,,,,0.0,0.0492,0.0363,0.0,-0.0945,,,,2.57,0.0195,0.00127,0.0,0.0,,,,,,0.0,0.545,0.527,0.0,-1.01,,,,0.693,0.00444,0.000205,0.0,0.0,,,,,,0.0,0.0956,0.0987,0.0,-0.265,,,,5.76e-05,4.21e-07,8.89e-09,0.0,0.0,,,,,,0.0,1.7e-06,1.55e-06,0.0,-4.21e-05,,,,2270.0,63.3,0.763,0.0,0.0,,,,,,0.0,255.0,169.0,0.0,-4430.0,,,,13.6,0.0441,0.127,0.0,0.0,,,,,,0.0,0.178,80.5,0.0,-19.1,,,,359.0,3.64,0.205,0.0,0.0,,,,,,0.0,14.7,7460.0,0.0,-986.0,,,,7420.0,0.0,0.0,0.0,0.0,,,,,,0.0,0.0,-7420.0,0.0,0.0,,,,7780.0,3.64,0.205,0.0,0.0,,,,,,0.0,14.7,32.8,0.0,-986.0,,,,2200.0,63.5,19.0,0.0,0.0,,,,,,0.0,256.0,223.0,0.0,-4440.0,,,,72.0,0.0,-18.3,0.0,0.0,,,,,,0.0,0.0,-53.8,0.0,0.0,,,,2270.0,63.5,0.764,0.0,0.0,,,,,,0.0,256.0,169.0,0.0,-4440.0,,,,0.0,0.0,0.0,0.0,0.0,,,,,,0.0,0.0,0.0,0.0,0.0,,,,0.0,0.0,0.0,0.0,0.0,,,,,,0.0,0.0,0.0,0.0,0.0,,,,0.0,0.0,0.0,0.0,0.0,,,,,,0.0,0.0,0.0,0.0,0.0,,,,0.596,0.00417,0.00308,0.0,0.0,,,,,,0.0,0.0168,1.89,0.0,-0.96,,,,6.11e-07,3.35e-09,1.34e-10,0.0,0.0,,,,,,0.0,1.35e-08,3.05e-08,0.0,-9.96e-07,,,,1.66,0.00996,0.00562,0.0,0.0,,,,,,0.0,0.0402,5.59,0.0,-2.07,,,,0.0811,0.000115,6.09e-05,0.0,0.0,,,,,,0.0,0.000465,0.00939,0.0,-0.316,,,,,,,,,0.000112,3.47e-08,1.53e-09,0,0,,,,,,0,4e-07,5.55e-07,0,-2.85e-06,7.46,0.0168,0.00993,0,0,,,,,,0,0.068,1.49,0,-51.7,1240.0,46.9,0.408,0,0,,,,,,0,190.0,73.1,0,-912.0,1.06e-07,9.49e-10,1.66e-11,0,0,,,,,,0,3.84e-09,4.91e-09,0,-4.21e-08,7.83e-06,4.93e-08,6.37e-10,0,0,,,,,,0,2.11e-07,1.75e-07,0,-1.66e-06,124000.0,21.7,0.242,0,0,,,,,,0,87.8,46.3,0,-677.0,0,0,0,0,0,,,,,,0,0,0,0,0,0,0,0,0,0,,,,,,0,0,0,0,0,0,0,0,0,0,,,,,,0,0,0,0,0,0,0,2.87,0,0,,,,,,0,0,1130.0,0,0,0,0,5.11,0,0,,,,,,0,0,2020.0,0,0
extracted_from_pdf,6a341eb0-dc2b-4bbd-889f-cd715767f5ce,Geryon Security Revolving Door,EPD-DOR-20220167-CBA1-EN,Institut Bauen und Umwelt e.V. (IBU),EN 15804+A2,2022-10-18,2027-10-17,DE,"1 piece of the product: one (1) dormakaba Geryon Security Revolving Door (SRD-E01), consisting of the following items:
- drive and control unit (K8)
- upper body
- side walls
- columns incl. door leafs
- floor bearing
- fastening material
- packaging material",,,,88.0,0.283,8.81,,0.0,,,,197.0,,0.0,0.128,2.13,4.84e-09,-30.9,,,,97.6,0.27,0.221,,0.0,,,,196.0,,0.0,0.123,2.13,0.003,-30.8,,,,-9.63,0.012,8.58,,0.0,,,,0.654,,0.0,0.006,4.96e-05,0.371,-0.062,,,,0.0841,6.43e-06,0.000145,,0.0,,,,0.284,,0.0,2.92e-06,0.00012,3.21e-11,-0.014,,,,1.78e-09,2.85e-17,1.59e-15,,0.0,,,,4.32e-12,,0.0,1.29e-17,1.07e-15,3.25e-09,-1.81e-10,,,,0.611,0.00027,0.002,,0.0,,,,0.433,,0.0,0.000123,0.000379,0.296,-0.133,,,,0.000327,5.78e-08,3.1e-07,,0.0,,,,0.000524,,0.0,2.62e-08,1.71e-07,6.11e-07,-1.94e-05,,,,0.101,8.6e-05,0.00089,,0.0,,,,0.096,,0.0,3.9e-05,8.55e-05,0.000657,-0.017,,,,1.11,0.000956,0.011,,0.0,,,,1.01,,0.0,0.000434,0.002,0.007,-0.182,,,,0.267,0.000243,0.002,,0.0,,,,0.264,,0.0,0.00011,0.000237,0.002,-0.052,,,,0.00501,8.1e-09,2.51e-08,,0.0,,,,5.68e-05,,0.0,3.67e-09,1.47e-08,3.2e-08,-0.000741,,,,1250.0,3.83,2.78,,0.0,,,,3450.0,,0.0,1.74,0.987,4.67,-444.0,,,,18.0,0.000529,1.09,,0.0,,,,42.8,,0.0,0.00024,0.218,0.037,-3.11,,,,639.0,0.012,75.0,,0.0,,,,1530.0,,0.0,0.005,0.257,0.612,-180.0,,,,74.5,0.0,-74.5,,0.0,,,,0.0,,0.0,0.0,0.0,0.0,0.0,,,,714.0,0.012,0.505,,0.0,,,,1530.0,,0.0,0.005,0.257,0.612,-180.0,,,,1220.0,3.83,2.78,,0.0,,,,3450.0,,0.0,1.74,30.6,4.67,-444.0,,,,29.6,0.0,0.0,,0.0,,,,0.0,,0.0,0.0,-29.6,0.0,0.0,,,,1250.0,3.83,2.78,,0.0,,,,3450.0,,0.0,1.74,0.988,4.67,-444.0,,,,4.52,0.0,0.0,,0.0,,,,0.0,,0.0,0.0,0.0,0.0,0.0,,,,0.0,0.0,0.0,,0.0,,,,0.0,,0.0,0.0,0.0,0.0,0.0,,,,0.0,0.0,0.0,,0.0,,,,0.0,,0.0,0.0,0.0,0.0,0.0,,,,0.865,2.17e-05,0.026,,0.0,,,,1.77,,0.0,9.83e-06,0.005,0.001,-0.351,,,,1.76e-05,3.72e-10,4.1e-09,,0.0,,,,1.43e-06,,0.0,1.69e-10,3.76e-09,7.12e-08,-1.83e-07,,,,15.0,0.000392,0.276,,0.0,,,,2.45,,0.0,0.000178,0.221,23.5,-6.64,,,,0.052,4.12e-06,0.000146,,0.0,,,,0.523,,0.0,1.87e-06,3.66e-05,5.32e-05,-0.042,,,,,,,,,5.48e-06,1.42e-09,1.37e-08,,0.0,,,,3.63e-06,,0.0,6.45e-10,4.84e-09,3.16e-08,-1.97e-06,8.76,0.000588,0.023,,0.0,,,,85.9,,0.0,0.000267,0.003,0.005,-8.31,952.0,2.72,1.32,,0.0,,,,1480.0,,0.0,1.23,0.371,2.67,-165.0,1.28e-06,5.11e-11,6.98e-11,,0.0,,,,4.08e-08,,0.0,2.32e-11,3.21e-11,3.95e-10,-1.48e-08,3.72e-06,2.18e-09,3.02e-09,,0.0,,,,1.5e-06,,0.0,9.91e-10,3.25e-09,4.36e-08,-2.26e-07,1460.0,0.01,0.737,,0.0,,,,1100.0,,0.0,0.004,0.296,0.973,-28.6,0.0,0.0,0.0,,0.0,,,,0.0,,0.0,0.0,0.0,0.0,0.0,0.0,0.0,0.0,,0.0,,,,0.0,,0.0,0.0,5.01,0.0,0.0,0.0,0.0,0.0,,0.0,,,,0.0,,0.0,0.0,0.0,0.0,0.0,0.0,0.0,13.3,,0.0,,,,0.0,,0.0,0.0,0.0,0.0,0.0,0.0,0.0,24.2,,0.0,,,,0.0,,0.0,0.0,0.0,0.0,0.0
extracted_from_pdf,6d9cf0c0-eec7-4c61-a8c1-f79914d7f4f6,ASSA ABLOY PULSE - Digital lock cylinder,EPD-ASA-20210013-ICB-EN,Institut Bauen und Umwelt e.V. (IBU),EN 15804+A2,2021-04-14,2026-04-13,Europe,1 piece of electromechanical lock cylinder,,,,0.96,,,,,,,,0.0,,0.0,0.000954,0.0384,0.00116,-0.434,,,,0.97,,,,,,,,0.0,,0.0,0.000948,0.0383,0.000283,-0.433,,,,-0.0116,,,,,,,,0.0,,0.0,-1.59e-06,-3.8e-06,0.000872,-0.000228,,,,0.000836,,,,,,,,0.0,,0.0,7.67e-06,7.99e-05,8.13e-07,-0.000134,,,,5.76e-09,,,,,,,,0.0,,0.0,1.74e-19,6.13e-09,-2.55e-19,-4.23e-16,,,,0.00635,,,,,,,,0.0,,0.0,1.09e-06,0.00031,6.82e-07,-0.0016,,,,8.04e-05,,,,,,,,0.0,,0.0,2.89e-09,1.4e-06,1.94e-08,-2.6e-07,,,,0.000871,,,,,,,,0.0,,0.0,3.36e-07,0.000135,3.28e-07,-0.000284,,,,0.00949,,,,,,,,0.0,,0.0,3.99e-06,0.00148,2.17e-06,-0.00308,,,,0.00293,,,,,,,,0.0,,0.0,9.07e-07,0.000404,8.6e-07,-0.000923,,,,2.66e-05,,,,,,,,0.0,,0.0,7.66e-11,4.67e-08,9.9e-12,-2.39e-06,,,,11.2,,,,,,,,0.0,,0.0,0.0126,0.523,0.00307,-4.55,,,,0.721,,,,,,,,0.0,,0.0,9.24e-06,0.00117,-3.73e-06,-0.519,,,,5.81,,,,,,,,0.0,,0.0,0.000731,0.0104,7.3e-06,-0.197,,,,0.456,,,,,,,,0.0,,0.0,0.0,0.0,0.0,0.0,,,,6.27,,,,,,,,0.0,,0.0,0.000731,0.0104,7.3e-06,-0.197,,,,11.2,,,,,,,,0.0,,0.0,0.0127,0.524,0.00307,-4.55,,,,0.0501,,,,,,,,0.0,,0.0,0.0,0.0,0.0,0.0,,,,11.2,,,,,,,,0.0,,0.0,0.0127,0.524,0.00307,-4.55,,,,0.0657,,,,,,,,0.0,,0.0,0.0,0.0,0.0,0.0,,,,0.0,,,,,,,,0.0,,0.0,0.0,0.0,0.0,0.0,,,,0.0,,,,,,,,0.0,,0.0,0.0,0.0,0.0,0.0,,,,0.0262,,,,,,,,0.0,,0.0,8.52e-07,3.37e-05,-7.04e-08,-0.0122,,,,0.0152,,,,,,,,0.0,,0.0,5.87e-10,5.81e-09,6.36e-11,-3.29e-07,,,,0.0604,,,,,,,,0.0,,0.0,0.00249,0.000931,0.00323,-0.0389,,,,4.75e-05,,,,,,,,0.0,,0.0,2.34e-08,2.32e-07,-4.8e-08,-4.08e-06,,,,,,,,,6.02e-08,,,,,,,,0.0,,0.0,7.26e-12,7.92e-09,6.92e-12,-2.2e-08,0.0158,,,,,,,,0.0,,0.0,3.45e-06,0.0019,-8.57e-06,-0.00182,9.16,,,,,,,,0.0,,0.0,0.00946,0.343,0.00221,0.913,2.49e-08,,,,,,,,0.0,,0.0,1.95e-13,1.04e-11,1.09e-13,-7.11e-09,3.65e-07,,,,,,,,0.0,,0.0,9.97e-12,3.1e-10,1.04e-11,-4.88e-09,8.22,,,,,,,,0.0,,0.0,0.00444,0.0979,0.00042,-0.273,0.0,,,,,,,,0.0,,0.0,0.0,0.0,0.0,0.0,0.0,,,,,,,,0.0,,0.0,0.0,0.245,0.0,0.0,0.0,,,,,,,,0.0,,0.0,0.0,0.0,0.0,0.0,0.0,,,,,,,,0.0,,0.0,0.0,0.0,0.0,0.0,0.0,,,,,,,,0.0,,0.0,0.0,0.0,0.0,0.0
extracted_from_pdf,6f9d42e6-73d3-491f-b9ce-76f5d530aa7d,"Tufted tiles, Polyamid 6 with a maximum total pile weight of 720 g/m2, EcoFlex Echo backing",EPD-IVC-20220244-CBB1-EN,Institut Bauen und Umwelt e.V. (IBU),EN 15804+A2,2022-09-15,2027-09-14,,1 m² floor covering,,,,10.4,0.29,0.794,0.0,0.549,,,,,,0.0,0.016,,,-0.0904,,,,10.5,0.285,0.604,0.0,0.348,,,,,,0.0,0.0157,,,-0.0899,,,,-0.147,0.00369,0.191,0.0,0.00416,,,,,,0.0,0.000204,,,-0.000457,,,,0.0031,0.00161,0.000153,0.0,0.196,,,,,,0.0,8.91e-05,,,-9.82e-06,,,,2.48e-11,1.73e-14,7.62e-13,0.0,3.42e-08,,,,,,0.0,9.57e-16,,,-6.03e-13,,,,0.017,0.00172,0.000705,0.0,0.000832,,,,,,0.0,9.51e-05,,,-0.000118,,,,1.79e-05,8.63e-07,5.94e-07,0.0,5.19e-06,,,,,,0.0,4.77e-08,,,-1.23e-07,,,,0.00481,0.000845,0.000234,0.0,0.000197,,,,,,0.0,4.67e-05,,,-3.2e-05,,,,0.0459,0.00936,0.00241,0.0,0.00283,,,,,,0.0,0.000517,,,-0.000343,,,,0.0161,0.0016,0.000697,0.000418,0.000983,,,,,,0.0,8.83e-05,,,-8.96e-05,,,,1.66e-06,2.42e-08,5.15e-08,0.0,2.3e-07,,,,,,0.0,1.34e-09,,,-1.35e-08,,,,233.0,3.87,7.22,0.0,5.9,,,,,,0.0,0.214,,,-1.53,,,,0.478,0.00259,0.0475,0.0,0.0999,,,,,,0.0,0.000143,,,-0.00939,,,,22.4,0.22,0.943,0.0,3.69,,,,,,0.0,0.0121,,,-0.416,,,,0.238,0.0,-0.238,0.0,0.0,,,,,,0.0,0.0,,,0.0,,,,22.6,0.22,0.705,0.0,3.69,,,,,,0.0,0.0121,,,-0.416,,,,170.0,3.87,8.94,0.0,5.9,,,,,,0.0,0.214,,,-1.53,,,,62.6,0.0,-1.72,0.0,0.0,,,,,,0.0,0.0,,,0.0,,,,233.0,3.87,7.22,0.0,5.9,,,,,,0.0,0.214,,,-1.53,,,,0.408,0.0,0.0123,0.0,0.0,,,,,,0.0,0.0,,,0.0,,,,0.0,0.0,0.0,0.0,0.0,,,,,,0.0,0.0,,,0.0,,,,0.0,0.0,0.0,0.0,0.0,,,,,,0.0,0.0,,,0.0,,,,0.034,0.000248,0.00181,0.0,0.00334,,,,,,0.0,1.37e-05,,,-0.000398,,,,5.75e-08,1.86e-11,1.74e-09,0.0,4.19e-05,,,,,,0.0,1.03e-12,,,-2.08e-10,,,,0.201,0.000555,0.047,0.0,0.0073,,,,,,0.0,3.07e-05,,,-0.000769,,,,0.00515,4.77e-06,0.000159,0.0,0.000376,,,,,,0.0,2.64e-07,,,-0.000119,,,,,,,,,1.44e-07,9.95e-09,5.42e-09,0.0,6.84e-08,,,,,,0.0,5.5e-10,,,-9.75e-10,0.762,0.000699,0.0236,0.0,0.0678,,,,,,0.0,3.86e-05,,,-0.0202,112.0,2.68,3.51,0.0036,2.69,,,,,,0.0,0.148,,,-0.333,3.39e-09,5.42e-11,1.07e-10,0.0,6.21e-10,,,,,,0.0,3e-12,,,-1.54e-11,1.29e-07,3.22e-09,4.19e-09,2.6e-11,9.46e-09,,,,,,0.0,1.78e-10,,,-5.91e-10,,,,,,,,,,,0.0,,,,,0.0,0.0,0.0,0.0,0.0,,,,,,0.0,0.0,,,0.0,0.0145,0.0,0.122,0.0,0.0,,,,,,0.0,0.0,,,0.0,0.0,0.0,0.0,0.0,0.0,,,,,,0.0,0.0,,,0.0,0.0,0.0,0.428,0.0,0.0,,,,,,0.0,0.0,,,0.0,0.0,0.0,0.782,0.0,0.0,,,,,,0.0,0.0,,,0.0
extracted_from_pdf,7093493b-6b5c-42f5-9975-1b9ff71df252,Steel radiator,EPD-KER-20230254-CCB1-DE,Institut Bauen und Umwelt e.V. (IBU),EN 15804+A2,2023-08-29,2028-08-28,DE,1 kg Stahlheizkörper.,,,,2.66,0.0075,0.216,,,,,,,,0.0,0.00329,0.0,0.0,-1.59,,,,2.87,0.00747,0.00885,,,,,,,,0.0,0.00328,0.0,0.0,-1.59,,,,-0.206,3.74e-06,0.207,,,,,,,,0.0,1.64e-06,0.0,0.0,8.98e-05,,,,0.000883,2.88e-05,8.22e-07,,,,,,,,0.0,1.26e-05,0.0,0.0,-4.7e-05,,,,3.16e-12,1.53e-15,3.46e-14,,,,,,,,0.0,6.72e-16,0.0,0.0,-9.67e-13,,,,0.00699,7.25e-06,4.65e-05,,,,,,,,0.0,3.18e-06,0.0,0.0,-0.00331,,,,2.27e-06,1.49e-08,7.9e-09,,,,,,,,0.0,6.54e-09,0.0,0.0,-4.69e-07,,,,0.00162,2.45e-06,1.32e-05,,,,,,,,0.0,1.07e-06,0.0,0.0,-0.000599,,,,0.0175,2.89e-05,0.000222,,,,,,,,0.0,1.27e-05,0.0,0.0,-0.00532,,,,0.00527,6.49e-06,3.46e-05,,,,,,,,0.0,2.85e-06,0.0,0.0,-0.00238,,,,5.34e-06,7.49e-10,8.46e-10,,,,,,,,0.0,3.29e-10,0.0,0.0,-3.76e-06,,,,28.6,0.0992,0.0588,,,,,,,,0.0,0.0435,0.0,0.0,-15.1,,,,0.183,3.21e-05,0.0262,,,,,,,,0.0,1.41e-05,0.0,0.0,-0.28,,,,2.27,0.00653,2.08,,,,,,,,0.0,0.00286,0.0,0.0,0.42,,,,2.06,0.0,-2.06,,,,,,,,0.0,0.0,0.0,0.0,0.0,,,,4.33,0.00653,0.0164,,,,,,,,0.0,0.00286,0.0,0.0,0.42,,,,28.7,0.0993,0.144,,,,,,,,0.0,0.0435,0.0,0.0,-15.1,,,,0.0855,0.0,-0.0855,,,,,,,,0.0,0.0,0.0,0.0,0.0,,,,28.7,0.0993,0.0588,,,,,,,,0.0,0.0435,0.0,0.0,-15.1,,,,0.189,0.0,0.0,,,,,,,,0.0,0.0,0.0,0.0,0.866,,,,0.0,0.0,0.0,,,,,,,,0.0,0.0,0.0,0.0,0.0,,,,0.0,0.0,0.0,,,,,,,,0.0,0.0,0.0,0.0,0.0,,,,0.0043,5.06e-06,0.000616,,,,,,,,0.0,2.22e-06,0.0,0.0,-0.00648,,,,2.51e-09,4.33e-13,6.27e-12,,,,,,,,0.0,1.9e-13,0.0,0.0,-3.36e-10,,,,0.0358,1.62e-05,0.00234,,,,,,,,0.0,7.08e-06,0.0,0.0,0.208,,,,0.000574,1.25e-07,1.91e-06,,,,,,,,0.0,5.47e-08,0.0,0.0,-4.78e-05,,,,,,,,,1.15e-07,4.61e-11,2.49e-10,,,,,,,,0,2.02e-11,0,0,-4.62e-08,0.0494,1.27e-05,0.000201,,,,,,,,0,5.56e-06,0,0,0.0288,6.58,0.0759,0.0247,,,,,,,,0,0.0333,0,0,-1.07,3.07e-09,1.52e-12,1.69e-12,,,,,,,,0,6.68e-13,0,0,-6.27e-10,3.16e-08,7.65e-11,6.61e-11,,,,,,,,0,3.36e-11,0,0,-2.09e-08,33.0,0.0297,0.0183,,,,,,,,0,0.013,0,0,-0.138,0,0,0,,,,,,,,0,0,0,0,0,0.0551,0,0,,,,,,,,0,0,1.0,0,0,0,0,0,,,,,,,,0,0,0,0,0,0,0,0.314,,,,,,,,0,0,0,0,0,0,0,0.725,,,,,,,,0,0,0,0,0
extracted_from_pdf,73c7eefc-060a-41ca-a6c9-ca09ba671737,"CEM II/A-LL 32,5 R",EPD-CEM-20240346-CAA1-DE,Institut Bauen und Umwelt e.V. (IBU),EN 15804+A2,2024-11-22,2029-11-21,DE,1000 kg,,,,568.0,,,,,,,,,,,,,,,,,,568.0,,,,,,,,,,,,,,,,,,0.0332,,,,,,,,,,,,,,,,,,0.0357,,,,,,,,,,,,,,,,,,1e-05,,,,,,,,,,,,,,,,,,1.8,,,,,,,,,,,,,,,,,,0.0525,,,,,,,,,,,,,,,,,,0.00349,,,,,,,,,,,,,,,,,,2.76,,,,,,,,,,,,,,,,,,0.799,,,,,,,,,,,,,,,,,,9.07e-05,,,,,,,,,,,,,,,,,,1880.0,,,,,,,,,,,,,,,,,,35.5,,,,,,,,,,,,,,,,,,26.5,,,,,,,,,,,,,,,,,,0.0,,,,,,,,,,,,,,,,,,26.5,,,,,,,,,,,,,,,,,,1880.0,,,,,,,,,,,,,,,,,,0.0,,,,,,,,,,,,,,,,,,1880.0,,,,,,,,,,,,,,,,,,79.0,,,,,,,,,,,,,,,,,,991.0,,,,,,,,,,,,,,,,,,711.0,,,,,,,,,,,,,,,,,,0.881,,,,,,,,,,,,,,,,,,0.0623,,,,,,,,,,,,,,,,,,0.981,,,,,,,,,,,,,,,,,,,,,,,,,,,,,,,,,,,,,,,,,1.8e-05,,,,,,,,,,,,,,,12,,,,,,,,,,,,,,,43.9,,,,,,,,,,,,,,,6.99e-07,,,,,,,,,,,,,,,1.06e-05,,,,,,,,,,,,,,,444,,,,,,,,,,,,,,,0,,,,,,,,,,,,,,,0,,,,,,,,,,,,,,,0,,,,,,,,,,,,,,,0,,,,,,,,,,,,,,,0,,,,,,,,,,,,,,
extracted_from_pdf,7730689d-1aa7-46ae-aada-a562f2764f0a,BEST HD8000,,,,,,,piece/product,,,,,,,,,,,,,,,,,,,,,,,,,,,,,,,,,,,,,,,,,,,,,,,,,,,,,,,,,,,,,,,,,,,,,,,,,,,,,,,,,,,,,,,,,,,,,,,,,,,,,,,,,,,,,,,,,,,,,,,,,,,,,,,,,,,,,,,,,,,,,,,,,,,,,,,,,,,,,,,,,,,,,,,,,,,,,,,,,,,,,,,,,,,,,,,,,,,,,,,,,,,,,,,,,,,,,,,,,,,,,,,,,,,,,,,,,,,,,,,,,,,,,,,,,,,,,,,,,,,,,,,,,,,,,,,,,,,,,,,,,,,,,,,,,,,,,,,,,,,,,,,,,,,,,,,,,,,,,,,,,,,,,,,,,,,,,,,,,,,,,,,,,,,,,,,,,,,,,,,,,,,,,,,,,,,,,,,,,,,,,,,,,,,,,,,,,,,,,,,,,,,,,,,,,,,,,,,,,,,,,,,,,,,,,,,,,,,,,,,,,,,,,,,,,,,,,,,,,,,,,,,,,,,,,,,,,,,,,,,,,,,,,,,,,,,,,,,,,,,,,,,,,,,,,,,,,,,,,,,,,,,,,,,,,,,,,,,,,,,,,,,,,,,,,,,,,,,,,,,,,,,,,,,,,,,,,,,,,,,,,,,,,,,,,,,,,,,,,,,,,,,,,,,,,,,,,,,,,,,,,,,,,,,,,,,,,,,,,,,,,
extracted_from_pdf,774fbe44-55b0-4a74-8cf8-1fe430ee9f70,"Tufted wall-to-wall carpet, polypropylene with a maximum total pile weight of 1275 g/m2 and a foam backing",EPD-DAN-20220312-CBA1-EN,Institut Bauen und Umwelt e.V. (IBU),EN 15804+A2,2023-01-31,2028-01-30,Denmark,"1 m² tufted wall-to-wall carpet, PP pile material with a SBR based foam backing",,,,7.5,0.212,1.33,0.0,0.416,,,,,,0.0,0.0119,,,-0.217,,,,7.53,0.208,1.25,0.0,0.215,,,,,,0.0,0.0117,,,-0.216,,,,-0.03,0.00269,0.0776,0.0,0.00416,,,,,,0.0,0.000151,,,-0.0011,,,,0.00336,0.00118,0.000427,0.0,0.196,,,,,,0.0,6.61e-05,,,-2.37e-05,,,,3.1e-11,1.27e-14,2.82e-12,0.0,3.42e-08,,,,,,0.0,7.11e-16,,,-1.46e-12,,,,0.0161,0.00126,0.00168,0.0,0.000832,,,,,,0.0,7.06e-05,,,-0.000284,,,,2.06e-05,6.3e-07,1.96e-06,0.0,5.19e-06,,,,,,0.0,3.54e-08,,,-2.96e-07,,,,0.00474,0.000617,0.000521,0.0,0.000197,,,,,,0.0,3.47e-05,,,-7.71e-05,,,,0.0509,0.00683,0.00573,0.0,0.00283,,,,,,0.0,0.000384,,,-0.000826,,,,0.0149,0.00117,0.00154,0.000418,0.000983,,,,,,0.0,6.56e-05,,,-0.000216,,,,1.46e-06,1.77e-08,1.35e-07,0.0,2.3e-07,,,,,,0.0,9.92e-10,,,-3.25e-08,,,,208.0,2.82,19.2,0.0,5.9,,,,,,0.0,0.159,,,-3.68,,,,0.815,0.00189,0.138,0.0,0.0999,,,,,,0.0,0.000106,,,-0.0227,,,,27.6,0.16,2.64,0.0,3.69,,,,,,0.0,0.00901,,,-1.01,,,,0.097,0.0,-0.097,0.0,0.0,,,,,,0.0,0.0,,,0.0,,,,27.7,0.16,2.55,0.0,3.69,,,,,,0.0,0.00901,,,-1.01,,,,130.0,2.83,19.7,0.0,5.9,,,,,,0.0,0.159,,,-3.68,,,,78.3,0.0,-0.46,0.0,0.0,,,,,,0.0,0.0,,,0.0,,,,209.0,2.83,19.2,0.0,5.9,,,,,,0.0,0.159,,,-3.68,,,,0.0434,0.0,0.00391,0.0,0.0,,,,,,0.0,0.0,,,0.0,,,,0.0,0.0,0.0,0.0,0.0,,,,,,0.0,0.0,,,0.0,,,,0.0,0.0,0.0,0.0,0.0,,,,,,0.0,0.0,,,0.0,,,,0.0387,0.000181,0.00501,0.0,0.00334,,,,,,0.0,1.02e-05,,,-0.000962,,,,3.43e-08,1.35e-11,3.11e-09,0.0,4.19e-05,,,,,,0.0,7.61e-13,,,-4.99e-10,,,,0.358,0.000405,0.101,0.0,0.0073,,,,,,0.0,2.28e-05,,,-0.00185,,,,0.00476,3.48e-06,0.000437,0.0,0.000376,,,,,,0.0,1.96e-07,,,-0.000289,,,,,,,,,,,,,,,,,,,,,,,,,,,,,,,,,,,,,,,,,,,,,,,,,,,,,,,,,,,,,,,,,,,,,,,,,,,,,,,,,,,,,,,,,,,,,,,,,,,,,,,,,,,,,,,,,,,,,,,,,,,,,,,,,,,,,,,,,,,,,,,,,,,,,,,,,,,,,,,,,,,,,,,,,,,,,
extracted_from_pdf,7a472800-1665-4ccd-aeca-70a9ce340a2b,Epoxy Powder Coating,EPD-VDL-20230165-IAG1-DE,Institut Bauen und Umwelt e.V. (IBU),EN 15804+A2,2023-06-22,2028-06-21,DE,1 kg Pulverlack auf Epoxid-Basis,,,,6.38,,,,,,,,,,0.0,0.00431,0.0,2.3,0.0,,,,6.25,,,,,,,,,,0.0,0.00412,0.0,2.3,0.0,,,,0.134,,,,,,,,,,0.0,0.000191,0.0,0.000201,0.0,,,,0.00116,,,,,,,,,,0.0,6.71e-08,0.0,1.18e-05,0.0,,,,3.44e-11,,,,,,,,,,0.0,6.26e-16,0.0,3.33e-13,0.0,,,,0.0126,,,,,,,,,,0.0,1.34e-05,0.0,0.000675,0.0,,,,2.84e-05,,,,,,,,,,0.0,8.56e-10,0.0,8.81e-08,0.0,,,,0.00309,,,,,,,,,,0.0,6.45e-06,0.0,0.000209,0.0,,,,0.0335,,,,,,,,,,0.0,7.08e-05,0.0,0.00322,0.0,,,,0.0102,,,,,,,,,,0.0,1.24e-05,0.0,0.000544,0.0,,,,8.86e-06,,,,,,,,,,0.0,2.29e-10,0.0,8.13e-09,0.0,,,,115.0,,,,,,,,,,0.0,0.0577,0.0,0.576,0.0,,,,0.208,,,,,,,,,,0.0,4.73e-06,0.0,0.234,0.0,,,,16.1,,,,,,,,,,0.0,0.000335,0.0,1.21,0.0,,,,1.05,,,,,,,,,,0.0,0.0,0.0,-1.05,0.0,,,,17.2,,,,,,,,,,0.0,0.000335,0.0,0.156,0.0,,,,98.3,,,,,,,,,,0.0,0.0578,0.0,17.6,0.0,,,,17.0,,,,,,,,,,0.0,0.0,0.0,-17.0,0.0,,,,115.0,,,,,,,,,,0.0,0.0578,0.0,0.576,0.0,,,,0.0,,,,,,,,,,0.0,0.0,0.0,0.0,0.0,,,,0.0,,,,,,,,,,0.0,0.0,0.0,0.0,0.0,,,,0.0,,,,,,,,,,0.0,0.0,0.0,0.0,0.0,,,,0.0201,,,,,,,,,,0.0,2.85e-07,0.0,0.00552,0.0,,,,2.42e-08,,,,,,,,,,0.0,1.93e-13,0.0,6.14e-11,0.0,,,,0.638,,,,,,,,,,0.0,6.95e-06,0.0,0.0488,0.0,,,,0.00218,,,,,,,,,,0.0,5.13e-08,0.0,1.72e-05,0.0,,,,,,,,,1.5e-07,,,,,,,,,,0,7.17e-11,0,3.68e-09,0,0.235,,,,,,,,,,0,4.6e-06,0,0.0017,0,60.0,,,,,,,,,,0,0.0459,0,0.219,0,1.12e-08,,,,,,,,,,0,8.61e-13,0,2.36e-11,0,1.24e-06,,,,,,,,,,0,4.33e-11,0,1.5e-09,0,21.9,,,,,,,,,,0,0.000251,0,0.162,0,0,,,,,,,,,,0,0,0,0,0,0,,,,,,,,,,0,0,0,0,0,0,,,,,,,,,,0,0,0,0,0,0,,,,,,,,,,0,0,0,0,0,0,,,,,,,,,,0,0,0,0,0
extracted_from_pdf,7a8815b1-4b5d-44c8-ac1d-a14950f510d1,"Needled carpet tiles, yarn mixture of 80% polypropylene, 20% polyester and an NSF foam backing",EPD-VEB-20220242-CBB1-EN,Institut Bauen und Umwelt e.V. (IBU),EN 15804+A2,2022-11-30,2027-11-29,Netherlands,"1 m² needled tiles, PP and PET pile material with a NSF foam backing",,,,8.04,0.176,0.458,0.0,0.416,,,,,,0.0,0.01,,,-0.0762,,,,8.01,0.172,0.452,0.0,0.215,,,,,,0.0,0.00984,,,-0.0758,,,,0.0212,0.00223,0.00572,0.0,0.00416,,,,,,0.0,0.000127,,,-0.000388,,,,0.0055,0.000976,0.000197,0.0,0.196,,,,,,0.0,5.57e-05,,,-8.35e-06,,,,4.93e-09,1.05e-14,1.48e-10,0.0,3.42e-08,,,,,,0.0,5.99e-16,,,-5.14e-13,,,,0.017,0.00104,0.000581,0.0,0.000832,,,,,,0.0,5.95e-05,,,-9.99e-05,,,,2.56e-05,5.23e-07,7.89e-07,0.0,5.19e-06,,,,,,0.0,2.98e-08,,,-1.05e-07,,,,0.00468,0.000512,0.000169,0.0,0.000197,,,,,,0.0,2.92e-05,,,-2.71e-05,,,,0.05,0.00567,0.00186,0.0,0.00283,,,,,,0.0,0.000323,,,-0.00029,,,,0.0158,0.000968,0.000538,0.000418,0.000983,,,,,,0.0,5.52e-05,,,-7.58e-05,,,,1.27e-06,1.46e-08,3.9e-08,0.0,2.3e-07,,,,,,0.0,8.35e-10,,,-1.15e-08,,,,241.0,2.34,7.35,0.0,5.9,,,,,,0.0,0.134,,,-1.29,,,,9.89,0.00157,0.317,0.0,0.0999,,,,,,0.0,8.94e-05,,,-0.00801,,,,19.0,0.133,0.584,0.0,3.69,,,,,,0.0,0.00759,,,-0.355,,,,0.007,0.0,0.0,0.0,0.0,,,,,,0.0,0.0,,,0.0,,,,19.0,0.133,0.584,0.0,3.69,,,,,,0.0,0.00759,,,-0.355,,,,155.0,2.35,7.39,0.0,5.9,,,,,,0.0,0.134,,,-1.29,,,,86.9,0.0,-0.037,0.0,0.0,,,,,,0.0,0.0,,,0.0,,,,241.0,2.35,7.36,0.0,5.9,,,,,,0.0,0.134,,,-1.29,,,,0.363,0.0,0.0109,0.0,0.0,,,,,,0.0,0.0,,,0.0,,,,0.0,0.0,0.0,0.0,0.0,,,,,,0.0,0.0,,,0.0,,,,0.0,0.0,0.0,0.0,0.0,,,,,,0.0,0.0,,,0.0,,,,0.244,0.00015,0.00779,0.0,0.00334,,,,,,0.0,8.58e-06,,,-0.000339,,,,8.66e-06,1.12e-11,2.6e-07,0.0,4.19e-05,,,,,,0.0,6.41e-13,,,-1.75e-10,,,,0.0881,0.000336,0.00932,0.0,0.0073,,,,,,0.0,1.92e-05,,,-0.000652,,,,0.00754,2.89e-06,0.000228,0.0,0.000376,,,,,,0.0,1.65e-07,,,-0.000102,,,,,,,,,1.59e-07,6.02e-09,5.21e-09,0.0,6.84e-08,,,,,,0.0,3.44e-10,,,-8.27e-10,0.832,0.000423,0.0253,0.0,0.0678,,,,,,0.0,2.42e-05,,,-0.0172,123.0,1.62,3.76,0.0036,2.69,,,,,,0.0,0.0927,,,-0.284,3.8e-09,3.28e-11,1.17e-10,0.0,6.21e-10,,,,,,0.0,1.87e-12,,,-1.3e-11,2.56e-07,1.95e-09,7.85e-09,2.6e-11,9.46e-09,,,,,,0.0,1.11e-10,,,-5e-10,,,,,,,,,,,,,,,,0.0,0.0,0.0,0.0,0.0,,,,,,0.0,0.0,,,0.0,0.0,0.0,0.0034,0.0,0.0,,,,,,0.0,0.0,,,0.0,0.0,0.0,0.0,0.0,0.0,,,,,,0.0,0.0,,,0.0,0.0,0.0,0.377,0.0,0.0,,,,,,0.0,0.0,,,0.0,0.0,0.0,0.676,0.0,0.0,,,,,,0.0,0.0,,,0.0
extracted_from_pdf,7aa2b593-157e-4b48-bd3c-51cf523e9f53,Stainless steel lever and window handle CORE/PREMIUM,EPD-OGR-20240053-CBA5-EN,Institut Bauen und Umwelt e.V. (IBU),EN 15804+A2,2024-06-18,2029-06-17,DE,"one (1 piece) stainless steel lever handle from the OGRO PREMIUM and CORE series, including packaging materials. The average fitting including packaging weighs 717 g.",,,,2.9,0.006,0.139,,,,,,,,0.0,0.003,0.079,0.0,-1.97,,,,3.06,0.006,0.003,,,,,,,,0.0,0.003,0.079,0.0,-1.98,,,,-0.161,0.000277,0.135,,,,,,,,0.0,0.00012,1.84e-06,0.0,0.009,,,,0.00531,1.43e-07,2.29e-06,,,,,,,,0.0,6.16e-08,4.45e-06,0.0,-0.004,,,,1.1e-12,6.33e-19,2.5e-17,,,,,,,,0.0,2.73e-19,3.97e-17,0.0,-4.27e-15,,,,0.0148,6e-06,3.89e-05,,,,,,,,0.0,2.59e-06,1.4e-05,0.0,-0.008,,,,7.03e-06,1.28e-09,4.9e-09,,,,,,,,0.0,5.54e-10,6.34e-09,0.0,-1.72e-06,,,,0.00226,1.91e-06,1.41e-05,,,,,,,,0.0,8.24e-07,3.16e-06,0.0,-0.001,,,,0.023,2.12e-05,0.000175,,,,,,,,0.0,9.16e-06,6.39e-05,0.0,-0.014,,,,0.00672,5.4e-06,3.72e-05,,,,,,,,0.0,2.33e-06,8.75e-06,0.0,-0.004,,,,0.000117,1.8e-10,3.96e-10,,,,,,,,0.0,7.76e-11,5.45e-10,0.0,-5.69e-05,,,,38.9,0.085,0.044,,,,,,,,0.0,0.037,0.037,0.0,-24.0,,,,1.02,1.17e-05,0.017,,,,,,,,0.0,5.07e-06,0.008,0.0,-0.752,,,,10.1,0.000268,1.18,,,,,,,,0.0,0.000116,0.009,0.0,-4.8,,,,1.18,0.0,-1.18,,,,,,,,0.0,0.0,0.0,0.0,0.0,,,,11.3,0.000268,0.008,,,,,,,,0.0,0.000116,0.009,0.0,-4.8,,,,38.4,0.085,0.044,,,,,,,,0.0,0.037,0.499,0.0,-24.1,,,,0.462,0.0,0.0,,,,,,,,0.0,0.0,-0.462,0.0,0.0,,,,38.9,0.085,0.044,,,,,,,,0.0,0.037,0.037,0.0,-24.1,,,,0.306,0.0,0.0,,,,,,,,0.0,0.0,0.0,0.0,0.0,,,,0.0,0.0,0.0,,,,,,,,0.0,0.0,0.0,0.0,0.0,,,,0.0,0.0,0.0,,,,,,,,0.0,0.0,0.0,0.0,0.0,,,,0.039,4.81e-07,0.000406,,,,,,,,0.0,2.08e-07,0.000193,0.0,-0.029,,,,2.13e-07,8.25e-12,6.47e-11,,,,,,,,0.0,3.56e-12,1.39e-10,0.0,-1.4e-07,,,,0.245,8.7e-06,0.004,,,,,,,,0.0,3.76e-06,0.008,0.0,-0.163,,,,0.000665,9.13e-08,2.31e-06,,,,,,,,0.0,3.94e-08,1.36e-06,0.0,-0.000199,,,,,,,,,2.56e-07,3.15e-11,2.16e-10,,,,,,,,0,1.36e-11,1.79e-10,0,-1.67e-07,0.068,1.31e-05,0.000357,,,,,,,,0,5.63e-06,0.000122,0,-0.026,17.3,0.06,0.021,,,,,,,,0,0.026,0.014,0,-11.8,5.72e-07,1.13e-12,1.1e-12,,,,,,,,0,4.89e-13,1.19e-12,0,-3.72e-09,5.37e-08,4.85e-11,4.77e-11,,,,,,,,0,2.09e-11,1.2e-10,0,-1.06e-08,25.0,0.000219,0.012,,,,,,,,0,9.43e-05,0.011,0,-3.35,0,0,0,,,,,,,,0,0,0,0,0,0,0,0,,,,,,,,0,0,0.588,0,0,0,0,0,,,,,,,,0,0,0,0,0,0,0,0.21,,,,,,,,0,0,0.146,0,0,0,0,0.381,,,,,,,,0,0,0.335,0,0
extracted_from_pdf,7b3304f4-63e1-43f3-86f8-f13a1bc40520,"Driveway 200x100x50 mm Brindle, Mix Design ID: BUR/DW50/1.5 RMCBP24 RMCBP23, Plant: Barton, United Kingdom",,Institut Bauen und Umwelt e.V. (IBU),,,,,1 m² of a specified paver or slab covering with an average area weight of 115 kg/m² and a layer thickness of 0.05 m.,,,,8.04,0.46,0.009,,,,,,,,0.006,0.07,0.003,0.002,-0.001,,,,7.9,0.46,0.009,,,,,,,,0.006,0.07,0.003,0.002,-0.001,,,,0.08,0.001,0.001,,,,,,,,0.001,0.001,0.001,0.001,0.001,,,,0.06,0.001,0.001,,,,,,,,0.001,0.001,0.001,0.001,0.001,,,,1.54e-07,1.34e-08,1e-09,,,,,,,,1e-09,1e-09,1e-09,1e-09,-1e-09,,,,0.012,0.002,0.0001,,,,,,,,1e-05,0.0001,1e-05,1e-05,-0.0001,,,,0.003,0.0001,1e-05,,,,,,,,1e-06,1e-05,1e-06,1e-06,-1e-05,,,,0.002,0.0001,1e-05,,,,,,,,1e-06,1e-05,1e-06,1e-06,-1e-05,,,,0.016,0.001,0.0001,,,,,,,,1e-05,0.0001,1e-05,1e-05,-0.0001,,,,0.009,0.001,0.0001,,,,,,,,1e-05,0.0001,1e-05,1e-05,-0.0001,,,,2.22e-05,1e-07,1e-08,,,,,,,,1e-09,1e-08,1e-09,1e-09,-1e-08,,,,141.6,6.87,0.009,,,,,,,,0.006,0.07,0.003,0.002,-0.001,,,,0.08,0.003,0.0001,,,,,,,,1e-05,0.0001,1e-05,1e-05,-0.0001,,,,23.4,0.52,0.008,,,,,,,,0.001,0.02,0.001,0.001,0.001,,,,0.02,0.001,0.001,,,,,,,,0.001,0.001,0.001,0.001,0.001,,,,23.42,0.521,0.009,,,,,,,,0.002,0.021,0.002,0.002,0.002,,,,142.1,7.03,0.009,,,,,,,,0.006,0.07,0.003,0.002,-0.001,,,,0.001,0.001,0.001,,,,,,,,0.001,0.001,0.001,0.001,0.001,,,,142.101,7.031,0.01,,,,,,,,0.007,0.071,0.004,0.003,0.0,,,,0.001,0.001,0.001,,,,,,,,0.001,0.001,0.001,0.001,0.001,,,,0.001,0.001,0.001,,,,,,,,0.001,0.001,0.001,0.001,0.001,,,,0.001,0.001,0.001,,,,,,,,0.001,0.001,0.001,0.001,0.001,,,,0.081,0.003,0.0001,,,,,,,,1e-05,0.0001,1e-05,1e-05,-0.0001,,,,0.001,1e-05,1e-06,,,,,,,,1e-07,1e-06,1e-07,1e-07,-1e-06,,,,0.08,0.003,0.0001,,,,,,,,1e-05,0.0001,1e-05,1e-05,-0.0001,,,,0.001,1e-05,1e-06,,,,,,,,1e-07,1e-06,1e-07,1e-07,-1e-06,,,,,,,,,,,,,,,,,,,,,,,,,,,,,,,,,,,,,,,,,,,,,,,,,,,,,,,,,,,,,,,,,,,,,,,,,,,,,,,,,,,,,,,,,,,,,,,,,,,,,,,,,,,,,,,,,,,,,,,,,,,,,,,,,,,,,,,,,,,,,,,,,,,,,,,,,,,,,,,,,,,,,,,,,,,,,
extracted_from_pdf,7d5a1c74-4c5b-40cb-a4d3-4334afae98bc,Cast strips as precursor material for slugs,EPD-AWW-20230483-IBA2-DE,Institut Bauen und Umwelt e.V. (IBU),EN 15804+A2,2023-12-18,2028-12-17,DE,1 kg gegossene Bänder (Gießbänder) als Vormaterial für Butzen,,,,3.97,,,,,,,,,,0.0,0.00303,0.0,0.00239,-6.73,,,,3.96,,,,,,,,,,0.0,0.00301,0.0,0.00242,-6.71,,,,0.0068,,,,,,,,,,0.0,0.0,0.0,1.84e-08,-0.0165,,,,0.000622,,,,,,,,,,0.0,2.02e-05,0.0,1.45e-06,-0.00149,,,,6.92e-13,,,,,,,,,,0.0,2.95e-16,0.0,3.18e-15,-4.32e-12,,,,0.0243,,,,,,,,,,0.0,1e-05,0.0,7.62e-06,-0.0345,,,,1.38e-06,,,,,,,,,,0.0,1.07e-08,0.0,1.85e-09,-2.63e-06,,,,0.00269,,,,,,,,,,0.0,4.59e-06,0.0,1.86e-06,-0.0043,,,,0.0295,,,,,,,,,,0.0,5.14e-05,0.0,2.04e-05,-0.0468,,,,0.00854,,,,,,,,,,0.0,9e-06,0.0,5.88e-06,-0.0133,,,,1.62e-06,,,,,,,,,,0.0,3.03e-10,0.0,1.68e-10,-4.57e-07,,,,42.8,,,,,,,,,,0.0,0.0394,0.0,0.0343,-83.7,,,,0.871,,,,,,,,,,0.0,3.36e-05,0.0,-2.28e-05,-1.07,,,,32.6,,,,,,,,,,0.0,0.00273,0.0,0.0028,-40.6,,,,0.0,,,,,,,,,,0.0,0.0,0.0,0.0,0.0,,,,32.6,,,,,,,,,,0.0,0.00273,0.0,0.0028,-40.6,,,,43.2,,,,,,,,,,0.0,0.0396,0.0,0.0343,-83.9,,,,0.0,,,,,,,,,,0.0,0.0,0.0,0.0,0.0,,,,43.2,,,,,,,,,,0.0,0.0396,0.0,0.0343,-83.9,,,,0.0697,,,,,,,,,,0.0,0.0,0.0,0.0,0.881,,,,0.0,,,,,,,,,,0.0,0.0,0.0,0.0,0.0,,,,0.0,,,,,,,,,,0.0,0.0,0.0,0.0,0.0,,,,0.0999,,,,,,,,,,0.0,3.15e-06,0.0,4.81e-07,-0.104,,,,2.63e-08,,,,,,,,,,0.0,2.09e-13,0.0,5.17e-12,-3.57e-09,,,,1.51,,,,,,,,,,0.0,6.45e-06,0.0,0.0501,-2.08,,,,0.00102,,,,,,,,,,0.0,7.34e-08,0.0,4.13e-07,-0.00514,,,,,,,,,,,,,,,,,,,,,,,,,,,,,,,,,,,,,,,,,,,,,,,,,,,,,,,,,,,,,,,,,,,,,,,,,,,,,,,,,,,,,,,,,,,,,,,,,,,0,,,,,,,,,,0,0,0,0,0,0,,,,,,,,,,0,0,0.95,0,0,0,,,,,,,,,,0,0,0,0,0,0,,,,,,,,,,0,0,0,0,0,0,,,,,,,,,,0,0,0,0,0
extracted_from_pdf,7f7348b9-fb2f-4d11-aa3d-70fabdd67039,Combar®,EPD-SBG-20200240-IBA1-DE,Institut Bauen und Umwelt e.V. (IBU),EN 15804+A2,2021-04-13,2026-04-12,DE,1 kg Schöck Combar®,,,,2.22,,0.0257,,,,,,,,,0.00189,0.0404,0.0153,-0.012,,,,2.2,,0.0137,,,,,,,,,0.00181,0.0403,0.0152,-0.012,,,,0.0174,,0.012,,,,,,,,,8.25e-05,0.000134,5.58e-05,-2.81e-05,,,,0.0014,,6.12e-07,,,,,,,,,1.08e-07,5.83e-05,4.37e-05,-8.39e-06,,,,1.68e-14,,5.69e-18,,,,,,,,,3.03e-19,8.86e-16,5.68e-17,-1.25e-16,,,,0.0133,,3.87e-06,,,,,,,,,1.84e-06,8.89e-05,0.000109,-1.68e-05,,,,5.94e-06,,9.23e-10,,,,,,,,,4.2e-10,1.08e-07,2.61e-08,-1.55e-08,,,,0.00181,,1.16e-06,,,,,,,,,5.73e-07,1.97e-05,2.8e-05,-4.33e-06,,,,0.0196,,1.78e-05,,,,,,,,,6.35e-06,0.000207,0.000308,-4.64e-05,,,,0.00586,,3.23e-06,,,,,,,,,1.65e-06,5.41e-05,8.48e-05,-1.25e-05,,,,4.77e-07,,8.59e-11,,,,,,,,,7.18e-11,1.17e-08,1.37e-09,-1.97e-09,,,,39.1,,0.00836,,,,,,,,,0.0255,0.708,0.199,-0.203,,,,0.215,,0.0029,,,,,,,,,5.05e-06,0.00877,0.00158,-0.00124,,,,5.73,,0.146,,,,,,,,,0.000128,0.314,0.0261,-0.0444,,,,0.144,,-0.144,,,,,,,,,0.0,0.0,0.0,0.0,,,,5.87,,0.00165,,,,,,,,,0.000128,0.314,0.0261,-0.0444,,,,35.3,,0.245,,,,,,,,,0.0256,0.708,3.7,-0.203,,,,3.74,,-0.237,,,,,,,,,0.0,0.0,-3.5,0.0,,,,39.1,,0.00836,,,,,,,,,0.0256,0.708,0.199,-0.203,,,,0.0,,0.0,,,,,,,,,0.0,,0.0,,,,,,,,,,,,,,,,,,,,,,,,,,,,,,,,,,,,,,,,,0.00952,,6.86e-05,,,,,,,,,2.1e-07,0.000363,5.01e-05,-5.14e-05,,,,0.197,,1.99e-11,,,,,,,,,6.73e-12,2.93e-10,3.03e-09,-8.09e-11,,,,2.44e-08,,0.0014,,,,,,,,,2.77e-06,0.000502,1.0,-9.39e-05,,,,0.196,,3.94e-07,,,,,,,,,4.21e-08,0.000107,2.23e-06,-1.52e-05,,,,,,,,,,,,,,,,,,,,,,,,,,,,,,,,,,,,,,,,,,,,,,,,,,,,,,,,,,,,,,,,,,,,,,,,,,,,,,,,,,,,,,,,,,,,,,,,,,,0.0,,0.0,,,,,,,,,0.0,0.0,0.0,0.0,0.0,,0.0,,,,,,,,,0.0,0.0,0.0,0.0,0.0,,0.0,,,,,,,,,0.0,0.0,0.0,0.0,0.0,,0.05,,,,,,,,,0.0,0.0,0.0,0.0,0.0,,0.09,,,,,,,,,0.0,0.0,0.0,0.0
extracted_from_pdf,7f9dc714-0812-4b53-9096-f35f44ea145e,"Tufted tiles, 100% recycled Polyamid 6 with a maximum total pile weight of 1500 g/m2, a CQuest Bio Sone+ backing",EPD-INT-20220234-CBB2-EN,Institut Bauen und Umwelt e.V. (IBU),EN 15804+A2,2023-04-27,2028-02-16,NL/IE,1 m² tufted modular carpet tiles with Sone+ acoustic felt covered CQuest Bio (CQB) heavy backing and a pile material of PA 6 with 100% recycled content,,,,5.45,0.322,0.483,0.0,0.416,,,,,,0.0,0.018,,,-0.0216,,,,6.73,0.316,0.465,0.0,0.215,,,,,,0.0,0.0176,,,-0.0215,,,,-1.29,0.00409,0.0171,0.0,0.00416,,,,,,0.0,0.000228,,,-0.00011,,,,0.0123,0.00179,0.000434,0.0,0.196,,,,,,0.0,9.99e-05,,,-2.35e-06,,,,2.86e-08,1.93e-14,8.59e-10,0.0,3.42e-08,,,,,,0.0,1.07e-15,,,-1.45e-13,,,,0.0279,0.00191,0.00112,0.0,0.000832,,,,,,0.0,0.000107,,,-2.82e-05,,,,0.000154,9.59e-07,4.69e-06,0.0,5.19e-06,,,,,,0.0,5.35e-08,,,-2.94e-08,,,,0.00938,0.000939,0.000418,0.0,0.000197,,,,,,0.0,5.24e-05,,,-7.66e-06,,,,0.0885,0.0104,0.00418,0.0,0.00283,,,,,,0.0,0.00058,,,-8.21e-05,,,,0.0223,0.00178,0.000998,0.000418,0.000983,,,,,,0.0,9.9e-05,,,-2.14e-05,,,,2.72e-06,2.69e-08,8.34e-08,0.0,2.3e-07,,,,,,0.0,1.5e-09,,,-3.23e-09,,,,102.0,4.29,3.3,0.0,5.9,,,,,,0.0,0.24,,,-0.366,,,,20.6,0.00287,0.648,0.0,0.0999,,,,,,0.0,0.00016,,,-0.00225,,,,92.8,0.244,3.48,0.0,3.69,,,,,,0.0,0.0136,,,-0.0999,,,,13.7,0.0,-0.26,0.0,0.0,,,,,,0.0,0.0,,,0.0,,,,107.0,0.244,3.22,0.0,3.69,,,,,,0.0,0.0136,,,-0.0999,,,,93.5,4.3,3.7,0.0,5.9,,,,,,0.0,0.24,,,-0.366,,,,8.09,0.0,-0.396,0.0,0.0,,,,,,0.0,0.0,,,0.0,,,,102.0,4.3,3.3,0.0,5.9,,,,,,0.0,0.24,,,-0.366,,,,4.58,0.0,0.137,0.0,0.0,,,,,,0.0,0.0,,,0.0,,,,0.0,0.0,0.0,0.0,0.0,,,,,,0.0,0.0,,,0.0,,,,0.0,0.0,0.0,0.0,0.0,,,,,,0.0,0.0,,,0.0,,,,0.493,0.000276,0.0155,0.0,0.00334,,,,,,0.0,1.54e-05,,,-9.54e-05,,,,0.00424,2.06e-11,0.000127,0.0,4.19e-05,,,,,,0.0,1.15e-12,,,-4.96e-11,,,,0.713,0.000617,0.0549,0.0,0.0073,,,,,,0.0,3.44e-05,,,-0.000184,,,,0.0043,5.3e-06,0.000133,0.0,0.000376,,,,,,0.0,2.96e-07,,,-2.86e-05,,,,,,,,,2.17e-07,1.11e-08,7.72e-09,0,6.84e-08,,,,,,0,6.16e-10,,,-2.34e-10,0.706,0.000777,0.0219,0,0.0678,,,,,,0,4.33e-05,,,-0.00485,111.0,2.98,3.48,0.0036,2.69,,,,,,0,0.166,,,-0.0798,3.09e-09,6.03e-11,9.75e-11,0,6.21e-10,,,,,,0,3.36e-12,,,-3.68e-12,8.65e-08,3.57e-09,2.89e-09,2.6e-11,9.46e-09,,,,,,0,1.99e-10,,,-1.42e-10,,,,,,,,,,,0,0.0611,,,,0,0,0,0,0,,,,,,0,0,,,0,0,0,0.121,0,0,,,,,,0,0,,,0,0,0,0,0,0,,,,,,0,0,,,0,0,0,0.377,0,0,,,,,,0,0,,,0,0,0,0.689,0,0,,,,,,0,0,,,0
extracted_from_pdf,80b2a264-25e6-4202-bfd0-553998815eb4,reinforced elements made of autoclaved aerated concrete,EPD-XEL-20230353-IBA1-DE,Institut Bauen und Umwelt e.V. (IBU),EN 15804+A2,2023-09-06,2028-09-05,DE,1 m³ Porenbeton mit einer durchschnittlichen Rohdichte von 528 kg/m³ und 20 kg Bewehrung.,,,,249.0,3.36,4.62,-90.3,,,,,,,0.358,1.67,1.47,8.32,-2.62,,,,252.0,3.3,0.417,-90.3,,,,,,,0.355,1.64,1.46,8.29,-2.63,,,,-3.19,0.0356,4.2,0.0,,,,,,,0.000529,0.0177,0.00376,0.000329,0.0186,,,,0.101,0.0273,0.00283,0.0,,,,,,,0.00279,0.0136,0.00801,0.0244,-0.00491,,,,6.12e-13,6.59e-16,6.23e-16,0.0,,,,,,,6.73e-17,3.28e-16,6.52e-15,3.22e-14,-1.94e-14,,,,0.207,0.00354,0.00231,0.0,,,,,,,0.00171,0.00176,0.0136,0.0591,-0.00945,,,,0.000117,9.91e-06,1.09e-06,0.0,,,,,,,1.01e-06,4.94e-06,3.33e-06,1.39e-05,-5.1e-06,,,,0.0723,0.00113,0.000999,0.0,,,,,,,0.000801,0.000563,0.00675,0.0153,-0.00363,,,,0.793,0.0134,0.0117,0.0,,,,,,,0.00887,0.00668,0.0741,0.168,-0.0398,,,,0.215,0.00308,0.00278,0.0,,,,,,,0.00225,0.00153,0.0196,0.0464,-0.0104,,,,1.49e-05,2.96e-07,3.87e-08,0.0,,,,,,,3.02e-08,1.47e-07,1.61e-06,7.82e-07,-3.29e-07,,,,1880.0,44.4,5.46,0.0,,,,,,,4.54,22.1,27.6,110.0,-45.1,,,,4.75,0.031,0.442,0.0,,,,,,,0.00316,0.0154,0.246,0.89,-0.164,,,,184.0,2.56,35.0,0.0,,,,,,,0.261,1.27,2.44,14.8,-5.99,,,,34.6,0.0,-34.6,0.0,,,,,,,0.0,0.0,0.0,0.0,0.0,,,,219.0,2.56,0.44,0.0,,,,,,,0.261,1.27,2.44,14.8,-5.99,,,,1880.0,44.6,5.48,0.0,,,,,,,4.56,22.2,27.6,110.0,-45.1,,,,0.0,0.0,0.0,0.0,,,,,,,0.0,0.0,0.0,0.0,0.0,,,,1880.0,44.6,5.48,0.0,,,,,,,4.56,22.2,27.6,110.0,-45.1,,,,39.1,0.0,0.0,0.0,,,,,,,0.0,0.0,0.0,0.0,532.0,,,,0.0,0.0,0.0,0.0,,,,,,,0.0,0.0,0.0,0.0,0.0,,,,0.0,0.0,0.0,0.0,,,,,,,0.0,0.0,0.0,0.0,0.0,,,,0.244,0.00293,0.0106,0.0,,,,,,,0.000299,0.00146,0.00716,0.0271,-0.00827,,,,3.69e-07,2.35e-09,4.07e-10,0.0,,,,,,,2.4e-10,1.17e-09,1.6e-09,1.17e-08,-6.84e-09,,,,2.35,0.007,0.0312,0.0,,,,,,,0.000715,0.00348,0.00795,549.0,-22.2,,,,0.0497,8.09e-05,5.94e-05,0.0,,,,,,,8.27e-06,4.03e-05,0.000203,0.00116,-0.00364,,,,,,,,,,,,,,,,,,,,,,,,,,,,,,,,,,,,,,,,,,,,,,,,,,,,,,,,,,,,,,,,,,,,,,,,,,,,,,,,,,,,,,,,,,,,,,,,,,,0,0,0,0,,,,,,,0,0,0,0,,0,0,0,0,,,,,,,0,0,548,0,,0,0,0,0,,,,,,,0,0,0,0,,0,0,6.13,0,,,,,,,0,0,0,0,,0,0,11,0,,,,,,,0,0,0,0,
extracted_from_pdf,810c7598-acf1-4b34-8f2d-d45c7a2afd21,"CEM II/B-LL 32,5 R (Sackware)",EPD-CEM-20240351-CAA1-DE,Institut Bauen und Umwelt e.V. (IBU),EN 15804+A2,2024-11-22,2029-11-21,DE,1000 kg,,,,539.0,,,,,,,,,,,,,,,,,,539.0,,,,,,,,,,,,,,,,,,0.0584,,,,,,,,,,,,,,,,,,0.0868,,,,,,,,,,,,,,,,,,1.18e-05,,,,,,,,,,,,,,,,,,1.78,,,,,,,,,,,,,,,,,,0.0558,,,,,,,,,,,,,,,,,,0.00408,,,,,,,,,,,,,,,,,,2.78,,,,,,,,,,,,,,,,,,0.812,,,,,,,,,,,,,,,,,,0.000134,,,,,,,,,,,,,,,,,,2140.0,,,,,,,,,,,,,,,,,,41.2,,,,,,,,,,,,,,,,,,143.0,,,,,,,,,,,,,,,,,,135.0,,,,,,,,,,,,,,,,,,278.0,,,,,,,,,,,,,,,,,,2120.0,,,,,,,,,,,,,,,,,,12.9,,,,,,,,,,,,,,,,,,2140.0,,,,,,,,,,,,,,,,,,79.7,,,,,,,,,,,,,,,,,,891.0,,,,,,,,,,,,,,,,,,639.0,,,,,,,,,,,,,,,,,,1.04,,,,,,,,,,,,,,,,,,0.056,,,,,,,,,,,,,,,,,,0.882,,,,,,,,,,,,,,,,,,,,,,,,,,,,,,,,,,,,,,,,,,,,,,,,,,,,,,,,,,,,,,,,,,,,,,,,,,,,,,,,,,,,,,,,,,,,,,,,,,,,,,,,,,,,,,,,,,,,,,,,,,,,,,,,,,,,,,,,,,,,,,,,,,,,,,,,,,,,,,,,,,,,,,,,,,,,,,,,,,,,,,,,,,,,,,,,,,,,,,,,,,,,,
extracted_from_pdf,823c0674-fd50-4b7d-aef4-14acdaced11d,"CEM II/B-S 42,5 N",EPD-CEM-20240350-CAA1-DE,Institut Bauen und Umwelt e.V. (IBU),EN 15804+A2,2024-11-22,2029-11-21,DE,1000 kg,,,,532.0,,,,,,,,,,,,,,,,,,531.0,,,,,,,,,,,,,,,,,,0.0479,,,,,,,,,,,,,,,,,,0.0488,,,,,,,,,,,,,,,,,,1.31e-05,,,,,,,,,,,,,,,,,,1.97,,,,,,,,,,,,,,,,,,0.076,,,,,,,,,,,,,,,,,,0.00503,,,,,,,,,,,,,,,,,,2.9,,,,,,,,,,,,,,,,,,0.883,,,,,,,,,,,,,,,,,,0.000117,,,,,,,,,,,,,,,,,,2550.0,,,,,,,,,,,,,,,,,,33.8,,,,,,,,,,,,,,,,,,47.3,,,,,,,,,,,,,,,,,,0.0,,,,,,,,,,,,,,,,,,47.3,,,,,,,,,,,,,,,,,,2550.0,,,,,,,,,,,,,,,,,,0.0,,,,,,,,,,,,,,,,,,2550.0,,,,,,,,,,,,,,,,,,372.0,,,,,,,,,,,,,,,,,,774.0,,,,,,,,,,,,,,,,,,555.0,,,,,,,,,,,,,,,,,,0.866,,,,,,,,,,,,,,,,,,0.0486,,,,,,,,,,,,,,,,,,0.766,,,,,,,,,,,,,,,,,,0.0,,,,,,,,,,,,,,,,,,,,,,,1.82e-05,,,,,,,,,,,,,,,14.9,,,,,,,,,,,,,,,56.9,,,,,,,,,,,,,,,8.72e-07,,,,,,,,,,,,,,,1.22e-05,,,,,,,,,,,,,,,604,,,,,,,,,,,,,,,0,,,,,,,,,,,,,,,0,,,,,,,,,,,,,,,0,,,,,,,,,,,,,,,0,,,,,,,,,,,,,,,0,,,,,,,,,,,,,,
extracted_from_pdf,83bf0eea-e373-492a-8837-dbabfdc3a5fc,AQUAPANEL® Cement Board Indoor- Plant Neuburg - Cement Backer Board,EPD-KNQ-20240590-IBA1-EN,Institut Bauen und Umwelt e.V. (IBU),EN 15804+A2,2025-03-07,2030-03-06,Germany,"1 m² AQUAPANEL® Cement Board Indoor with a thickness of 12,5 mm",3.71,0.151,0.287,,1.07,0.00523,0.0,0.0,,,,0.0,0.0,0.00779,0.1,0.0274,0.0298,0.0,3.68,0.15,0.286,,1.07,0.00516,0.0,0.0,,,,0.0,0.0,0.00777,0.1,0.0273,0.0308,0.0,0.0286,-0.000485,0.000539,,-0.00484,6.84e-05,0.0,0.0,,,,0.0,0.0,-2.75e-05,-0.000454,-2.8e-05,-0.00106,0.0,0.000576,0.000701,1.09e-05,,0.00646,7.98e-07,0.0,0.0,,,,0.0,0.0,4.6e-05,0.000606,0.000134,9.7e-05,0.0,1.18e-11,3.38e-14,2.2e-14,,2.67e-13,1.59e-13,0.0,0.0,,,,0.0,0.0,1.9e-15,2.5e-14,8.35e-14,8.02e-14,0.0,0.00505,0.00151,0.000171,,0.00768,7.94e-06,0.0,0.0,,,,0.0,0.0,3.9e-05,0.00072,0.000139,0.000221,0.0,3.27e-06,2.83e-07,2.32e-08,,2.55e-06,2.96e-08,0.0,0.0,,,,0.0,0.0,1.81e-08,2.39e-07,7.23e-08,6.3e-08,0.0,0.00116,0.000703,7.84e-05,,0.00383,2.57e-06,0.0,0.0,,,,0.0,0.0,1.85e-05,0.000359,6.49e-05,5.72e-05,0.0,0.0126,0.00774,0.000867,,0.0423,2.66e-05,0.0,0.0,,,,0.0,0.0,0.000205,0.00397,0.000717,0.000629,0.0,0.00349,0.00157,0.000222,,0.00729,6.18e-06,0.0,0.0,,,,0.0,0.0,5.18e-05,0.000684,0.000175,0.000173,0.0,1.36e-07,8.81e-09,3.1e-09,,7.82e-08,9.41e-10,0.0,0.0,,,,0.0,0.0,5.57e-10,7.34e-09,2.97e-08,1.45e-09,0.0,22.2,2.01,4.86,,14.7,0.0724,0.0,0.0,,,,0.0,0.0,0.105,1.38,0.534,0.415,0.0,0.103,0.000649,0.000226,,0.00567,0.000152,0.0,0.0,,,,0.0,0.0,4.04e-05,0.000532,0.00484,0.00342,0.0,5.82,0.109,0.0213,,0.985,0.0707,0.0,0.0,,,,0.0,0.0,0.00701,0.0924,0.0587,0.068,0.0,0.0,0.0,0.0,,0.0,0.0,0.0,0.0,,,,0.0,0.0,0.0,0.0,0.0,0.0,0.0,5.82,0.109,0.0213,,0.985,0.0707,0.0,0.0,,,,0.0,0.0,0.00701,0.0924,0.0587,0.068,0.0,22.2,2.02,4.86,,14.7,0.0724,0.0,0.0,,,,0.0,0.0,0.105,1.38,0.534,0.416,0.0,0.0,0.0,0.0,,0.0,0.0,0.0,0.0,,,,0.0,0.0,0.0,0.0,0.0,0.0,0.0,22.2,2.02,4.86,,14.7,0.0724,0.0,0.0,,,,0.0,0.0,0.105,1.38,0.534,0.416,0.0,0.0,0.0,0.0,,0.0,0.0,0.0,0.0,,,,0.0,0.0,0.0,0.0,0.0,0.0,0.0,0.0,0.0,0.0,,0.0,0.0,0.0,0.0,,,,0.0,0.0,0.0,0.0,0.0,0.0,0.0,0.0,0.0,0.0,,0.0,0.0,0.0,0.0,,,,0.0,0.0,0.0,0.0,0.0,0.0,0.0,0.00675,9.7e-05,2.36e-05,,0.000876,2.41e-05,0.0,0.0,,,,0.0,0.0,6.24e-06,8.22e-05,0.000141,0.000105,0.0,6.14e-10,3.67e-12,1.14e-09,,2.48e-11,-1.38e-11,0.0,0.0,,,,0.0,0.0,1.77e-13,2.33e-12,-5.72e-12,8.95e-12,0.0,0.0792,0.000284,0.00137,,0.0022,6.8e-05,0.0,0.0,,,,0.0,0.0,1.57e-05,0.000207,0.00015,2.08,0.0,0.000612,2.48e-06,1.45e-06,,1.94e-05,7.09e-06,0.0,0.0,,,,0.0,0.0,1.38e-07,1.82e-06,4.38e-06,4.67e-06,0.0,,,,,,,,,,,,,,,,,,,,,,,,,,,,,,,,,,,,,,,,,,,,,,,,,,,,,,,,,,,,,,,,,,,,,,,,,,,,,,,,,,,,,,,,,,,,,,,,,,,,,,,,,,,,,,,,,,,,,,,,,,,,,,,,,,,,,,,,,,,,,,,,,,,,,,,,,,,,,,,,,,,,,,,,,,,,,
extracted_from_pdf,863d4924-9320-4a67-8b7c-5ff0fa371c07,Digital cylinder,EPD-DOR-20230097-CBA1-EN,Institut Bauen und Umwelt e.V. (IBU),EN 15804+A2,2023-06-22,2028-06-21,CH,"1 piece of the product: Digital cylinder, consisting of the following items:
• Digital cylinder
• Battery
• Assembly screw
• Product packaging",,,,2.85,0.00394,0.0567,,0.172,,,,,,0.0,0.0018,0.0483,0.00027,-0.821,,,,2.91,0.00376,0.00142,,0.171,,,,,,0.0,0.00172,0.0483,0.000268,-0.82,,,,-0.0588,0.000174,0.0553,,0.000317,,,,,,0.0,7.94e-05,1.13e-06,9.17e-07,-0.000494,,,,0.00242,8.95e-08,9.33e-07,,0.000165,,,,,,0.0,4.09e-08,2.73e-06,7.73e-07,-0.000755,,,,2.81e-11,3.97e-19,1.02e-17,,3.23e-12,,,,,,0.0,1.81e-19,2.44e-17,9.96e-19,-3.31e-15,,,,0.0191,3.76e-06,1.59e-05,,0.000536,,,,,,0.0,1.72e-06,8.6e-06,1.93e-06,-0.00861,,,,6.86e-06,8.05e-10,2e-09,,2.76e-07,,,,,,0.0,3.68e-10,3.88e-09,4.61e-10,-1.2e-06,,,,0.00244,1.2e-06,5.73e-06,,0.000118,,,,,,0.0,5.47e-07,1.94e-06,4.96e-07,-0.0009,,,,0.0265,1.33e-05,7.15e-05,,0.001,,,,,,0.0,6.08e-06,3.92e-05,5.45e-06,-0.00974,,,,0.00749,3.39e-06,1.52e-05,,0.000322,,,,,,0.0,1.55e-06,5.36e-06,1.5e-06,-0.00295,,,,0.000811,1.13e-10,1.61e-10,,7.54e-07,,,,,,0.0,5.15e-11,3.34e-10,2.41e-11,-0.000443,,,,40.8,0.0533,0.0179,,2.21,,,,,,0.0,0.0244,0.0224,0.00352,-9.57,,,,0.692,7.37e-06,0.00703,,0.023,,,,,,0.0,3.37e-06,0.00494,2.81e-05,-0.228,,,,13.7,0.000168,0.483,,0.445,,,,,,0.0,7.68e-05,0.00582,0.000461,-1.57,,,,0.48,0.0,-0.48,,0.0,,,,,,0.0,0.0,0.0,0.0,0.0,,,,14.2,0.000168,0.00325,,0.445,,,,,,0.0,7.68e-05,0.00582,0.000461,-1.57,,,,40.3,0.0534,0.0179,,2.21,,,,,,0.0,0.0244,0.668,0.00352,-9.57,,,,0.646,0.0,0.0,,0.0,,,,,,0.0,0.0,-0.646,0.0,0.0,,,,41.0,0.0534,0.0179,,2.21,,,,,,0.0,0.0244,0.0224,0.00352,-9.57,,,,0.235,0.0,0.0,,0.0,,,,,,0.0,0.0,0.0,0.0,0.0,,,,0.0,0.0,0.0,,0.0,,,,,,0.0,0.0,0.0,0.0,0.0,,,,0.0,0.0,0.0,,0.0,,,,,,0.0,0.0,0.0,0.0,0.0,,,,0.0182,3.02e-07,0.000166,,0.000999,,,,,,0.0,1.38e-07,0.000118,8.88e-07,-0.00596,,,,2.77e-07,5.18e-12,2.64e-11,,2.77e-08,,,,,,0.0,2.37e-12,8.53e-11,5.37e-11,-1.44e-07,,,,0.237,5.46e-06,0.00178,,0.042,,,,,,0.0,2.49e-06,0.00502,0.0177,-0.0571,,,,0.00182,5.73e-08,9.41e-07,,5.14e-05,,,,,,0.0,2.62e-08,8.31e-07,4.01e-08,-0.000305,,,,,,,,,1.77e-07,1.98e-11,8.8e-11,,5.63e-09,,,,,,0,9.04e-12,1.1e-10,2.38e-11,-8.15e-08,0.199,8.19e-06,0.000146,,0.005,,,,,,0,3.74e-06,7.49e-05,4.13e-06,-0.0359,31.4,0.0378,0.0085,,7.55,,,,,,0,0.0173,0.0084,0.00201,-4.21,1.93e-08,7.11e-13,4.49e-13,,3.83e-11,,,,,,0,3.25e-13,7.27e-13,2.98e-13,1.1e-09,1.01e-07,3.04e-11,1.95e-11,,4.44e-09,,,,,,0,1.39e-11,7.36e-11,3.29e-11,1.46e-07,18.2,0.000137,0.00475,,0.215,,,,,,0,6.26e-05,0.00671,0.000734,-2.09,0,0,0,,0,,,,,,0,0,0,0,0,0,0,0,,0,,,,,,0,0,0.374,0,0,0,0,0,,0,,,,,,0,0,0,0,0,0,0,0.0858,,0,,,,,,0,0,0.092,0,0,0,0,0.156,,0,,,,,,0,0,0.211,0,0
extracted_from_pdf,86844442-778d-4899-935f-f12b73b1e7a1,blaugelb insulation panel MultiPro EPS,EPD-MEN-20230042-IBE1-DE,Institut Bauen und Umwelt e.V. (IBU),EN 15804+A2,2023-04-14,2028-04-13,EU-27,1 m³ blaugelb Dämmplatte MultiPro EPS,,,,631.0,,,,,,,,,,0.0,,,0.0,,,,,621.0,,,,,,,,,,0.0,,,0.0,,,,,9.69,,,,,,,,,,0.0,,,0.0,,,,,0.0885,,,,,,,,,,0.0,,,0.0,,,,,5.27e-09,,,,,,,,,,0.0,,,0.0,,,,,0.892,,,,,,,,,,0.0,,,0.0,,,,,0.0109,,,,,,,,,,0.0,,,0.0,,,,,0.296,,,,,,,,,,0.0,,,0.0,,,,,2.8,,,,,,,,,,0.0,,,0.0,,,,,5.77,,,,,,,,,,0.0,,,0.0,,,,,6.45e-05,,,,,,,,,,0.0,,,0.0,,,,,16800.0,,,,,,,,,,0.0,,,0.0,,,,,19.1,,,,,,,,,,0.0,,,0.0,,,,,535.0,,,,,,,,,,0.0,,,0.0,,,,,16.3,,,,,,,,,,0.0,,,0.0,,,,,551.0,,,,,,,,,,0.0,,,0.0,,,,,10000.0,,,,,,,,,,0.0,,,0.0,,,,,6910.0,,,,,,,,,,0.0,,,0.0,,,,,16900.0,,,,,,,,,,0.0,,,0.0,,,,,0.169,,,,,,,,,,0.0,,,0.0,,,,,0.0,,,,,,,,,,0.0,,,0.0,,,,,0.0,,,,,,,,,,0.0,,,0.0,,,,,1.61,,,,,,,,,,0.0,,,0.0,,,,,2.06e-06,,,,,,,,,,0.0,,,0.0,,,,,14.7,,,,,,,,,,0.0,,,0.0,,,,,0.0768,,,,,,,,,,0.0,,,0.0,,,,,,,,,,,,,,,,,,,,,,,,,,,,,,,,,,,,,,,,,,,,,,,,,,,,,,,,,,,,,,,,,,,,,,,,,,,,,,,,,,,,,,,,,,,,,,,,,,,,0,,,,,,,,,,0,,,0,,0,,,,,,,,,,0,,,0,,0,,,,,,,,,,0,,,0,,0,,,,,,,,,,0,,,0,,0,,,,,,,,,,0,,,0,
extracted_from_pdf,885893d7-57a4-458c-b6a8-a820e0dce794,"CEM III/B 42,5 L",EPD-CEM-20240503-CAA1-DE,Institut Bauen und Umwelt e.V. (IBU),EN 15804+A2,2024-11-22,2029-11-21,DE,"Zement, lose Siloware (unverpackt) / 1000 kg",,,,398.0,,,,,,,,,,,,,,,,,,398.0,,,,,,,,,,,,,,,,,,0.055,,,,,,,,,,,,,,,,,,0.0541,,,,,,,,,,,,,,,,,,1.49e-05,,,,,,,,,,,,,,,,,,1.84,,,,,,,,,,,,,,,,,,0.122,,,,,,,,,,,,,,,,,,0.00789,,,,,,,,,,,,,,,,,,2.59,,,,,,,,,,,,,,,,,,0.84,,,,,,,,,,,,,,,,,,0.000127,,,,,,,,,,,,,,,,,,2990.0,,,,,,,,,,,,,,,,,,27.0,,,,,,,,,,,,,,,,,,62.2,,,,,,,,,,,,,,,,,,0.0,,,,,,,,,,,,,,,,,,62.2,,,,,,,,,,,,,,,,,,2990.0,,,,,,,,,,,,,,,,,,0.0,,,,,,,,,,,,,,,,,,2990.0,,,,,,,,,,,,,,,,,,727.0,,,,,,,,,,,,,,,,,,371.0,,,,,,,,,,,,,,,,,,266.0,,,,,,,,,,,,,,,,,,0.725,,,,,,,,,,,,,,,,,,0.0933,,,,,,,,,,,,,,,,,,0.458,,,,,,,,,,,,,,,,,,,,,,,,,,,,,,,,,,,,,,,,,1.54e-05,,,,,,,,,,,,,,,17.1,,,,,,,,,,,,,,,50.3,,,,,,,,,,,,,,,9.45e-07,,,,,,,,,,,,,,,1.18e-05,,,,,,,,,,,,,,,508,,,,,,,,,,,,,,,0,,,,,,,,,,,,,,,0,,,,,,,,,,,,,,,0,,,,,,,,,,,,,,,0,,,,,,,,,,,,,,,0,,,,,,,,,,,,,,
extracted_from_pdf,898d84c8-3e79-4e0e-82a4-bdfd4fad09da,Pickled hot-rolled wide strip made from scrap-based electrical steel,EPD-SAL-20230559-IBA3-DE,Institut Bauen und Umwelt e.V. (IBU),EN 15804+A2,2024-01-30,2029-01-29,DE,1 T onne gebeiztes Warmbreitband aus schrottbasiertem Elektrostahl,,,,679.0,,,,,,,,,,0.0,8.95,22.7,0.0,-36.0,,,,678.0,,,,,,,,,,0.0,8.93,22.3,0.0,-35.9,,,,1.25,,,,,,,,,,0.0,-0.0328,0.389,0.0,-0.0661,,,,0.158,,,,,,,,,,0.0,0.0533,0.00353,0.0,-0.00837,,,,1.2e-06,,,,,,,,,,0.0,1.56e-12,6.07e-10,0.0,-6.35e-08,,,,1.67,,,,,,,,,,0.0,0.0454,0.0339,0.0,-0.0883,,,,0.0115,,,,,,,,,,0.0,2.08e-05,0.000133,0.0,-0.000611,,,,0.567,,,,,,,,,,0.0,0.0221,0.0111,0.0,-0.0301,,,,6.17,,,,,,,,,,0.0,0.246,0.115,0.0,-0.327,,,,1.53,,,,,,,,,,0.0,0.0431,0.0266,0.0,-0.0812,,,,9.8e-05,,,,,,,,,,0.0,6.31e-07,4.05e-06,0.0,-5.2e-06,,,,9240.0,,,,,,,,,,0.0,121.0,313.0,0.0,-490.0,,,,39.1,,,,,,,,,,0.0,0.0463,0.636,0.0,-2.07,,,,1000.0,,,,,,,,,,0.0,7.81,294.0,0.0,-53.1,,,,0.0,,,,,,,,,,0.0,0.0,0.0,0.0,0.0,,,,1000.0,,,,,,,,,,0.0,7.81,294.0,0.0,-53.1,,,,9250.0,,,,,,,,,,0.0,121.0,313.0,0.0,-490.0,,,,0.0,,,,,,,,,,0.0,0.0,0.0,0.0,0.0,,,,9250.0,,,,,,,,,,0.0,121.0,313.0,0.0,-490.0,,,,1080.0,,,,,,,,,,0.0,0.0,0.0,0.0,-57.1,,,,0.0,,,,,,,,,,0.0,0.0,0.0,0.0,0.0,,,,0.0,,,,,,,,,,0.0,0.0,0.0,0.0,0.0,,,,2.51,,,,,,,,,,0.0,0.00711,0.103,0.0,-0.133,,,,0.894,,,,,,,,,,0.0,3.24e-10,-6.11e-08,0.0,-0.0474,,,,62.2,,,,,,,,,,0.0,0.0176,0.287,0.0,-3.3,,,,0.552,,,,,,,,,,0.0,0.000126,0.0305,0.0,-0.0293,,,,,,,,,,,,,,,,,,,,,,,,,,,,,,,,,,,,,,,,,,,,,,,,,,,,,,,,,,,,,,,,,,,,,,,,,,,,,,,,,,,,,,,,,,,,,,,,,,,0,,,,,,,,,,0,0,53.0,0,0,0,,,,,,,,,,0,0,916.0,0,0,0,,,,,,,,,,0,0,0,0,0,0,,,,,,,,,,0,0,0,0,19.6,144.0,,,,,,,,,,0,0,0,0,0
extracted_from_pdf,8cd435d4-54ad-48c0-8d9e-9015b491bb79,Bachl ReXPS - Extruded Polystyrene (XPS) foam board,EPD-BAC-20220231-CBA1-EN,Institut Bauen und Umwelt e.V. (IBU),EN 15804+A2,2022-11-30,2027-11-29,DE,1 m³ of Bachl ReXPS board with a gross density of 32.7 kg/m³,,,,54.2,0.506,2.09,,,,,,,,0.0,0.494,,,,,,,53.6,0.503,2.09,,,,,,,,0.0,0.492,,,,,,,0.63,0.000153,6.7e-05,,,,,,,,0.0,0.00015,,,,,,,0.0264,0.00279,2.2e-06,,,,,,,,0.0,0.00273,,,,,,,1.72e-10,3e-14,8.94e-14,,,,,,,,0.0,2.93e-14,,,,,,,0.0927,0.000477,0.000207,,,,,,,,0.0,0.000466,,,,,,,0.000105,1.5e-06,2.08e-08,,,,,,,,0.0,1.46e-06,,,,,,,0.0337,0.000149,4.32e-05,,,,,,,,0.0,0.000145,,,,,,,0.376,0.00178,0.00097,,,,,,,,0.0,0.00174,,,,,,,0.445,0.000415,0.000129,,,,,,,,0.0,0.000406,,,,,,,4.93e-06,4.19e-08,2.16e-09,,,,,,,,0.0,4.09e-08,,,,,,,786.0,6.69,0.243,,,,,,,,0.0,6.54,,,,,,,1.89,0.00449,0.192,,,,,,,,0.0,0.00439,,,,,,,69.4,0.381,0.0573,,,,,,,,0.0,0.372,,,,,,,0.0,0.0,0.0,,,,,,,,0.0,0.0,,,,,,,69.4,0.381,0.0573,,,,,,,,0.0,0.372,,,,,,,756.0,6.71,30.9,,,,,,,,0.0,6.56,,,,,,,30.6,0.0,-30.6,,,,,,,,0.0,0.0,,,,,,,787.0,6.71,0.243,,,,,,,,0.0,6.56,,,,,,,28.4,0.0,0.0,,,,,,,,0.0,0.0,,,,,,,0.0,0.0,0.0,,,,,,,,0.0,0.0,,,,,,,0.0,0.0,0.0,,,,,,,,0.0,0.0,,,,,,,0.355,0.00043,0.00451,,,,,,,,0.0,0.000421,,,,,,,5.99e-08,3.21e-11,2.29e-11,,,,,,,,0.0,3.14e-11,,,,,,,1.3,0.000962,0.00827,,,,,,,,0.0,0.00094,,,,,,,0.0413,8.26e-06,1.47e-05,,,,,,,,0.0,8.08e-06,,,,,,,,,,,,1.55e-06,2.88e-09,1.21e-09,,,,,,,,0,2.82e-09,,,,3.44,0.00121,0.00241,,,,,,,,0,0.00118,,,,401.0,4.65,0.112,,,,,,,,0,4.54,,,,7.2e-09,9.37e-11,1.33e-11,,,,,,,,0,9.15e-11,,,,3.97e-07,4.85e-09,4.14e-10,,,,,,,,0,4.74e-09,,,,60.1,2.3,0.0735,,,,,,,,0,2.25,,,,0,0,0,,,,,,,,0,0,,,,0,0,0,,,,,,,,0,0,,,,0,0,0,,,,,,,,0,0,,,,0,0,4.45,,,,,,,,0,0,,,,0,0,7.91,,,,,,,,0,0,,,
extracted_from_pdf,8ef35f6e-56d5-4982-8907-4a1bcdea1081,Cencon ATM Cash Vault Security System,EPD-DOR-20220168-CBA5-EN,Institut Bauen und Umwelt e.V. (IBU),EN 15804+A2,2022-10-18,2027-10-17,MX,"1 Cencon ATM Cash Vault Security System (1piece), consisting of the following items: - Cencon ATM lock - product packaging",,,,15.9,1.72,0.026,,,,,,,,,0.004,0.841,0.00076,-6.8,,,,15.9,1.71,0.004,,,,,,,,,0.004,0.841,0.000755,-6.78,,,,0.025,0.003,0.021,,,,,,,,,0.000185,1.96e-05,2.58e-06,-0.014,,,,0.0111,3.58e-05,5.7e-07,,,,,,,,,9.54e-08,4.76e-05,2.17e-06,-0.003,,,,3.58e-10,1.25e-16,5.82e-18,,,,,,,,,4.23e-19,4.24e-16,2.8e-18,-2.15e-14,,,,0.112,0.007,6.81e-06,,,,,,,,,4.01e-06,0.00015,5.42e-06,-0.067,,,,3.52e-05,2.8e-07,1.07e-09,,,,,,,,,8.58e-10,6.77e-08,1.3e-09,-5.9e-06,,,,0.0177,0.003,2.37e-06,,,,,,,,,1.28e-06,3.38e-05,1.39e-06,-0.01,,,,0.191,0.034,3.07e-05,,,,,,,,,1.42e-05,0.000682,1.53e-05,-0.114,,,,0.0517,0.009,6.3e-06,,,,,,,,,3.61e-06,9.35e-05,4.22e-06,-0.031,,,,0.006,4.85e-08,8.81e-11,,,,,,,,,1.2e-10,5.82e-09,6.78e-11,-0.005,,,,221.0,23.2,0.009,,,,,,,,,0.057,0.39,0.01,-76.6,,,,4.01,0.003,0.003,,,,,,,,,7.86e-06,0.086,7.91e-05,-1.01,,,,35.4,0.056,0.188,,,,,,,,,0.000179,0.101,0.001,-8.89,,,,0.186,0.0,-0.186,,,,,,,,,0.0,0.0,0.0,0.0,,,,35.6,0.056,0.002,,,,,,,,,0.000179,0.101,0.001,-8.89,,,,210.0,23.3,0.071,,,,,,,,,0.057,11.4,0.01,-76.7,,,,11.1,0.0,-0.062,,,,,,,,,0.0,-11.0,0.0,0.0,,,,222.0,23.3,0.009,,,,,,,,,0.057,0.39,0.01,-76.7,,,,0.045,0.0,0.0,,,,,,,,,0.0,0.0,0.0,0.0,,,,0.0,0.0,0.0,,,,,,,,,0.0,0.0,0.0,0.0,,,,0.0,0.0,0.0,,,,,,,,,0.0,0.0,0.0,0.0,,,,0.111,0.000109,7.32e-05,,,,,,,,,3.22e-07,0.002,2.5e-06,-0.03,,,,3.06e-06,2.22e-09,1.67e-11,,,,,,,,,5.52e-12,1.49e-09,1.51e-10,-7.25e-07,,,,0.403,0.002,0.001,,,,,,,,,5.82e-06,0.087,0.05,0.061,,,,0.00807,1.91e-05,4.28e-07,,,,,,,,,6.11e-08,1.45e-05,1.13e-07,-0.002,,,,,,,,,,,,,,,,,,,,,,,,,,,,,,,,,,,,,,,,,,,,,,,,,,,,,,,,,,,,,,,,,,,,,,,,,,,,,,,,,,,,,,,,,,,,,,,,,,,,,,,,,,,,,,,,,,,,,,,,,,,,,,,,,,,,,,,,,,,,,,,,,,,,,,,,,,,,,,,,,,,,,,,,,,,,,
extracted_from_pdf,9089d841-031a-4135-8c6e-4a83ec29f4a1,ARDEX K 22 F,EPD-ADX-20230536-IBA1-DE,Institut Bauen und Umwelt e.V. (IBU),EN 15804+A2,2024-02-16,2029-02-15,DE,1 kg faserarmierte Calciumsulfat-Spachtelmasse ARDEX K 22 F mit einer Schüttdichte von 900–1300 kg/m³,,,,0.226,0.12,0.00773,,,,,,,,0.044,0.0666,,0.0165,-0.00279,,,,0.227,0.119,0.0016,,,,,,,,0.0434,0.0662,,0.0164,-0.00277,,,,-0.000672,0.0,0.00613,,,,,,,,0.000607,0.0,,0.0,-1.92e-05,,,,0.000243,0.00072,5.67e-07,,,,,,,,6.93e-06,0.0004,,5.18e-05,-2.49e-07,,,,1.12e-09,2.97e-14,2.03e-15,,,,,,,,1.19e-12,1.65e-14,,4.29e-14,-3.8e-14,,,,0.000758,0.000241,3.41e-06,,,,,,,,6.67e-05,0.000134,,0.000118,-2.81e-06,,,,2.12e-05,2.84e-07,3.29e-09,,,,,,,,2.61e-07,1.58e-07,,3.37e-08,-7.17e-09,,,,0.0002,0.000104,1.04e-06,,,,,,,,2.18e-05,5.77e-05,,3.06e-05,-1.03e-06,,,,0.00219,0.00118,1.37e-05,,,,,,,,0.000226,0.000654,,0.000336,-1.1e-05,,,,0.000659,0.000221,2.8e-06,,,,,,,,5.23e-05,0.000123,,9.22e-05,-2.67e-06,,,,2.61e-07,8.72e-09,1.97e-11,,,,,,,,7.94e-09,4.84e-09,,7.73e-10,-2.41e-10,,,,3.59,1.64,0.00476,,,,,,,,0.615,0.909,,0.222,-0.0434,,,,0.0428,0.000632,0.00121,,,,,,,,0.00125,0.000351,,0.00183,-3.73e-05,,,,0.888,0.11,0.0677,,,,,,,,0.578,0.0609,,0.0363,-0.0169,,,,0.0665,0.0,-0.0665,,,,,,,,0.0,0.0,,0.0,0.0,,,,0.955,0.11,0.00115,,,,,,,,0.578,0.0609,,0.0363,-0.0169,,,,2.85,1.64,0.0207,,,,,,,,0.615,0.91,,0.222,-0.0434,,,,0.74,0.0,-0.0159,,,,,,,,0.0,0.0,,0.0,0.0,,,,3.59,1.64,0.00476,,,,,,,,0.615,0.91,,0.222,-0.0434,,,,0.0,0.0,0.0,,,,,,,,0.0,0.0,,0.0,0.0,,,,0.0,0.0,0.0,,,,,,,,0.0,0.0,,0.0,0.0,,,,0.0,0.0,0.0,,,,,,,,0.0,0.0,,0.0,0.0,,,,0.00103,9.77e-05,0.000242,,,,,,,,0.000203,5.42e-05,,5.6e-05,-5.86e-06,,,,2.47e-06,2.76e-12,8.32e-14,,,,,,,,-1.2e-10,1.53e-12,,4.78e-12,-2.85e-12,,,,0.0232,0.000245,0.0113,,,,,,,,0.000564,0.000136,,1.11,-2.35e-05,,,,2e-05,2.16e-06,1.06e-07,,,,,,,,6e-05,1.2e-06,,2.5e-06,-1.7e-06,,,,,,,,,,,,,,,,,,,,,,,,,,,,,,,,,,,,,,,,,,,,,,,,,,,,,,,,,,,,,,,,,,,,,,,,,,,,,,,,,,,,,,,,,,,,,,,,,,,0,0,0,,,,,,,,0,0,,0,0,0,0,0,,,,,,,,0,0,,0,0,0,0,0,,,,,,,,0,0,,0,0,0,0,0.0103,,,,,,,,0,0,,0,0,0,0,0.0239,,,,,,,,0,0,,0,0
extracted_from_pdf,918a7faa-06e9-41d3-b888-aacda03fd1b0,"Tufted tiles, polyamide 6 with a maximum total pile weight of 1300 g/m2, back2back or comfortback",EPD-MOD-20220309-CBA1-EN,Institut Bauen und Umwelt e.V. (IBU),EN 15804+A2,2023-01-10,2028-01-09,BE,1 m² tufted modular carpet tiles with bitumen heavy backing and a pile material of PA 6,,,,15.1,0.321,0.889,0.0,0.416,,,,,,0.0,0.0179,,,-0.0607,,,,15.3,0.316,0.681,0.0,0.215,,,,,,0.0,0.0176,,,-0.0604,,,,-0.114,0.00409,0.208,0.0,0.00416,,,,,,0.0,0.000228,,,-0.000308,,,,0.00593,0.00179,0.000243,0.0,0.196,,,,,,0.0,9.96e-05,,,-6.63e-06,,,,1.48e-09,1.92e-14,4.43e-11,0.0,3.42e-08,,,,,,0.0,1.07e-15,,,-4.07e-13,,,,0.0269,0.00191,0.00107,0.0,0.000832,,,,,,0.0,0.000106,,,-7.93e-05,,,,5.82e-05,9.57e-07,1.81e-06,0.0,5.19e-06,,,,,,0.0,5.33e-08,,,-8.29e-08,,,,0.00799,0.000937,0.000366,0.0,0.000197,,,,,,0.0,5.22e-05,,,-2.15e-05,,,,0.0708,0.0104,0.00353,0.0,0.00283,,,,,,0.0,0.000578,,,-0.000231,,,,0.0238,0.00177,0.00102,0.000418,0.000983,,,,,,0.0,9.87e-05,,,-6.03e-05,,,,2.28e-06,2.68e-08,7.03e-08,0.0,2.3e-07,,,,,,0.0,1.49e-09,,,-9.1e-09,,,,318.0,4.28,9.8,0.0,5.9,,,,,,0.0,0.239,,,-1.03,,,,1.79,0.00287,0.0812,0.0,0.0999,,,,,,0.0,0.00016,,,-0.00635,,,,31.4,0.244,1.23,0.0,3.69,,,,,,0.0,0.0136,,,-0.281,,,,0.254,0.0,-0.254,0.0,0.0,,,,,,0.0,0.0,,,0.0,,,,31.7,0.244,0.977,0.0,3.69,,,,,,0.0,0.0136,,,-0.281,,,,244.0,4.29,10.0,0.0,5.9,,,,,,0.0,0.239,,,-1.03,,,,74.8,0.0,-0.215,0.0,0.0,,,,,,0.0,0.0,,,0.0,,,,318.0,4.29,9.81,0.0,5.9,,,,,,0.0,0.239,,,-1.03,,,,2.75,0.0,0.0824,0.0,0.0,,,,,,0.0,0.0,,,0.0,,,,0.0,0.0,0.0,0.0,0.0,,,,,,0.0,0.0,,,0.0,,,,0.0,0.0,0.0,0.0,0.0,,,,,,0.0,0.0,,,0.0,,,,0.0718,0.000275,0.00281,0.0,0.00334,,,,,,0.0,1.53e-05,,,-0.000269,,,,0.00129,2.06e-11,3.87e-05,0.0,4.19e-05,,,,,,0.0,1.15e-12,,,-1.39e-10,,,,0.332,0.000615,0.0488,0.0,0.0073,,,,,,0.0,3.43e-05,,,-0.000518,,,,0.006,5.29e-06,0.000184,0.0,0.000376,,,,,,0.0,2.95e-07,,,-8.07e-05,,,,,,,,,,,,,,,,,,,,,,,,,,,,,,,,,,,,,,,,,,,,,,,,,,,,,,,,,,,,,,,,,,,,,,,,,,,,,,,,,,,,,,,,,,,,,,,,,,,,,,,,,,,,,,,,,,,,,,,,,,,,,,,,,,,,,,,,,,,,,,,,,,,,,,,,,,,,,,,,,,,,,,,,,,,,,
extracted_from_pdf,928ac8c7-e221-470e-977c-08085a92af26,BEST HD8000,EPD-DOR-20200113-CBA2-EN,Institut Bauen und Umwelt e.V. (IBU),EN 15804+A1,2020-08-24,2025-08-23,Singapore,1 door closer (1 piece) of the BEST HD8000 series,,,,10.4,1.21,0.349,,,,,,,,,,0.689,,-3.47,,,,,,,,,,,,,,,,,,,,,,,,,,,,,,,,,,,,,,,,,,,,,,,,,,,,,,,,,,7.71e-10,9.8e-17,8.4e-17,,,,,,,,,,3.74e-16,,-7.72e-16,,,,0.0422,0.026,7.31e-05,,,,,,,,,,0.000457,,-0.00842,,,,0.00392,0.00299,1.38e-05,,,,,,,,,,7e-05,,-0.000725,,,,,,,,,,,,,,,,,,,,,,,,,,,,,,,,,,,,,,,,0.00392,0.000656,4.83e-06,,,,,,,,,,1.85e-05,,-0.000891,,,,0.000329,4.01e-08,6.86e-09,,,,,,,,,,5.58e-08,,5.84e-06,,,,149.0,15.9,0.0968,,,,,,,,,,0.307,,-31.5,,,,,,,,,,,,,,,,,,,,,,29.702,0.0601,3.717,,,,,,,,,,0.0683,,-0.226,,,,3.698,0.0,-3.698,,,,,,,,,,0.0,,0.0,,,,33.4,0.0601,0.0194,,,,,,,,,,0.0683,,-0.226,,,,141.101,15.9,0.0,,,,,,,,,,19.242,,-34.0,,,,18.899,0.0,0.0,,,,,,,,,,-18.899,,0.0,,,,160.0,15.9,0.113,,,,,,,,,,0.343,,-34.0,,,,2.61,0.0,0.0,,,,,,,,,,0.0,,0.0,,,,0.0,0.0,0.0,,,,,,,,,,0.0,,0.0,,,,0.0,0.0,0.0,,,,,,,,,,0.0,,0.0,,,,0.0488,0.000275,0.00102,,,,,,,,,,0.00245,,-0.00927,,,,7.23e-06,2.06e-09,2.19e-10,,,,,,,,,,2.06e-09,,-2.32e-09,,,,0.955,0.000122,0.011,,,,,,,,,,0.0457,,-0.178,,,,0.00422,5.62e-06,6.56e-06,,,,,,,,,,1.43e-05,,-0.000989,,,,,,,,,,,,,,,,,,,,,,,,,,,,,,,,,,,,,,,,,,,,,,,,,,,,,,,,,,,,,,,,,,,,,,,,,,,,,,,,,,,,,,,,,,,,,,,,,,,0,0,0,,,,,,,,,,0,,0,0,0,0,,,,,,,,,,1.62,,0,0,0,0,,,,,,,,,,0,,0,0,0,0.529,,,,,,,,,,1.52,,0,0,0,0.959,,,,,,,,,,2.97,,0
extracted_from_pdf,9394795b-a620-4f54-b72c-c535bb0a02f0,ADAGIO HD+ (30 mm),EPD-KNA-20240279-IBA1-EN,Institut Bauen und Umwelt e.V. (IBU),EN 15804+A2,2024-11-26,2029-11-25,DE,1 m² ADAGIO HD+ mineral ceiling tiles with a surface weight of 8.02 kg/m².,,,,6.02,,,,,,,,,,0.0,0.0292,0.0,0.879,0.0,,,,7.25,,,,,,,,,,0.0,0.0289,0.0,0.119,0.0,,,,-1.23,,,,,,,,,,0.0,6.6e-05,0.0,0.76,0.0,,,,0.00404,,,,,,,,,,0.0,0.00027,0.0,0.000374,0.0,,,,3.86e-10,,,,,,,,,,0.0,3.8e-15,0.0,3.06e-13,0.0,,,,0.0376,,,,,,,,,,0.0,0.000103,0.0,0.000854,0.0,,,,0.000195,,,,,,,,,,0.0,1.07e-07,0.0,2.42e-07,0.0,,,,0.00729,,,,,,,,,,0.0,4.75e-05,0.0,0.000221,0.0,,,,0.121,,,,,,,,,,0.0,0.000533,0.0,0.00243,0.0,,,,0.0133,,,,,,,,,,0.0,9.37e-05,0.0,0.000666,0.0,,,,1.29e-06,,,,,,,,,,0.0,1.94e-09,0.0,5.56e-09,0.0,,,,108.0,,,,,,,,,,0.0,0.398,0.0,1.6,0.0,,,,3.36,,,,,,,,,,0.0,0.000353,0.0,0.0132,0.0,,,,1.82,,,,,,,,,,0.0,0.0289,0.0,0.261,0.0,,,,14.2,,,,,,,,,,0.0,0.0,0.0,0.0,0.0,,,,16.0,,,,,,,,,,0.0,0.0289,0.0,0.261,0.0,,,,107.0,,,,,,,,,,0.0,0.399,0.0,1.6,0.0,,,,0.995,,,,,,,,,,0.0,0.0,0.0,0.0,0.0,,,,108.0,,,,,,,,,,0.0,0.399,0.0,1.6,0.0,,,,1.92,,,,,,,,,,0.0,0.0,0.0,0.0,0.0,,,,0.0,,,,,,,,,,0.0,0.0,0.0,0.0,0.0,,,,0.0,,,,,,,,,,0.0,0.0,0.0,0.0,0.0,,,,2.6,,,,,,,,,,0.0,3.17e-05,0.0,0.000405,0.0,,,,1.58e-05,,,,,,,,,,0.0,1.24e-12,0.0,3.49e-11,0.0,,,,1.7,,,,,,,,,,0.0,6.09e-05,0.0,8.02,0.0,,,,0.00285,,,,,,,,,,0.0,7.47e-07,0.0,1.83e-05,0.0,,,,,,,,,3.28e-07,,,,,,,,,,0,6.2e-10,0,1.05e-08,0,0.376,,,,,,,,,,0,0.000111,0,0.00211,0,23.5,,,,,,,,,,0,0.285,0,0.867,0,6.01e-09,,,,,,,,,,0,5.78e-12,0,1.35e-10,0,1.13e-07,,,,,,,,,,0,2.57e-10,0,1.42e-08,0,102.0,,,,,,,,,,0,0.166,0,0.389,0,0,,,,,,,,,,0,0,0,0,0,0,,,,,,,,,,0,0,0,0,0,0,,,,,,,,,,0,0,0,0,0,0,,,,,,,,,,0,0,0,0,0,0,,,,,,,,,,0,0,0,0,0
extracted_from_pdf,95771061-5691-44b2-82e4-3d40a9db8690,Mortise Lock Saffire EVO Series - Smart Mortise Lock,EPD-DOR-20260058-CBA1-EN,Institut Bauen und Umwelt e.V. (IBU),EN 15804+A2,2026-03-06,2031-03-05,Canada,"1 piece of the product: Mortise Lock Saffire EVO LZ-M, consisting of the following items:
• Mortise lock
• Lever handle
• Fixing materials
• Product packaging",,,,13.1,0.041,0.784,,0.848,,,,,,0.0,0.018,0.314,0.00074,-5.73,,,,13.8,0.039,0.028,,0.847,,,,,,0.0,0.017,0.314,0.000733,-5.72,,,,-0.668,0.002,0.755,,0.000343,,,,,,0.0,0.000754,0.000353,2.33e-06,-0.003,,,,0.014,1.53e-06,1.13e-05,,0.000201,,,,,,0.0,6.78e-07,2.5e-05,4.4e-06,-0.006,,,,9.42e-11,3.42e-15,9.7e-14,,2.41e-12,,,,,,0.0,1.51e-15,9.97e-13,1.98e-15,-2.94e-11,,,,0.073,4.32e-05,0.000191,,0.008,,,,,,0.0,1.91e-05,0.00013,5.21e-06,-0.029,,,,4.53e-05,9.99e-09,2.74e-08,,6.24e-07,,,,,,0.0,4.42e-09,1.89e-07,1.67e-09,-1.53e-05,,,,0.013,1.54e-05,6.98e-05,,0.001,,,,,,0.0,6.83e-06,3.31e-05,1.34e-06,-0.004,,,,0.149,0.000175,0.000873,,0.012,,,,,,0.0,7.75e-05,0.000455,1.48e-05,-0.043,,,,0.039,4.52e-05,0.000185,,0.003,,,,,,0.0,2e-05,8.87e-05,4.1e-06,-0.014,,,,0.00306,1.02e-09,1.02e-09,,4.09e-05,,,,,,0.0,4.5e-10,8.28e-09,4.75e-11,-0.002,,,,178.0,0.547,0.215,,10.4,,,,,,0.0,0.242,0.967,0.01,-76.4,,,,3.78,7.87e-05,0.085,,0.144,,,,,,0.0,3.48e-05,0.038,8.4e-05,-1.59,,,,66.6,0.003,5.86,,1.41,,,,,,0.0,0.001,0.648,0.002,-21.8,,,,5.8,0.0,-5.8,,0.0,,,,,,0.0,0.0,0.0,0.0,0.0,,,,72.4,0.003,0.059,,1.41,,,,,,0.0,0.001,0.648,0.002,-21.8,,,,175.0,0.547,0.43,,10.4,,,,,,0.0,0.242,3.79,0.01,-76.4,,,,3.04,0.0,-0.215,,0.0,,,,,,0.0,0.0,-2.82,0.0,0.0,,,,178.0,0.547,0.215,,10.4,,,,,,0.0,0.242,0.967,0.01,-76.4,,,,2.6,0.0,0.0,,0.0,,,,,,0.0,0.0,0.0,0.0,1.53,,,,0.0,0.0,0.0,,0.0,,,,,,0.0,0.0,0.0,0.0,0.0,,,,0.0,0.0,0.0,,0.0,,,,,,0.0,0.0,0.0,0.0,0.0,,,,0.139,3.21e-06,0.002,,0.004,,,,,,0.0,1.42e-06,0.001,2.56e-06,-0.046,,,,2.47e-05,1.69e-11,1.24e-10,,3.21e-08,,,,,,0.0,7.46e-12,1.31e-09,2.41e-12,-3.79e-08,,,,3.21,5.23e-05,0.023,,0.131,,,,,,0.0,2.32e-05,0.03,0.049,-0.149,,,,0.00801,6.08e-07,1.07e-05,,0.000198,,,,,,0.0,2.69e-07,0.000136,1.02e-07,-0.003,,,,,,,,,,,,,,,,,,,,,,,,,,,,,,,,,,,,,,,,,,,,,,,,,,,,,,,,,,,,,,,,,,,,,,,,,,,,,,,,,,,,,,,,,,,,,,,,,,,,,,,,,,,,,,,,,,,,,,,,,,,,,,,,,,,,,,,,,,,,,,,,,,,,,,,,,,,,,,,,,,,,,,,,,,,,,
extracted_from_pdf,9591148a-69d2-4824-9935-f258913f531e,Duripanel B1,,,,,,,1m² Duripanel B1 with thickness 18mm.,,,,8.97,0.533,3.04,0.0,0.0,,,,0.0,0.0,0.0303,0.0871,,,,,,,18.3,0.53,2.35,0.0,0.0,,,,0.0,0.0,0.0302,0.0866,,,,,,,-9.34,-0.000889,0.688,0.0,0.0,,,,0.0,0.0,0.000101,-0.000145,,,,,,,0.00633,0.00429,0.00106,0.0,0.0,,,,0.0,0.0,4.38e-05,0.000701,,,,,,,4.96e-14,9.72e-17,8.26e-15,0.0,0.0,,,,0.0,0.0,6.64e-16,1.59e-17,,,,,,,0.0214,0.000612,0.00358,0.0,0.0,,,,0.0,0.0,6.66e-05,0.0001,,,,,,,3.25e-05,1.61e-06,2.08e-05,0.0,0.0,,,,0.0,0.0,8.06e-08,2.64e-07,,,,,,,0.00724,0.000188,0.0012,0.0,0.0,,,,0.0,0.0,1.48e-05,3.07e-05,,,,,,,0.0781,0.00223,0.0119,0.0,0.0,,,,0.0,0.0,0.000156,0.000365,,,,,,,0.0221,0.000507,0.00356,0.0,0.0,,,,0.0,0.0,4.06e-05,8.29e-05,,,,,,,8.33e-07,4.28e-08,2.19e-05,0.0,0.0,,,,0.0,0.0,8.74e-09,7e-09,,,,,,,111.0,7.06,15.9,0.0,0.0,,,,0.0,0.0,0.531,1.15,,,,,,,0.272,0.00516,0.137,0.0,0.0,,,,0.0,0.0,0.00658,0.000844,,,,,,,33.6,0.408,20.4,0.0,0.0,,,,0.0,0.0,0.235,0.0668,,,,,,,87.5,0.0,-7.3,0.0,0.0,,,,0.0,0.0,0.0,0.0,,,,,,,121.0,0.408,13.1,0.0,0.0,,,,0.0,0.0,0.235,0.0668,,,,,,,110.0,7.09,16.3,0.0,0.0,,,,0.0,0.0,0.531,1.16,,,,,,,0.44,0.0,-0.44,0.0,0.0,,,,0.0,0.0,0.0,0.0,,,,,,,111.0,7.09,15.9,0.0,0.0,,,,0.0,0.0,0.531,1.16,,,,,,,1.49,0.0,0.149,0.0,0.0,,,,0.0,0.0,0.0,0.0,,,,,,,0.0,0.0,0.0,0.0,0.0,,,,0.0,0.0,0.0,0.0,,,,,,,0.0,0.0,0.0,0.0,0.0,,,,0.0,0.0,0.0,0.0,,,,,,,0.0135,0.000476,0.00469,0.0,0.0,,,,0.0,0.0,0.000272,7.78e-05,,,,,,,3.24e-07,3.28e-07,4.24e-08,0.0,0.0,,,,0.0,0.0,2.2e-10,5.36e-08,,,,,,,3.29,0.00112,2.46,0.0,0.0,,,,0.0,0.0,0.000377,0.000184,,,,,,,0.00158,1.31e-05,0.000367,0.0,0.0,,,,0.0,0.0,8.06e-05,2.14e-06,,,,,,,,,,,,,,,,,,,,,,,,,,,,,,,,,,,,,,,,,,,,,,,,,,,,,,,,,,,,,,,,,,,,,,,,,,,,,,,,,,,,,,,,,,,,,,,,,,,,,,,,,,,,,,,,,,,,,,,,,,,,,,,,,,,,,,,,,,,,,,,,,,,,,,,,,,,,,,,,,,,,,,,,,,,,,,,,
extracted_from_pdf,95a62086-58ff-48d7-8aa5-f0f1b3a4f8ff,BKP-EN,EPD-SCA-20210175-IBA1-DE,Institut Bauen und Umwelt e.V. (IBU),EN 15804+A2,2021-12-09,2026-12-08,DE,1 Stk. Brandschutzklappe BKP-EN,,,,24.5,0.195,0.208,,,,,,,,0.00555,0.0127,0.426,0.0619,-7.68,,,,24.7,0.194,0.00997,,,,,,,,0.00545,0.0126,0.426,0.0617,-7.68,,,,-0.149,0.0,0.198,,,,,,,,5.8e-05,0.0,1.91e-05,0.0,-0.0052,,,,0.0227,0.00157,4.8e-05,,,,,,,,4.19e-05,0.000102,0.000908,0.000177,0.000964,,,,8.51e-10,3.57e-17,4.45e-17,,,,,,,,1.24e-17,2.32e-18,3.54e-16,2.28e-16,-1.42e-14,,,,0.0604,0.000224,5.29e-05,,,,,,,,6.46e-06,1.46e-05,0.000394,0.000442,-0.0137,,,,0.000127,5.91e-07,2.32e-08,,,,,,,,1.63e-08,3.84e-08,3.78e-07,1.06e-07,-1.77e-06,,,,0.0134,6.88e-05,1.89e-05,,,,,,,,2e-06,4.47e-06,0.00016,0.000114,-0.00207,,,,0.146,0.000817,0.000234,,,,,,,,2.34e-05,5.32e-05,0.00184,0.00125,-0.0202,,,,0.0414,0.000186,5.01e-05,,,,,,,,5.4e-06,1.21e-05,0.000458,0.000344,-0.0105,,,,0.000697,1.57e-08,1.11e-09,,,,,,,,5.88e-10,1.02e-09,3.71e-08,5.52e-09,-1.65e-05,,,,262.0,2.6,0.134,,,,,,,,0.0757,0.169,1.92,0.808,-68.1,,,,-0.107,0.00189,0.0206,,,,,,,,0.000123,0.000123,0.0389,0.00645,-1.49,,,,51.3,0.149,1.77,,,,,,,,0.00778,0.00972,0.194,0.106,5.45,,,,1.75,0.0,-1.75,,,,,,,,0.0,0.0,0.0,0.0,0.0,,,,53.0,0.149,0.0181,,,,,,,,0.00778,0.00972,0.194,0.106,5.45,,,,260.0,2.6,0.134,,,,,,,,0.0759,0.169,6.0,0.808,-68.2,,,,3.89,0.0,0.0,,,,,,,,0.0,0.0,-3.89,0.0,0.0,,,,264.0,2.6,0.134,,,,,,,,0.0759,0.169,1.93,0.808,-68.2,,,,1.5,0.0,0.0,,,,,,,,0.0,0.0,0.0,0.0,6.1,,,,0.0,0.0,0.0,,,,,,,,0.0,0.0,0.0,0.0,0.0,,,,0.0,0.0,0.0,,,,,,,,0.0,0.0,0.0,0.0,0.0,,,,0.0709,0.000174,0.000492,,,,,,,,8.87e-06,1.13e-05,0.00104,0.000204,-0.0335,,,,1.3e-05,1.2e-07,3.13e-09,,,,,,,,3.12e-09,7.82e-09,7.01e-08,1.23e-08,1.72e-08,,,,0.445,0.000413,0.00522,,,,,,,,1.67e-05,2.68e-05,0.032,4.06,0.786,,,,0.00899,4.79e-06,4.1e-06,,,,,,,,1.41e-06,3.11e-07,7.35e-05,9.17e-06,-0.000198,,,,,,,,,,,,,,,,,,,,,,,,,,,,,,,,,,,,,,,,,,,,,,,,,,,,,,,,,,,,,,,,,,,,,,,,,,,,,,,,,,,,,,,,,,,,,,,,,,,,,,,,,,,,,,,,,,,,,,,,,,,,,,,,,,,,,,,,,,,,,,,,,,,,,,,,,,,,,,,,,,,,,,,,,,,,,
extracted_from_pdf,962826c3-4b38-4300-af59-f39fad184aaa,"CEM I 42,5 N (st)",EPD-CEM-20240505-CAA1-DE,Institut Bauen und Umwelt e.V. (IBU),EN 15804+A2,2024-11-22,2029-11-21,DE,1000 kg,,,,657.0,,,,,,,,,,,,,,,,,,657.0,,,,,,,,,,,,,,,,,,0.0318,,,,,,,,,,,,,,,,,,0.0348,,,,,,,,,,,,,,,,,,1.15e-05,,,,,,,,,,,,,,,,,,2.05,,,,,,,,,,,,,,,,,,0.0591,,,,,,,,,,,,,,,,,,0.00393,,,,,,,,,,,,,,,,,,3.14,,,,,,,,,,,,,,,,,,0.911,,,,,,,,,,,,,,,,,,0.000103,,,,,,,,,,,,,,,,,,2140.0,,,,,,,,,,,,,,,,,,38.9,,,,,,,,,,,,,,,,,,27.5,,,,,,,,,,,,,,,,,,0.0,,,,,,,,,,,,,,,,,,27.5,,,,,,,,,,,,,,,,,,2140.0,,,,,,,,,,,,,,,,,,0.0,,,,,,,,,,,,,,,,,,2140.0,,,,,,,,,,,,,,,,,,96.3,,,,,,,,,,,,,,,,,,1160.0,,,,,,,,,,,,,,,,,,830.0,,,,,,,,,,,,,,,,,,0.963,,,,,,,,,,,,,,,,,,0.0727,,,,,,,,,,,,,,,,,,1.15,,,,,,,,,,,,,,,,,,,,,,,,,,,,,,,,,,,,,,,,,2.06e-05,,,,,,,,,,,,,,,13.7,,,,,,,,,,,,,,,50.7,,,,,,,,,,,,,,,8.01e-07,,,,,,,,,,,,,,,1.21e-05,,,,,,,,,,,,,,,501,,,,,,,,,,,,,,,0,,,,,,,,,,,,,,,0,,,,,,,,,,,,,,,0,,,,,,,,,,,,,,,0,,,,,,,,,,,,,,,0,,,,,,,,,,,,,,
extracted_from_pdf,97345f6c-b4f4-4761-8863-14fc279ada34,"Concrete C40/50, Type number 988429091",EPD-SPE-20230529-IBA2-DE,Institut Bauen und Umwelt e.V. (IBU),EN 15804+A2,2023-12-04,2028-12-03,Deutschland,1 m3 unbewehrter Konstruktionsbeton (C 40/50),,,,162.5,,,,,,,,,,3.32,10.3,6.3,,-12.1,,,,161.8,,,,,,,,,,3.3,10.3,6.28,,-12.0,,,,0.55,,,,,,,,,,0.0115,0.0371,0.0118,,-0.106,,,,0.16,,,,,,,,,,0.0122,0.0393,0.0107,,-0.0202,,,,2.59e-06,,,,,,,,,,6.47e-13,2.09e-12,8.31e-12,,-1.5e-10,,,,0.38,,,,,,,,,,0.0156,0.0357,0.0173,,-0.029,,,,0.016,,,,,,,,,,6.3e-06,2.03e-05,5.7e-06,,-4.02e-05,,,,0.109,,,,,,,,,,0.0742,0.0169,0.00765,,-0.0111,,,,1.3,,,,,,,,,,0.082,0.188,0.0843,,-0.125,,,,0.32,,,,,,,,,,0.0208,0.0355,0.0213,,-0.0269,,,,3.08e-05,,,,,,,,,,3.17e-07,1.02e-06,4.39e-07,,-3.67e-06,,,,1210.0,,,,,,,,,,41.9,135.0,87.0,,-156.0,,,,27.7,,,,,,,,,,0.0153,0.0438,0.0319,,-2.94,,,,132.8,,,,,,,,,,2.76,8.9,3.64,,-73.0,,,,0.36,,,,,,,,,,0.0,0.0,0.0,,0.0,,,,133.1,,,,,,,,,,2.76,8.9,3.64,,-73.0,,,,1190.0,,,,,,,,,,41.9,135.0,87.1,,-157.0,,,,17.7,,,,,,,,,,0.0,0.0,0.0,,0.0,,,,1210.0,,,,,,,,,,41.9,135.0,87.1,,-157.0,,,,0.0,,,,,,,,,,0.0,0.0,0.0,,2360.0,,,,62.0,,,,,,,,,,0.0,0.0,0.0,,0.0,,,,151.0,,,,,,,,,,0.0,0.0,0.0,,0.0,,,,0.8,,,,,,,,,,0.04,0.14,0.04,,-1.49,,,,0.000336,,,,,,,,,,1.83e-10,5.91e-10,3.28e-09,,-9.96e-09,,,,42.1,,,,,,,,,,0.00682,0.022,0.0199,,-23.1,,,,0.72,,,,,,,,,,5.27e-05,0.00017,0.00199,,-0.00775,,,,,,,,,,,,,,,,,,,1.78e-07,2.13e-07,1.79e-07,,-1.29e-06,,,,,,,,,,,0.00535,0.0173,0.303,,-0.774,,,,,,,,,,,,,,,,,,,,,,,,,,,,,,,,,,,,,,,,,,,,,,,,,,,,,,,,,,,,,0,,,,,,,,,,0,0,0,0,0,0,,,,,,,,,,0,0,2360,0,0,0,,,,,,,,,,0,0,0,,0,0,,,,,,,,,,0,0,0,,0,0,,,,,,,,,,0,0,0,,0
extracted_from_pdf,9eced374-9a8d-4ace-a569-56d52a2d1013,ADAGIO dB+ and ADAGIO Acoustic+ Vector (24 mm),EPD-KNA-20240276-IBA1-EN,Institut Bauen und Umwelt e.V. (IBU),EN 15804+A2,26/11/2024,25/11/2029,Germany,1 m² ADAGIO dB+ and ADAGIO Acoustic+ (Vector) mineral ceiling tiles with a surface weight of 8.66 kg/m².,,,,4.93,,,,,,,,,,0.0,0.0316,0.0,1.17,0.0,,,,6.32,,,,,,,,,,0.0,0.0312,0.0,0.128,0.0,,,,-1.4,,,,,,,,,,0.0,7.14e-05,0.0,1.04,0.0,,,,0.00354,,,,,,,,,,0.0,0.000292,0.0,0.000404,0.0,,,,5.46e-10,,,,,,,,,,0.0,4.11e-15,0.0,3.31e-13,0.0,,,,0.0295,,,,,,,,,,0.0,0.000112,0.0,0.000923,0.0,,,,0.000166,,,,,,,,,,0.0,1.15e-07,0.0,2.62e-07,0.0,,,,0.00615,,,,,,,,,,0.0,5.13e-05,0.0,0.000239,0.0,,,,0.0951,,,,,,,,,,0.0,0.000576,0.0,0.00262,0.0,,,,0.0111,,,,,,,,,,0.0,0.000101,0.0,0.00072,0.0,,,,1.11e-06,,,,,,,,,,0.0,2.09e-09,0.0,6.01e-09,0.0,,,,95.7,,,,,,,,,,0.0,0.43,0.0,1.73,0.0,,,,3.29,,,,,,,,,,0.0,0.000381,0.0,0.0143,0.0,,,,0.928,,,,,,,,,,0.0,0.0313,0.0,0.282,0.0,,,,16.0,,,,,,,,,,0.0,0.0,0.0,0.0,0.0,,,,17.0,,,,,,,,,,0.0,0.0313,0.0,0.282,0.0,,,,95.7,,,,,,,,,,0.0,0.432,0.0,1.73,0.0,,,,0.0,,,,,,,,,,0.0,0.0,0.0,0.0,0.0,,,,95.7,,,,,,,,,,0.0,0.432,0.0,1.73,0.0,,,,0.957,,,,,,,,,,0.0,0.0,0.0,0.0,0.0,,,,0.0,,,,,,,,,,0.0,0.0,0.0,0.0,0.0,,,,0.0,,,,,,,,,,0.0,0.0,0.0,0.0,0.0,,,,2.6,,,,,,,,,,0.0,3.43e-05,0.0,0.000438,0.0,,,,1.93e-05,,,,,,,,,,0.0,1.34e-12,0.0,3.78e-11,0.0,,,,0.998,,,,,,,,,,0.0,6.58e-05,0.0,8.67,0.0,,,,0.00242,,,,,,,,,,0.0,8.08e-07,0.0,1.97e-05,0.0,,,,,,,,,,,,,,,,,,,,,,,,,,,,,,,,,,,,,,,,,,,,,,,,,,,,,,,,,,,,,,,,,,,,,,,,,,,,,,,,,,,,,,,,,,,,,,,,,,,,,,,,,,,,,,,,,,,,,,,,,,,,,,,,,,,,,,,,,,,,,,,,,,,,,,,,,,,,,,,,,,,,,,,,,,,,,
extracted_from_pdf,b0544ff7-dd7c-46ac-b5e2-8530c52f7950,ALWI-S Profile System,EPD-SYS-20220089-CBA1-DE,Institut Bauen und Umwelt e.V. (IBU),EN 15804+A2,2022-05-24,2027-05-23,DE,1 m² ALWI-S Profilsystem für die sichtbare Befestigung großformatiger Fassadentafeln.,,,,7.97,0.0513,0.0,,,,,,,,0.0,0.00561,0.0803,0.0,-4.54,,,,7.96,0.0507,0.0,,,,,,,,0.0,0.00555,0.0803,0.0,-4.53,,,,0.00914,0.000148,0.0,,,,,,,,0.0,1.62e-05,1.62e-05,0.0,-0.00314,,,,0.00631,0.000416,0.0,,,,,,,,0.0,4.55e-05,1.8e-05,0.0,-0.00333,,,,5.45e-12,6.49e-18,0.0,,,,,,,,0.0,7.1e-19,1.29e-16,0.0,8.12e-13,,,,0.0397,4.81e-05,0.0,,,,,,,,0.0,5.26e-06,2.18e-05,0.0,-0.0221,,,,1.05e-05,1.51e-07,0.0,,,,,,,,0.0,1.65e-08,1.98e-08,0.0,-2.25e-06,,,,0.00514,1.48e-05,0.0,,,,,,,,0.0,1.62e-06,7.27e-06,0.0,-0.00294,,,,0.056,0.000178,0.0,,,,,,,,0.0,1.95e-05,8.97e-05,0.0,-0.032,,,,0.0167,4.14e-05,0.0,,,,,,,,0.0,4.53e-06,2.11e-05,0.0,-0.00904,,,,0.000124,3.87e-09,0.0,,,,,,,,0.0,4.23e-10,1.84e-09,0.0,-3.43e-05,,,,104.0,0.676,0.0,,,,,,,,0.0,0.074,0.149,0.0,-56.1,,,,1.07,0.000441,0.0,,,,,,,,0.0,4.83e-05,0.0062,0.0,-0.97,,,,34.3,0.0377,0.0,,,,,,,,0.0,0.00413,0.0332,0.0,-22.6,,,,0.0,0.0,0.0,,,,,,,,0.0,0.0,0.0,0.0,0.0,,,,34.3,0.0377,0.0,,,,,,,,0.0,0.00413,0.0332,0.0,-22.6,,,,104.0,0.677,0.0,,,,,,,,0.0,0.0741,0.769,0.0,-56.1,,,,0.62,0.0,0.0,,,,,,,,0.0,0.0,-0.62,0.0,0.0,,,,104.0,0.677,0.0,,,,,,,,0.0,0.0741,0.149,0.0,-56.1,,,,1.18,0.0,0.0,,,,,,,,0.0,0.0,0.0,0.0,0.616,,,,0.0,0.0,0.0,,,,,,,,0.0,0.0,0.0,0.0,0.0,,,,0.0,0.0,0.0,,,,,,,,0.0,0.0,0.0,0.0,0.0,,,,0.0748,4.32e-05,0.0,,,,,,,,0.0,4.73e-06,0.000162,0.0,-0.0683,,,,5.06e-08,3.41e-11,0.0,,,,,,,,0.0,3.73e-12,2.66e-11,0.0,-3.97e-09,,,,1.55,0.000101,0.0,,,,,,,,0.0,1.1e-05,0.0493,0.0,-1.12,,,,0.00459,8.19e-07,0.0,,,,,,,,0.0,8.96e-08,4.38e-06,0.0,-0.00263,,,,,,,,,5.42e-07,2.93e-10,0.0,,,,,,,,0.0,3.21e-11,5.53e-10,0.0,-2.8e-07,0.787,0.000117,0.0,,,,,,,,0.0,1.28e-05,0.000455,0.0,-0.546,36.6,0.489,0.0,,,,,,,,0.0,0.0535,0.122,0.0,-22.5,1.28e-06,9.86e-12,0.0,,,,,,,,0.0,1.08e-12,4.89e-12,0.0,-4.22e-09,1.12e-07,5.09e-10,0.0,,,,,,,,0.0,5.57e-11,5.19e-10,0.0,-4.77e-08,15.2,0.232,0.0,,,,,,,,0.0,0.0254,0.0327,0.0,-3.2,0.0,0.0,0.0,,,,,,,,0.0,0.0,0.0,0.0,0.0,0.0,0.0,0.0,,,,,,,,0.0,0.0,1.81,0.0,0.0,0.0,0.0,0.0,,,,,,,,0.0,0.0,0.0,0.0,0.0,0.0,0.0,0.0,,,,,,,,0.0,0.0,0.081,0.0,0.0,0.0,0.0,0.0,,,,,,,,0.0,0.0,0.148,0.0,0.0
extracted_from_pdf,c54c16f6-4295-4749-bff0-ba7ed4bc9117,'LinCrete' Glass-Fibre Reinforced Concrete - GFRC-Platten,EPD-LIN-20250235-CBA1-EN,Institut Bauen und Umwelt e.V. (IBU),EN 15804+A2,2025-06-06,2030-06-05,,1 tonne of 'LinCrete' Glass-Fibre Reinforced Concrete.,,,,847.0,4.35,139.0,,,,,,,,0.0,3.94,0.0,14.3,25.1,,,,934.0,4.34,51.4,,,,,,,,0.0,3.93,0.0,14.8,-41.8,,,,-86.4,-0.0197,87.2,,,,,,,,0.0,-0.0178,0.0,-0.51,66.9,,,,0.218,0.0261,0.00365,,,,,,,,0.0,0.0237,0.0,0.0467,-0.0313,,,,2.08e-08,7.65e-13,6.88e-12,,,,,,,,0.0,6.93e-13,0.0,3.82e-11,-2.44e-10,,,,1.8,0.0047,0.0126,,,,,,,,0.0,0.00426,0.0,0.107,-0.0825,,,,0.00222,1.02e-05,3.38e-06,,,,,,,,0.0,9.23e-06,0.0,3.03e-05,-7.06e-05,,,,0.433,0.00162,0.00318,,,,,,,,0.0,0.00147,0.0,0.0275,-0.0292,,,,4.64,0.0197,0.0583,,,,,,,,0.0,0.0178,0.0,0.303,-0.318,,,,1.25,0.00402,0.00835,,,,,,,,0.0,0.00364,0.0,0.0831,-0.0863,,,,0.000646,3.11e-07,9.14e-08,,,,,,,,0.0,2.82e-07,0.0,6.94e-07,-2.66e-06,,,,9420.0,59.3,19.2,,,,,,,,0.0,53.7,0.0,200.0,-645.0,,,,81.8,0.0227,5.6,,,,,,,,0.0,0.0206,0.0,1.65,-2.44,,,,1720.0,3.83,1230.0,,,,,,,,0.0,3.47,0.0,32.6,-927.0,,,,1230.0,0.0,-1230.0,,,,,,,,0.0,0.0,0.0,0.0,0.0,,,,2940.0,3.83,3.86,,,,,,,,0.0,3.47,0.0,32.6,-927.0,,,,6630.0,59.3,758.0,,,,,,,,0.0,53.7,0.0,2260.0,-646.0,,,,2800.0,0.0,-739.0,,,,,,,,0.0,0.0,0.0,-2060.0,0.0,,,,9430.0,59.3,19.2,,,,,,,,0.0,53.7,0.0,200.0,-646.0,,,,0.597,0.0,0.0,,,,,,,,0.0,0.0,0.0,0.0,0.0,,,,0.0,0.0,0.0,,,,,,,,0.0,0.0,0.0,0.0,0.0,,,,0.0,0.0,0.0,,,,,,,,0.0,0.0,0.0,0.0,0.0,,,,2.57,0.00349,0.132,,,,,,,,0.0,0.00316,0.0,0.0505,-0.124,,,,0.111,1.59e-10,1.85e-10,,,,,,,,0.0,1.44e-10,0.0,4.36e-09,-2.53e-08,,,,242.0,0.00865,0.7,,,,,,,,0.0,0.00783,0.0,1000.0,-0.391,,,,0.221,6.2e-05,0.000376,,,,,,,,0.0,5.62e-05,0.0,0.00228,-0.0362,847,4.35,139,0,3.94,0,14.3,25.1,2.97e-05,3.25e-08,8.04e-08,,,,,,,,0,2.94e-08,0,1.31e-06,-9.39e-06,20.8,0.00639,0.0418,,,,,,,,0,0.00579,0,0.264,-5.81,3910,44.6,10.1,,,,,,,,0,40.4,0,108,-130,1.6e-07,8.8e-10,5.87e-10,,,,,,,,0,7.97e-10,0,1.68e-08,-2.04e-08,7.35e-06,3.63e-08,1.77e-08,,,,,,,,0,3.29e-08,0,1.77e-06,-1.77e-07,26200,21.1,6.35,,,,,,,,0,19.1,0,48.6,-10000,0,0,61,,,,,,,,0,0,0,0,0,0.42,0,4.26,,,,,,,,0,0,0,0,0,0,0,0,,,,,,,,0,0,0,0,0,41.9,0,97.5,,,,,,,,0,0,0,0,0,94.5,0,223,,,,,,,,0,0,0,0,0
extracted_from_pdf,eb6f1c56-85f7-436f-b8d7-36fd3d072017,ADAGIO Alpha+ (20 mm),EPD-KNA-20240277-IBA1-EN,Institut Bauen und Umwelt e.V. (IBU),EN 15804+A2,2024-11-26,2029-11-25,Germany,1 m² ADAGIO Alpha+ mineral ceiling tiles with a surface weight of 3.46 kg/m².,,,,4.49,,,,,,,,,,0.0,0.0126,0.0,0.462,0.0,,,,5.18,,,,,,,,,,0.0,0.0125,0.0,0.0513,0.0,,,,-0.69,,,,,,,,,,0.0,2.85e-05,0.0,0.411,0.0,,,,0.00192,,,,,,,,,,0.0,0.000117,0.0,0.000162,0.0,,,,3.79e-11,,,,,,,,,,0.0,1.64e-15,0.0,1.32e-13,0.0,,,,0.0203,,,,,,,,,,0.0,4.47e-05,0.0,0.000369,0.0,,,,8.39e-05,,,,,,,,,,0.0,4.61e-08,0.0,1.05e-07,0.0,,,,0.00399,,,,,,,,,,0.0,2.05e-05,0.0,9.53e-05,0.0,,,,0.064,,,,,,,,,,0.0,0.00023,0.0,0.00105,0.0,,,,0.00834,,,,,,,,,,0.0,4.05e-05,0.0,0.000288,0.0,,,,7.24e-07,,,,,,,,,,0.0,8.36e-10,0.0,2.4e-09,0.0,,,,79.5,,,,,,,,,,0.0,0.172,0.0,0.692,0.0,,,,3.19,,,,,,,,,,0.0,0.000152,0.0,0.00571,0.0,,,,2.69,,,,,,,,,,0.0,0.0125,0.0,0.113,0.0,,,,7.91,,,,,,,,,,0.0,0.0,0.0,0.0,0.0,,,,10.6,,,,,,,,,,0.0,0.0125,0.0,0.113,0.0,,,,79.5,,,,,,,,,,0.0,0.172,0.0,0.693,0.0,,,,0.0,,,,,,,,,,0.0,0.0,0.0,0.0,0.0,,,,79.5,,,,,,,,,,0.0,0.172,0.0,0.693,0.0,,,,1.15,,,,,,,,,,0.0,0.0,0.0,0.0,0.0,,,,0.0,,,,,,,,,,0.0,0.0,0.0,0.0,0.0,,,,0.0,,,,,,,,,,0.0,0.0,0.0,0.0,0.0,,,,2.59,,,,,,,,,,0.0,1.37e-05,0.0,0.000175,0.0,,,,3.73e-06,,,,,,,,,,0.0,5.34e-13,0.0,1.51e-11,0.0,,,,0.825,,,,,,,,,,0.0,2.63e-05,0.0,3.47,0.0,,,,0.0019,,,,,,,,,,0.0,3.23e-07,0.0,7.89e-06,0.0,,,,,,,,,1.8e-07,,,,,,,,,,0,2.68e-10,0,4.54e-09,0,0.221,,,,,,,,,,0,4.81e-05,0,0.00091,0,13.7,,,,,,,,,,0,0.123,0,0.375,0,3.11e-09,,,,,,,,,,0,2.5e-12,0,5.82e-11,0,6.53e-08,,,,,,,,,,0,1.11e-10,0,6.14e-09,0,59.8,,,,,,,,,,0,0.0718,0,0.168,0,0,,,,,,,,,,0,0,0,0,0,0,,,,,,,,,,0,0,0,0,0,0,,,,,,,,,,0,0,0,0,0,0,,,,,,,,,,0,0,0,0,0,0,,,,,,,,,,0,0,0,0,0
extracted_from_pdf,f9e2c14d-41e0-46d1-be45-03dd5b3f518c,AQUAPANEL® Cement Board Indoor- Plant Iserlohn - Cement board,EPD-KNQ-20240284-IBB1-EN,Institut Bauen und Umwelt e.V. (IBU),EN 15804+A2,2024-10-15,2029-10-14,DE,"1 m² AQUAPANEL® Cement Board Indoor with a thickness of 12,5 mm",4.33,0.125,0.278,,0.544,0.00502,0.0,0.0,,,,0.0,0.0,0.00682,0.0878,0.0221,0.0316,0.0,4.31,0.125,0.274,,0.541,0.00496,0.0,0.0,,,,0.0,0.0,0.00677,0.0872,0.0221,0.0326,0.0,0.0126,-0.00019,0.00347,,-0.00138,6.57e-05,0.0,0.0,,,,0.0,0.0,-1.09e-05,-0.000222,-0.000229,-0.00112,0.0,0.000796,0.00034,5.25e-05,,0.005,7.66e-07,0.0,0.0,,,,0.0,0.0,6.12e-05,0.000806,0.000169,0.000103,0.0,1.11e-11,1.87e-14,8.37e-12,,8.44e-14,1.53e-13,0.0,0.0,,,,0.0,0.0,1.03e-15,1.36e-14,3.77e-14,8.5e-14,0.0,0.00497,0.00174,0.000441,,0.00392,7.62e-06,0.0,0.0,,,,0.0,0.0,3.45e-05,0.000632,0.000118,0.000234,0.0,3.23e-06,1.49e-07,1.56e-06,,1.98e-06,2.85e-08,0.0,0.0,,,,0.0,0.0,2.42e-08,3.19e-07,7.66e-08,6.68e-08,0.0,0.00136,0.000765,0.000141,,0.00194,2.47e-06,0.0,0.0,,,,0.0,0.0,1.63e-05,0.000313,5.39e-05,6.06e-05,0.0,0.0148,0.0084,0.00146,,0.0214,2.55e-05,0.0,0.0,,,,0.0,0.0,0.000179,0.00345,0.000596,0.000666,0.0,0.00437,0.00193,0.000344,,0.00371,5.94e-06,0.0,0.0,,,,0.0,0.0,4.53e-05,0.000598,0.000146,0.000183,0.0,1.38e-07,4.73e-09,4.96e-08,,3.63e-08,9.04e-10,0.0,0.0,,,,0.0,0.0,4.44e-10,5.85e-09,2.41e-08,1.53e-09,0.0,27.0,1.61,3.85,,7.42,0.0696,0.0,0.0,,,,0.0,0.0,0.0908,1.2,0.443,0.44,0.0,0.0989,0.000412,0.00834,,0.00678,0.000146,0.0,0.0,,,,0.0,0.0,8.3e-05,0.00109,0.00438,0.00362,0.0,5.71,0.0553,3.72,,0.541,0.068,0.0,0.0,,,,0.0,0.0,0.00663,0.0873,0.0412,0.072,0.0,0.0,0.0,0.0,,0.0,0.0,0.0,0.0,,,,0.0,0.0,0.0,0.0,0.0,0.0,0.0,5.71,0.0553,3.72,,0.541,0.068,0.0,0.0,,,,0.0,0.0,0.00663,0.0873,0.0412,0.072,0.0,27.1,1.61,3.85,,7.45,0.0696,0.0,0.0,,,,0.0,0.0,0.0912,1.2,0.444,0.44,0.0,0.0,0.0,0.0,,0.0,0.0,0.0,0.0,,,,0.0,0.0,0.0,0.0,0.0,0.0,0.0,27.1,1.61,3.85,,7.45,0.0696,0.0,0.0,,,,0.0,0.0,0.0912,1.2,0.444,0.44,0.0,0.0,0.0,0.0,,0.0,0.0,0.0,0.0,,,,0.0,0.0,0.0,0.0,0.0,0.0,0.0,0.0,0.0,0.0,,0.0,0.0,0.0,0.0,,,,0.0,0.0,0.0,0.0,0.0,0.0,0.0,0.0,0.0,0.0,,0.0,0.0,0.0,0.0,,,,0.0,0.0,0.0,0.0,0.0,0.0,0.0,0.00712,5.08e-05,0.00128,,0.000601,2.31e-05,0.0,0.0,,,,0.0,0.0,7.36e-06,9.69e-05,0.000127,0.000111,0.0,1.37e-07,3.95e-12,-7.22e-10,,3.82e-11,-1.32e-11,0.0,0.0,,,,0.0,0.0,4.67e-13,6.15e-12,-1.15e-12,9.48e-12,0.0,0.0613,0.000192,0.232,,0.00115,6.53e-05,0.0,0.0,,,,0.0,0.0,1.41e-05,0.000186,0.000117,2.2,0.0,0.000619,2e-06,0.000373,,1.45e-05,6.82e-06,0.0,0.0,,,,0.0,0.0,1.78e-07,2.35e-06,5.96e-06,4.95e-06,0.0,,,,,,,,,1.48e-07,1.4e-08,6.01e-11,0,0,,,,0,0,3.91e-10,2.25e-09,2.23e-09,2.88e-09,0,0.107,0.00213,0.00071,0,0,,,,0,0,2.61e-05,0.000344,0.000958,0.000563,0,15.32,5.28,0.0264,0,0,,,,0,0,0.0647,0.852,0.295,0.238,0,5.63e-10,1.07e-10,1.36e-12,0,0,,,,0,0,1.31e-12,1.73e-11,6.5e-12,3.7e-11,0,2.21e-08,4.78e-09,1.97e-11,0,0,,,,0,0,5.87e-11,7.71e-10,2.36e-10,3.9e-09,0,7.17,3.07,0.045,0,0,,,,0,0,0.0376,0.496,0.119,0.111,0,0,0,0,0,0,,,,0,0,0,0,0,0,0,0,0,0,0,0,,,,0,0,0,0,0,0,0,0,0,0,0,0,,,,0,0,0,0,0,0,0,0,0,0,0,0,,,,0,0,0,0,0,0,0,0,0,0,0,0,,,,0,0,0,0,0,0,0
extracted_from_pdf,fd6ae0fa-4d2d-4005-9759-909e508751ab,Airium cement-based insulation foam,EPD-HOC-20220204-IBD1-EN,Institut Bauen und Umwelt e.V. (IBU),EN 15804+A2,2022-09-21,2027-09-20,,1 m³ of Airium™ cement-based insulation foam with an average wet density of 130 kg/m3 and an average dry density of 100 kg/m3.,,,,40.7,4.95,0.0674,-19.9,,,,,,,0.396,0.977,,,,,,,40.7,4.95,0.0674,-19.9,,,,,,,0.396,0.976,,,,,,,0.0,0.0,0.0,0.0,,,,,,,0.0,0.0,,,,,,,0.00902,0.00198,2.02e-06,0.0,,,,,,,3.95e-05,0.00039,,,,,,,2.06e-06,1.15e-06,7.67e-10,0.0,,,,,,,8.46e-08,2.26e-07,,,,,,,0.0861,0.0141,4.06e-05,0.0,,,,,,,0.00411,0.00277,,,,,,,0.00142,3.53e-05,6.04e-08,0.0,,,,,,,1.31e-06,6.96e-06,,,,,,,0.0104,0.0028,1.72e-05,0.0,,,,,,,0.00182,0.000551,,,,,,,0.241,0.0312,0.000191,0.0,,,,,,,0.02,0.00614,,,,,,,0.0668,0.012,4.92e-05,0.0,,,,,,,0.00549,0.00236,,,,,,,9.27e-05,1.76e-05,1.8e-08,0.0,,,,,,,2.04e-07,3.46e-06,,,,,,,284.0,75.1,0.0357,0.0,,,,,,,5.43,14.8,,,,,,,8.27,0.229,0.00107,0.0,,,,,,,0.00849,0.0451,,,,,,,17.0,1.06,0.00174,0.0,,,,,,,0.0301,0.208,,,,,,,0.0,0.0,0.0,0.0,,,,,,,0.0,0.0,,,,,,,17.0,1.06,0.00174,0.0,,,,,,,0.0301,0.208,,,,,,,288.0,75.1,0.0358,0.0,,,,,,,5.43,14.8,,,,,,,0.0,0.0,0.0,0.0,,,,,,,0.0,0.0,,,,,,,288.0,75.1,0.0358,0.0,,,,,,,5.43,14.8,,,,,,,0.0,0.0,0.0,0.0,,,,,,,0.0,0.0,,,,,,,0.0,0.0,0.0,0.0,,,,,,,0.0,0.0,,,,,,,0.0,0.0,0.0,0.0,,,,,,,0.0,0.0,,,,,,,0.114,0.00669,5.52e-06,0.0,,,,,,,0.000309,0.00132,,,,,,,0.000294,0.000196,1.21e-07,0.0,,,,,,,1.49e-05,3.86e-05,,,,,,,6.63,3.95,0.0031,0.0,,,,,,,0.00903,0.779,,,,,,,0.00164,0.00109,3.3e-07,0.0,,,,,,,8.07e-05,0.000214,,,,,,,,,,,,,,,,,,,,,,,,,,,,,,,,,,,,,,,,,,,,,,,,,,,,,,,,,,,,,,,,,,,,,,,,,,,,,,,,,,,,,,,,,,,,,,,,,,,,,,,,,,,,,,,,,,,,,,,,,,,,,,,,,,,,,,,,,,,,,,,,,,,,,,,,,,,,,,,,,,,,,,,,,,,,,,,,
