UUID;Version;Name (de);Name (en);Kategorie (original);Kategorie (en);Konformitaet;Hintergrunddatenbank(en);Laenderkennung;Typ;Referenzjahr;Gueltig bis;URL;Declaration owner;Veroeffentlicht am;Registrierungsnummer;Registrierungsstelle;UUID des Vorgaengers;Version des Vorgaengers;URL des Vorgaengers;Bezugsgroesse;Bezugseinheit;Referenzfluss-UUID;Referenzfluss-Name;Schuettdichte (kg/m3);Flaechengewicht (kg/m2);Rohdichte (kg/m3);Schichtdicke (m);Ergiebigkeit (m2);Laengengewicht (kg/m);Stueckgewicht (kg);Umrechungsfaktor auf 1kg;biogener Kohlenstoffgehalt in kg;biogener Kohlenstoffgehalt (Verpackung) in kg;Modul;Szenario;Szenariobeschreibung;GWP;ODP;POCP;AP;EP;ADPE;ADPF;PERE;PERM;PERT;PENRE;PENRM;PENRT;SM;RSF;NRSF;FW;HWD;NHWD;RWD;CRU;MFR;MER;EEE;EET;AP (A2);GWPtotal (A2);GWPbiogenic (A2);GWPfossil (A2);GWPluluc (A2);ETPfw (A2);PM (A2);EPmarine (A2);EPfreshwater (A2);EPterrestrial (A2);HTPc (A2);HTPnc (A2);IRP (A2);SOP (A2);ODP (A2);POCP (A2);ADPF (A2);ADPE (A2);WDP (A2);RMI_FOSSILE;RMI_METALS;RMI_MINERALS;RMI_FORESTRY;RMI_AGRICULTURE;RMI_FISHERIES;RMI_ABIOTIC_SUBTOTAL;RMI_BIOTIC_SUBTOTAL;RMI_TOTAL;TMR_FOSSILE;TMR_METALS;TMR_MINERALS;TMR_FORESTRY;TMR_AGRICULTURE;TMR_FISHERIES;TMR_ABIOTIC_SUBTOTAL;TMR_BIOTIC_SUBTOTAL;TMR_TOTAL;
b1e401ba-5a54-4ba4-97aa-bbe707aa4647;00.01.000;;Woven glass fibre wall covering;;;'EN 15804+A2';;DE;specific dataset;2024;2029;;;2024-01-09;EPD-VIT-20230430-CBC1-EN;Institut Bauen und Umwelt e.V. (IBU);;;;1;qm;;1 m2 of woven glass fibre wall covering with an average grammage of around 0.145 kg/m2.;;;;;;;;;;;A1-A3;;;;;;;;;;2.31;0.328;2.64;12.4;0.0495;12.4;0.00957;0;0;0.00489;0.000000421;0.0605;0.000495;0;0;0;0;0;0.00363;0.704;-0.0474;0.752;0.000244;3.8;0.00000004;0.000785;0.0000054;0.00843;0.000000000486;0.0000000482;0.0534;7.13;0.0000000000038;0.00223;12.4;0.000000162;0.102;;;;;;;;;;;;;;;;;;;
b1e401ba-5a54-4ba4-97aa-bbe707aa4647;00.01.000;;Woven glass fibre wall covering;;;'EN 15804+A2';;DE;specific dataset;2024;2029;;;2024-01-09;EPD-VIT-20230430-CBC1-EN;Institut Bauen und Umwelt e.V. (IBU);;;;1;qm;;1 m2 of woven glass fibre wall covering with an average grammage of around 0.145 kg/m2.;;;;;;;;;;;A4;;;;;;;;;;0.000952;0;0.000952;0.0138;0;0.0138;0;0;0;0.0000011;0.0000000000000729;0.00000225;0.0000000256;0;0;0;0;0;0.00000113;0.00104;0.00000431;0.00103;0.00000705;0.00973;0.00000000000792;0.000000355;0.00000000374;0.00000427;0.000000000000201;0.0000000000108;0.00000386;0.00581;0.000000000000000103;0.000000966;0.0137;0.000000000105;0.0000117;;;;;;;;;;;;;;;;;;;
b1e401ba-5a54-4ba4-97aa-bbe707aa4647;00.01.000;;Woven glass fibre wall covering;;;'EN 15804+A2';;DE;specific dataset;2024;2029;;;2024-01-09;EPD-VIT-20230430-CBC1-EN;Institut Bauen und Umwelt e.V. (IBU);;;;1;qm;;1 m2 of woven glass fibre wall covering with an average grammage of around 0.145 kg/m2.;;;;;;;;;;;A5;;;;;;;;;;0.45;-0.328;0.122;0.623;-0.0495;0.573;0.000433;0;0;0.00032;0.0000000191;0.00999;0.000023;0;0;0;0.0303;0.0542;0.000173;0.07;0.0314;0.0386;0.0000119;0.178;0.00000000186;0.0000384;0.000000246;0.000419;0.0000000000224;0.00000000221;0.0025;0.326;0.000000000000176;0.000108;0.573;0.00000000745;0.00878;;;;;;;;;;;;;;;;;;;
b1e401ba-5a54-4ba4-97aa-bbe707aa4647;00.01.000;;Woven glass fibre wall covering;;;'EN 15804+A2';;DE;specific dataset;2024;2029;;;2024-01-09;EPD-VIT-20230430-CBC1-EN;Institut Bauen und Umwelt e.V. (IBU);;;;1;qm;;1 m2 of woven glass fibre wall covering with an average grammage of around 0.145 kg/m2.;;;;;;;;;;;C1;;;;;;;;;;0.0149;0;0.0149;0.0269;0;0.0269;0;0;0;0.0000142;0.00000000000232;0.0000202;0.00000429;0;0;0;0;0;0.00000325;0.00149;0.0000133;0.00148;0.000000313;0.0118;0.0000000000269;0.000000729;0.00000000432;0.00000765;0.000000000000338;0.0000000000124;0.000727;0.00968;0.0000000000000217;0.00000197;0.0269;0.000000000403;0.000338;;;;;;;;;;;;;;;;;;;
b1e401ba-5a54-4ba4-97aa-bbe707aa4647;00.01.000;;Woven glass fibre wall covering;;;'EN 15804+A2';;DE;specific dataset;2024;2029;;;2024-01-09;EPD-VIT-20230430-CBC1-EN;Institut Bauen und Umwelt e.V. (IBU);;;;1;qm;;1 m2 of woven glass fibre wall covering with an average grammage of around 0.145 kg/m2.;;;;;;;;;;;C2;;;;;;;;;;0.000562;0;0.000562;0.00814;0;0.00814;0;0;0;0.000000649;0.0000000000000431;0.00000133;0.0000000151;0;0;0;0;0;0.00000073;0.000613;0.00000254;0.000606;0.00000416;0.00575;0.00000000000486;0.000000243;0.00000000221;0.00000289;0.000000000000118;0.00000000000642;0.00000228;0.00343;0.0000000000000000607;0.000000634;0.00811;0.0000000000623;0.00000691;;;;;;;;;;;;;;;;;;;
b1e401ba-5a54-4ba4-97aa-bbe707aa4647;00.01.000;;Woven glass fibre wall covering;;;'EN 15804+A2';;DE;specific dataset;2024;2029;;;2024-01-09;EPD-VIT-20230430-CBC1-EN;Institut Bauen und Umwelt e.V. (IBU);;;;1;qm;;1 m2 of woven glass fibre wall covering with an average grammage of around 0.145 kg/m2.;;;;;;;;;;;C3;;;;;;;;;;0;0;0;0;0;0;0;0;0;0;0;0;0;0;0;0;0;0;0;0;0;0;0;0;0;0;0;0;0;0;0;0;0;0;0;0;0;;;;;;;;;;;;;;;;;;;
b1e401ba-5a54-4ba4-97aa-bbe707aa4647;00.01.000;;Woven glass fibre wall covering;;;'EN 15804+A2';;DE;specific dataset;2024;2029;;;2024-01-09;EPD-VIT-20230430-CBC1-EN;Institut Bauen und Umwelt e.V. (IBU);;;;1;qm;;1 m2 of woven glass fibre wall covering with an average grammage of around 0.145 kg/m2.;;;;;;;;;;;C4;;;;;;;;;;0.00424;0;0.00424;0.0283;0;0.0283;0;0;0;0.00000718;0.00000000000145;0.145;0.000000314;0;0;0;0;0;0.0000153;0.023;0.0208;0.00216;0.00000398;0.0158;0.000000000188;0.00000391;0.00000000365;0.000043;0.00000000000242;0.000000000267;0.0000349;0.00588;0.00000000000000507;0.0000119;0.0282;0.000000000221;0.000236;;;;;;;;;;;;;;;;;;;
b1e401ba-5a54-4ba4-97aa-bbe707aa4647;00.01.000;;Woven glass fibre wall covering;;;'EN 15804+A2';;DE;specific dataset;2024;2029;;;2024-01-09;EPD-VIT-20230430-CBC1-EN;Institut Bauen und Umwelt e.V. (IBU);;;;1;qm;;1 m2 of woven glass fibre wall covering with an average grammage of around 0.145 kg/m2.;;;;;;;;;;;D;;;;;;;;;;-0.0301;0;-0.0301;-0.109;0;-0.109;0;0;0;-0.0000289;-0.0000000000148;-0.0000553;-0.00000862;0;0;0;0;0;-0.00000846;-0.00646;-0.0000329;-0.00642;-0.000000707;-0.024;-0.0000000000701;-0.00000229;-0.00000000885;-0.0000246;-0.0000000000011;-0.0000000000423;-0.00146;-0.0195;-0.0000000000000435;-0.00000642;-0.109;-0.000000000971;-0.000685;;;;;;;;;;;;;;;;;;;
f4a96970-a92e-4992-8a0c-ca4ed3a6bc65;00.01.000;;ARDEX X 90;;;'EN 15804+A2';;DE;specific dataset;2024;2029;;;2024-02-16;EPD-ADX-20230537-IBA1-DE;Institut Bauen und Umwelt e.V. (IBU);;;;1;kg;;1 kg;;;;;;;;;;;A1-A3;;;;;;;;;;1.55;0.243;1.8;3.98;2.08;6.05;0;0;0;0.00219;0.000576;0.141;0.0000656;0;0;0;0;0;0.002;0.593;-0.0288;0.622;0.000479;;;0.000699;0.00000984;0.00608;;;;;0.0000000124;0.00144;6.02;0.000000789;0.108;;;;;;;;;;;;;;;;;;;
f4a96970-a92e-4992-8a0c-ca4ed3a6bc65;00.01.000;;ARDEX X 90;;;'EN 15804+A2';;DE;specific dataset;2024;2029;;;2024-02-16;EPD-ADX-20230537-IBA1-DE;Institut Bauen und Umwelt e.V. (IBU);;;;1;kg;;1 kg;;;;;;;;;;;A4;;;;;;;;;;0.11;0;0.11;1.64;0;1.64;0;0;0;0.0000977;0.00000000000276;0.000245;0.00000216;0;0;0;0;0;0.000241;0.12;0;0.119;0.00072;;;0.000104;0.000000284;0.00118;;;;;0.0000000000000297;0.000221;1.64;0.00000000872;0.000632;;;;;;;;;;;;;;;;;;;
f4a96970-a92e-4992-8a0c-ca4ed3a6bc65;00.01.000;;ARDEX X 90;;;'EN 15804+A2';;DE;specific dataset;2024;2029;;;2024-02-16;EPD-ADX-20230537-IBA1-DE;Institut Bauen und Umwelt e.V. (IBU);;;;1;kg;;1 kg;;;;;;;;;;;A5;;;;;;;;;;0.0714;-0.0701;0.00133;0.0494;-0.0439;0.00546;0;0;0;0.000368;0.0000000000000958;0.012;0.000000124;0;0;0;0.0147;0.0341;0.00000394;0.0103;0.00646;0.00382;0.000000604;;;0.00000115;0.00000000476;0.000016;;;;;0.00000000000000239;0.0000031;0.00546;0.0000000000226;0.00162;;;;;;;;;;;;;;;;;;;
f4a96970-a92e-4992-8a0c-ca4ed3a6bc65;00.01.000;;ARDEX X 90;;;'EN 15804+A2';;DE;specific dataset;2024;2029;;;2024-02-16;EPD-ADX-20230537-IBA1-DE;Institut Bauen und Umwelt e.V. (IBU);;;;1;kg;;1 kg;;;;;;;;;;;C1;;;;;;;;;;0.011;0;0.011;0.165;0;0.165;0;0;0;0.00000982;0.000000000000278;0.0000247;0.000000217;0;0;0;0;0;0.0000614;0.0123;0;0.0122;0.0000724;;;0.0000291;0.0000000285;0.000323;;;;;0.00000000000000299;0.0000814;0.165;0.000000000876;0.0000636;;;;;;;;;;;;;;;;;;;
f4a96970-a92e-4992-8a0c-ca4ed3a6bc65;00.01.000;;ARDEX X 90;;;'EN 15804+A2';;DE;specific dataset;2024;2029;;;2024-02-16;EPD-ADX-20230537-IBA1-DE;Institut Bauen und Umwelt e.V. (IBU);;;;1;kg;;1 kg;;;;;;;;;;;C2;;;;;;;;;;0.0642;0;0.0642;0.96;0;0.96;0;0;0;0.0000571;0.00000000000162;0.000144;0.00000126;0;0;0;0;0;0.000141;0.0702;0;0.0698;0.000421;;;0.0000608;0.000000166;0.000689;;;;;0.0000000000000174;0.000129;0.958;0.0000000051;0.00037;;;;;;;;;;;;;;;;;;;
f4a96970-a92e-4992-8a0c-ca4ed3a6bc65;00.01.000;;ARDEX X 90;;;'EN 15804+A2';;DE;specific dataset;2024;2029;;;2024-02-16;EPD-ADX-20230537-IBA1-DE;Institut Bauen und Umwelt e.V. (IBU);;;;1;kg;;1 kg;;;;;;;;;;;C4;;;;;;;;;;0.0383;0;0.0383;0.234;0;0.234;0;0;0;0.000059;0.00000000000504;1.17;0.00000263;0;0;0;0;0;0.000125;0.044;0.0266;0.0173;0.0000546;;;0.0000322;0.0000000355;0.000354;;;;;0.0000000000000452;0.0000972;0.234;0.000000000815;0.00192;;;;;;;;;;;;;;;;;;;
f4a96970-a92e-4992-8a0c-ca4ed3a6bc65;00.01.000;;ARDEX X 90;;;'EN 15804+A2';;DE;specific dataset;2024;2029;;;2024-02-16;EPD-ADX-20230537-IBA1-DE;Institut Bauen und Umwelt e.V. (IBU);;;;1;kg;;1 kg;;;;;;;;;;;D;;;;;;;;;;-0.0242;0;-0.0242;-0.062;0;-0.062;0;0;0;-0.00000837;-0.00000000000405;-0.0000337;-0.00000243;0;0;0;0;0;-0.00000401;-0.00398;-0.0000274;-0.00396;-0.000000355;;;-0.00000148;-0.0000000103;-0.0000157;;;;;-0.0000000000000543;-0.00000381;-0.062;-0.000000000344;-0.0000533;;;;;;;;;;;;;;;;;;;
5c20b049-8cec-4385-a1d6-ffadc0a030f6;00.01.000;;CEM III/A 42,5 L-LH (na);;;'EN 15804+A2';;DE;specific dataset;2024;2029;;;2024-11-26;EPD-CEM-20240348-CAA1-DE;Institut Bauen und Umwelt e.V. (IBU);;;;;;;Zement, lose Siloware (unverpackt) / 1000 kg;;;;;;;;;;;A1-A3;;;;;;;;;;57.4;0;57.4;2690;0;2690;652;454;326;0.723;0.0985;0.54;;0;0;0;0;0;1.75;408;0.0507;408;0.0507;54.2;0.0000152;0.00671;0.103;2.52;0.000000882;0.0000115;;539;0.0000139;0.806;2690;0.000121;27.3;;;;;;;;;;;;;;;;;;;
7f2345a9-f4cc-44fa-bb6f-a1d43a734f3f;00.01.000;;Crane Manual Revolving Door - AL 1000/2000/3000;;;'EN 15804+A2';;US;specific dataset;2023;2028;;;2023-11-27;EPD-DOR-20230450-CBA2-EN;Institut Bauen und Umwelt e.V. (IBU);;;;1;pcs.;;1 piece of the product: Manual Revolving Door AL 1000/2000/3000 including packaging;;;;;;;;;;;A1-A3;;;;;;;;;;13700;0;13700;45600;896;46500;2.16;0;0;32.7;0.0000308;585;2.93;0;0;0;0;0;14.1;3270;3.07;3260;1.28;22400;0.000129;2.31;0.00248;25.5;0.00000195;0.0000466;430;3840;0.0000000000232;6.32;46400;0.143;511;;;;;;;;;;;;;;;;;;;
7f2345a9-f4cc-44fa-bb6f-a1d43a734f3f;00.01.000;;Crane Manual Revolving Door - AL 1000/2000/3000;;;'EN 15804+A2';;US;specific dataset;2023;2028;;;2023-11-27;EPD-DOR-20230450-CBA2-EN;Institut Bauen und Umwelt e.V. (IBU);;;;1;pcs.;;1 piece of the product: Manual Revolving Door AL 1000/2000/3000 including packaging;;;;;;;;;;;A4;;;;;;;;;;0.221;0;0.221;70.1;0;70.1;0;0;0;0.000396;0.0000000068;0.007;0.0000753;0;0;0;0;0;0.005;5.17;0.228;4.94;0.000118;49.7;0.000000026;0.002;0.00000106;0.017;0.000000000934;0.00000004;0.011;0.18;0.000000000000000522;0.004;70.1;0.000000148;0.01;;;;;;;;;;;;;;;;;;;
7f2345a9-f4cc-44fa-bb6f-a1d43a734f3f;00.01.000;;Crane Manual Revolving Door - AL 1000/2000/3000;;;'EN 15804+A2';;US;specific dataset;2023;2028;;;2023-11-27;EPD-DOR-20230450-CBA2-EN;Institut Bauen und Umwelt e.V. (IBU);;;;1;pcs.;;1 piece of the product: Manual Revolving Door AL 1000/2000/3000 including packaging;;;;;;;;;;;A5;;;;;;;;;;2.76;0;2.76;398;-387;10.6;0;0;0;0.056;0.0000000404;2.38;0.000394;0;0;0;42.4;97.3;0.004;22.9;0.000533;22.9;0.001;3.98;0.000000052;0.000918;0.00000184;0.019;0.000000000345;0.0000000349;0.035;3.18;0.0000000000000115;0.003;10.6;0.000000158;2.34;;;;;;;;;;;;;;;;;;;
7f2345a9-f4cc-44fa-bb6f-a1d43a734f3f;00.01.000;;Crane Manual Revolving Door - AL 1000/2000/3000;;;'EN 15804+A2';;US;specific dataset;2023;2028;;;2023-11-27;EPD-DOR-20230450-CBA2-EN;Institut Bauen und Umwelt e.V. (IBU);;;;1;pcs.;;1 piece of the product: Manual Revolving Door AL 1000/2000/3000 including packaging;;;;;;;;;;;C1;;;;;;;;;;0;0;0;0;0;0;0;0;0;0;0;0;0;0;0;0;0;0;0;0;0;0;0;0;0;0;0;0;0;0;0;0;0;0;0;0;0;;;;;;;;;;;;;;;;;;;
7f2345a9-f4cc-44fa-bb6f-a1d43a734f3f;00.01.000;;Crane Manual Revolving Door - AL 1000/2000/3000;;;'EN 15804+A2';;US;specific dataset;2023;2028;;;2023-11-27;EPD-DOR-20230450-CBA2-EN;Institut Bauen und Umwelt e.V. (IBU);;;;1;pcs.;;1 piece of the product: Manual Revolving Door AL 1000/2000/3000 including packaging;;;;;;;;;;;C2;;;;;;;;;;0.109;0;0.109;34.5;0;34.5;0;0;0;0.000195;0.00000000335;0.004;0.0000371;0;0;0;0;0;0.002;2.55;0.112;2.43;0.0000579;24.5;0.0000000128;0.000775;0.000000521;0.009;0.00000000046;0.0000000197;0.005;0.089;0.000000000000000257;0.002;34.5;0.000000073;0.005;;;;;;;;;;;;;;;;;;;
7f2345a9-f4cc-44fa-bb6f-a1d43a734f3f;00.01.000;;Crane Manual Revolving Door - AL 1000/2000/3000;;;'EN 15804+A2';;US;specific dataset;2023;2028;;;2023-11-27;EPD-DOR-20230450-CBA2-EN;Institut Bauen und Umwelt e.V. (IBU);;;;1;pcs.;;1 piece of the product: Manual Revolving Door AL 1000/2000/3000 including packaging;;;;;;;;;;;C3;;;;;;;;;;4.89;0;4.89;528;-509;18.8;0;0;0;0.099;0.0000000717;4.21;0.000698;0;314;0;75.1;172;0.007;40.6;0.000945;40.6;0.002;7.06;0.0000000922;0.002;0.00000326;0.033;0.000000000611;0.0000000619;0.063;5.63;0.0000000000000205;0.005;18.8;0.000000281;4.15;;;;;;;;;;;;;;;;;;;
7f2345a9-f4cc-44fa-bb6f-a1d43a734f3f;00.01.000;;Crane Manual Revolving Door - AL 1000/2000/3000;;;'EN 15804+A2';;US;specific dataset;2023;2028;;;2023-11-27;EPD-DOR-20230450-CBA2-EN;Institut Bauen und Umwelt e.V. (IBU);;;;1;pcs.;;1 piece of the product: Manual Revolving Door AL 1000/2000/3000 including packaging;;;;;;;;;;;C4;;;;;;;;;;6.58;0;6.58;50.2;0;50.2;0;0;0;0.013;0.000000765;252;0.000572;0;0;0;0;0;0.027;3.85;0.013;3.83;0.011;28.7;0.00000034;0.007;0.00000657;0.078;0.00000000425;0.000000468;0.059;10.5;0.0000000000000142;0.021;50.2;0.000000344;0.401;;;;;;;;;;;;;;;;;;;
7f2345a9-f4cc-44fa-bb6f-a1d43a734f3f;00.01.000;;Crane Manual Revolving Door - AL 1000/2000/3000;;;'EN 15804+A2';;US;specific dataset;2023;2028;;;2023-11-27;EPD-DOR-20230450-CBA2-EN;Institut Bauen und Umwelt e.V. (IBU);;;;1;pcs.;;1 piece of the product: Manual Revolving Door AL 1000/2000/3000 including packaging;;;;;;;;;;;D;;;;;;;;;;-8990;0;-8990;-20600;0;-20600;0;0;0;-16.1;-0.000185;-325;-2.15;0;0;0;0;0;-5.6;-1490;-4.57;-1490;-0.271;-7570;-0.0000884;-0.746;-0.001;-8.05;0.000000206;0.0000487;-426;-595;-0.0000000102;-2.43;-20600;-0.055;-89.3;;;;;;;;;;;;;;;;;;;
9246cc14-5669-4f35-b2a8-dc66e4100594;00.01.000;;BEST 9K Cylindrical Series;;;'EN 15804+A2';;US;specific dataset;2022;2027;;;2022-05-04;EPD-DOR-20210340-CBA7-EN;Institut Bauen und Umwelt e.V. (IBU);;;;1;cylindrical;;1 cylindrical lock (1 piece);;;;;;;;;;;A1-A3;;;;;;;;;;30.3;2.16;32.5;82.1;0.058;82.2;0.48;0;0;0.05;0.00000025;0.495;0.0067;0;0;0;0;0;0.024;5.74;-0.272;6.01;0.0066;38.1;0.000000278;0.00433;0.0000223;0.0411;0.000000223;0.00000046;0.683;56.2;0.0000000000123;0.0119;82.1;0.00402;1.9;;;;;;;;;;;;;;;;;;;
9246cc14-5669-4f35-b2a8-dc66e4100594;00.01.000;;BEST 9K Cylindrical Series;;;'EN 15804+A2';;US;specific dataset;2022;2027;;;2022-05-04;EPD-DOR-20210340-CBA7-EN;Institut Bauen und Umwelt e.V. (IBU);;;;1;cylindrical;;1 cylindrical lock (1 piece);;;;;;;;;;;A4;;;;;;;;;;0.014;0;0.014;4.53;0;4.53;0;0;0;0.0000258;0.00000000044;0.000463;0.00000489;0;0;0;0;0;0.003;0.341;0.012;0.329;0.00000761;3.2;0.0000000442;0.000745;0.0000000711;0.008;0.0000000000603;0.00000000263;0.0007;0.012;0.000000000000000034;0.002;4.52;0.00000000957;0.000633;;;;;;;;;;;;;;;;;;;
9246cc14-5669-4f35-b2a8-dc66e4100594;00.01.000;;BEST 9K Cylindrical Series;;;'EN 15804+A2';;US;specific dataset;2022;2027;;;2022-05-04;EPD-DOR-20210340-CBA7-EN;Institut Bauen und Umwelt e.V. (IBU);;;;1;cylindrical;;1 cylindrical lock (1 piece);;;;;;;;;;;A5;;;;;;;;;;;;;0.08;0;0.08;0;0;0;0.000737;0.000000000117;0.008;0.00000419;0;0;0;0.382;0.692;0.0000707;0.252;0.246;0.006;0.00000415;0.038;0.000000000392;0.0000255;0.0000000089;0.000318;0.000000000002;0.0000000000867;0.000648;0.021;0.0000000000000000455;0.0000677;0.08;0.000000000718;0.031;;;;;;;;;;;;;;;;;;;
9246cc14-5669-4f35-b2a8-dc66e4100594;00.01.000;;BEST 9K Cylindrical Series;;;'EN 15804+A2';;US;specific dataset;2022;2027;;;2022-05-04;EPD-DOR-20210340-CBA7-EN;Institut Bauen und Umwelt e.V. (IBU);;;;1;cylindrical;;1 cylindrical lock (1 piece);;;;;;;;;;;B6;;;;;;;;;;315;0;315;1990;0;1990;0;0;0;0.728;0.000000766;0.618;0.177;0;0;0;0;0;0.199;123;0.027;123;0.037;594;0.00000178;0.043;0.0000672;0.457;0.0000000128;0.000000483;14.7;182;0.000000000000433;0.122;1990;0.0000245;23.8;;;;;;;;;;;;;;;;;;;
9246cc14-5669-4f35-b2a8-dc66e4100594;00.01.000;;BEST 9K Cylindrical Series;;;'EN 15804+A2';;US;specific dataset;2022;2027;;;2022-05-04;EPD-DOR-20210340-CBA7-EN;Institut Bauen und Umwelt e.V. (IBU);;;;1;cylindrical;;1 cylindrical lock (1 piece);;;;;;;;;;;C1;;;;;;;;;;0;0;0;0;0;0;0;0;0;0;0;0;0;0;0;0;0;0;0;0;0;0;0;0;0;0;0;0;0;0;0;0;0;0;0;0;0;;;;;;;;;;;;;;;;;;;
9246cc14-5669-4f35-b2a8-dc66e4100594;00.01.000;;BEST 9K Cylindrical Series;;;'EN 15804+A2';;US;specific dataset;2022;2027;;;2022-05-04;EPD-DOR-20210340-CBA7-EN;Institut Bauen und Umwelt e.V. (IBU);;;;1;cylindrical;;1 cylindrical lock (1 piece);;;;;;;;;;;C2;;;;;;;;;;0.000354;0;0.000354;0.112;0;0.112;0;0;0;0.000000635;0.0000000000109;0.0000115;0.000000121;0;0;0;0;0;0.00000792;;;;;0.08;0.0000000000416;0.00000252;0.00000000169;0.000028;0.0000000000015;0.000000000064;0.0000172;0.000288;0.000000000000000000835;0.00000712;0.112;0.000000000237;0.0000155;;;;;;;;;;;;;;;;;;;
9246cc14-5669-4f35-b2a8-dc66e4100594;00.01.000;;BEST 9K Cylindrical Series;;;'EN 15804+A2';;US;specific dataset;2022;2027;;;2022-05-04;EPD-DOR-20210340-CBA7-EN;Institut Bauen und Umwelt e.V. (IBU);;;;1;cylindrical;;1 cylindrical lock (1 piece);;;;;;;;;;;C3;;;;;;;;;;;;;;;;0;0;0;0.0000187;0.0000000000135;0.000792;0.000000131;0;1.74;0;0;0;0.00000136;0.008;0.000000178;0.008;0.000000431;0.001;0.0000000000173;0.000000306;0.000000000613;0.00000618;0.000000000000115;0.0000000000116;0.0000118;0.001;0.00000000000000000385;0.000000847;0.004;0.0000000000527;0.00078;;;;;;;;;;;;;;;;;;;
9246cc14-5669-4f35-b2a8-dc66e4100594;00.01.000;;BEST 9K Cylindrical Series;;;'EN 15804+A2';;US;specific dataset;2022;2027;;;2022-05-04;EPD-DOR-20210340-CBA7-EN;Institut Bauen und Umwelt e.V. (IBU);;;;1;cylindrical;;1 cylindrical lock (1 piece);;;;;;;;;;;C4;;;;;;;;;;0.004;0;0.004;0.03;0;0.03;0;0;0;0.00000763;0.000000000461;0.152;0.000000344;0;0;0;0;0;0.0000165;0.002;0.00000788;0.002;0.00000664;0.017;0.000000000205;0.00000426;0.00000000396;0.0000468;0.00000000000256;0.000000000282;0.0000354;0.006;0.00000000000000000855;0.0000129;0.03;0.000000000207;0.000242;;;;;;;;;;;;;;;;;;;
9246cc14-5669-4f35-b2a8-dc66e4100594;00.01.000;;BEST 9K Cylindrical Series;;;'EN 15804+A2';;US;specific dataset;2022;2027;;;2022-05-04;EPD-DOR-20210340-CBA7-EN;Institut Bauen und Umwelt e.V. (IBU);;;;1;cylindrical;;1 cylindrical lock (1 piece);;;;;;;;;;;D;;;;;;;;;;-9.39;0;-9.39;-49.6;0;-49.6;0;0;0;-0.03;-0.00000177;0.094;-0.002;0;0;0;0;0;-0.018;-4.08;-0.006;-4.07;-0.003;-20.8;-0.00000025;-0.003;-0.00000951;-0.027;0.000000011;0.00000138;-0.229;-2.89;-0.000000000000163;-0.009;-49.6;-0.001;-0.883;;;;;;;;;;;;;;;;;;;
c9a388db-a1c1-4aa5-85f3-11d0af10e166;00.01.000;;Electronic Safe Lock CenconX - Electronic Safe Lock;;;'EN 15804+A2';;;specific dataset;2025;2027;;;2025-06-25;EPD-DOR-20250391-CBA1-EN;Institut Bauen und Umwelt e.V. (IBU);;;;1;Electronic;;"1 Electronic Safe Lock CenconX (1 piece), consisting of the following items: swing bolt, dual handed; keypad with OLED display (excluding batteries and any energy supply modules)";;;;;;;;;;;A1-A3;;;;;;;;;;30.3;0.177;30.6;211;3.43;214;0.0317;0;0;0.0756;0.0000021;0.372;0.00946;0;0;0;0.00247;0.00447;0.109;15.1;0.0172;15.1;0.00864;122;0.00000104;0.0158;0.0000326;0.171;0.00000000531;0.000000377;0.927;50.5;0.00000000024;0.0473;213;0.00408;2.58;;;;;;;;;;;;;;;;;;;
c9a388db-a1c1-4aa5-85f3-11d0af10e166;00.01.000;;Electronic Safe Lock CenconX - Electronic Safe Lock;;;'EN 15804+A2';;;specific dataset;2025;2027;;;2025-06-25;EPD-DOR-20250391-CBA1-EN;Institut Bauen und Umwelt e.V. (IBU);;;;1;Electronic;;"1 Electronic Safe Lock CenconX (1 piece), consisting of the following items: swing bolt, dual handed; keypad with OLED display (excluding batteries and any energy supply modules)";;;;;;;;;;;A4;;;;;;;;;;0.0348;0;0.0348;14.4;0;14.4;0;0;0;0.0000674;0.00000000138;0.00146;0.0000118;0;0;0;0;0;0.00432;1.06;0.00178;1.06;0.0000222;10.2;0.000000014;0.00192;0.000000174;0.0211;0.000000000192;0.00000000885;0.00161;0.0294;0.0000000000000000772;0.00548;14.4;0.0000000301;0.00161;;;;;;;;;;;;;;;;;;;
c9a388db-a1c1-4aa5-85f3-11d0af10e166;00.01.000;;Electronic Safe Lock CenconX - Electronic Safe Lock;;;'EN 15804+A2';;;specific dataset;2025;2027;;;2025-06-25;EPD-DOR-20250391-CBA1-EN;Institut Bauen und Umwelt e.V. (IBU);;;;1;Electronic;;"1 Electronic Safe Lock CenconX (1 piece), consisting of the following items: swing bolt, dual handed; keypad with OLED display (excluding batteries and any energy supply modules)";;;;;;;;;;;A5;;;;;;;;;;0.152;-0.151;0.00102;0.00564;0;0.00564;0;0;0;0.0000521;0.00000000000831;0.00056;0.000000296;0;0;0;0.027;0.049;0.000005;0.0179;0.0174;0.000447;0.000000294;0.00268;0.0000000000277;0.00000181;0.00000000063;0.0000225;0.000000000000142;0.00000000000613;0.0000459;0.0015;0.00000000000000000322;0.00000479;0.00564;0.0000000000509;0.00221;;;;;;;;;;;;;;;;;;;
c9a388db-a1c1-4aa5-85f3-11d0af10e166;00.01.000;;Electronic Safe Lock CenconX - Electronic Safe Lock;;;'EN 15804+A2';;;specific dataset;2025;2027;;;2025-06-25;EPD-DOR-20250391-CBA1-EN;Institut Bauen und Umwelt e.V. (IBU);;;;1;Electronic;;"1 Electronic Safe Lock CenconX (1 piece), consisting of the following items: swing bolt, dual handed; keypad with OLED display (excluding batteries and any energy supply modules)";;;;;;;;;;;B2;;;;;;;;;;0.777;0;0.777;3.86;0;3.86;0;0;0;0.00174;0.0000000484;0.0727;0.0000897;0;0;0;0;0;0.000936;0.3;0.000526;0.3;0.000288;13.2;0.00000000982;0.000205;0.000000481;0.00259;0.0000000000669;0.00000000774;0.00882;0.376;0.00000000000565;0.000563;3.86;0.00000132;0.0403;;;;;;;;;;;;;;;;;;;
c9a388db-a1c1-4aa5-85f3-11d0af10e166;00.01.000;;Electronic Safe Lock CenconX - Electronic Safe Lock;;;'EN 15804+A2';;;specific dataset;2025;2027;;;2025-06-25;EPD-DOR-20250391-CBA1-EN;Institut Bauen und Umwelt e.V. (IBU);;;;1;Electronic;;"1 Electronic Safe Lock CenconX (1 piece), consisting of the following items: swing bolt, dual handed; keypad with OLED display (excluding batteries and any energy supply modules)";;;;;;;;;;;C1;;;;;;;;;;0;0;0;0;0;0;0;0;0;0;0;0;0;0;0;0;0;0;0;0;0;0;0;0;0;0;0;0;0;0;0;0;0;0;0;0;0;;;;;;;;;;;;;;;;;;;
c9a388db-a1c1-4aa5-85f3-11d0af10e166;00.01.000;;Electronic Safe Lock CenconX - Electronic Safe Lock;;;'EN 15804+A2';;;specific dataset;2025;2027;;;2025-06-25;EPD-DOR-20250391-CBA1-EN;Institut Bauen und Umwelt e.V. (IBU);;;;1;Electronic;;"1 Electronic Safe Lock CenconX (1 piece), consisting of the following items: swing bolt, dual handed; keypad with OLED display (excluding batteries and any energy supply modules)";;;;;;;;;;;C2;;;;;;;;;;0.000113;0;0.000113;0.036;0;0.036;0;0;0;0.000000203;0.00000000000349;0.00000368;0.0000000386;0;0;0;0;0;0.00000254;0.00265;0.000117;0.00253;0.0000000603;0.0255;0.0000000000133;0.000000807;0.000000000542;0.00000897;0.000000000000479;0.0000000000205;0.00000552;0.0000924;0.000000000000000000268;0.00000228;0.0359;0.000000000076;0.00000497;;;;;;;;;;;;;;;;;;;
c9a388db-a1c1-4aa5-85f3-11d0af10e166;00.01.000;;Electronic Safe Lock CenconX - Electronic Safe Lock;;;'EN 15804+A2';;;specific dataset;2025;2027;;;2025-06-25;EPD-DOR-20250391-CBA1-EN;Institut Bauen und Umwelt e.V. (IBU);;;;1;Electronic;;"1 Electronic Safe Lock CenconX (1 piece), consisting of the following items: swing bolt, dual handed; keypad with OLED display (excluding batteries and any energy supply modules)";;;;;;;;;;;C3;;;;;;;;;;0.0563;-0.0264;0.0299;;;;0;0;0;0.000613;0.000000000437;0.0257;0.0000043;0;0.487;0;0;0;0.0000445;0.251;0.00395;0.247;0.000014;0.0433;0.000000000564;0.0000101;0.0000000199;0.000203;0.00000000000374;0.000000000377;0.00039;0.0345;0.000000000000000125;0.0000279;0.115;0.00000000171;0.0257;;;;;;;;;;;;;;;;;;;
c9a388db-a1c1-4aa5-85f3-11d0af10e166;00.01.000;;Electronic Safe Lock CenconX - Electronic Safe Lock;;;'EN 15804+A2';;;specific dataset;2025;2027;;;2025-06-25;EPD-DOR-20250391-CBA1-EN;Institut Bauen und Umwelt e.V. (IBU);;;;1;Electronic;;"1 Electronic Safe Lock CenconX (1 piece), consisting of the following items: swing bolt, dual handed; keypad with OLED display (excluding batteries and any energy supply modules)";;;;;;;;;;;C4;;;;;;;;;;0.000513;0;0.000513;0.00392;0;0.00392;0;0;0;0.000000987;0.0000000000597;0.0197;0.0000000446;0;0;0;0;0;0.00000214;0.0003;0.00000102;0.000298;0.000000859;0.00224;0.0000000000265;0.000000551;0.000000000512;0.00000605;0.000000000000331;0.0000000000365;0.00000459;0.000816;0.00000000000000000111;0.00000167;0.00391;0.0000000000268;0.0000313;;;;;;;;;;;;;;;;;;;
c9a388db-a1c1-4aa5-85f3-11d0af10e166;00.01.000;;Electronic Safe Lock CenconX - Electronic Safe Lock;;;'EN 15804+A2';;;specific dataset;2025;2027;;;2025-06-25;EPD-DOR-20250391-CBA1-EN;Institut Bauen und Umwelt e.V. (IBU);;;;1;Electronic;;"1 Electronic Safe Lock CenconX (1 piece), consisting of the following items: swing bolt, dual handed; keypad with OLED display (excluding batteries and any energy supply modules)";;;;;;;;;;;D;;;;;;;;;;-5.3;0;-5.3;-41.1;0;-41.1;0;0;0;-0.0172;-0.000000594;0.00419;-0.00132;0;0;0;0;0;-0.041;-3.61;-0.00766;-3.6;-0.0015;-11.8;-0.00000037;-0.00508;-0.00000425;-0.0553;0.00000000481;0.000000576;-0.138;-2.57;-0.0000000000000118;-0.016;-41.1;-0.00223;-0.584;;;;;;;;;;;;;;;;;;;
c9a388db-a1c1-4aa5-85f3-11d0af10e166;00.01.000;;Electronic Safe Lock CenconX - Electronic Safe Lock;;;'EN 15804+A2';;;specific dataset;2025;2027;;;2025-06-25;EPD-DOR-20250391-CBA1-EN;Institut Bauen und Umwelt e.V. (IBU);;;;1;Electronic;;"1 Electronic Safe Lock CenconX (1 piece), consisting of the following items: swing bolt, dual handed; keypad with OLED display (excluding batteries and any energy supply modules)";;;;;;;;;;;B6/1;;;;;;;;;;0.119;0;0.119;0.268;0;0.268;0;0;0;0.000137;0.000000000111;0.00019;0.0000406;0;0;0;0;0;0.0000336;0.0153;0.0000507;0.0152;0.0000221;0.114;0.000000000282;0.00000746;0.0000000406;0.0000784;0.00000000000316;0.000000000116;0.00666;0.0852;0.000000000000000335;0.0000204;0.267;0.0000000044;0.00332;;;;;;;;;;;;;;;;;;;
c9a388db-a1c1-4aa5-85f3-11d0af10e166;00.01.000;;Electronic Safe Lock CenconX - Electronic Safe Lock;;;'EN 15804+A2';;;specific dataset;2025;2027;;;2025-06-25;EPD-DOR-20250391-CBA1-EN;Institut Bauen und Umwelt e.V. (IBU);;;;1;Electronic;;"1 Electronic Safe Lock CenconX (1 piece), consisting of the following items: swing bolt, dual handed; keypad with OLED display (excluding batteries and any energy supply modules)";;;;;;;;;;;B6/2;;;;;;;;;;0.0621;0;0.0621;0.342;0;0.342;0;0;0;0.000136;0.000000000134;0.000118;0.0000277;0;0;0;0;0;0.0000632;0.0226;0.00000948;0.0226;0.0000113;0.0986;0.000000000754;0.0000117;0.0000000155;0.000127;0.00000000000273;0.000000000107;0.00262;0.0393;0.000000000000000109;0.0000337;0.341;0.00000000397;0.00483;;;;;;;;;;;;;;;;;;;
f9b5810a-d003-49b9-b0fd-136f1899c143;00.01.000;;VELUX Commercial acrylic dome rooflights (Akrylovenlys);;;'EN 15804+A2';;RER;specific dataset;2024;2029;;;2024-07-23;EPD-VEL-20240210-IBA1-EN;Institut Bauen und Umwelt e.V. (IBU);;;;1;qm;;1 m2 of VELUX Commercial acrylic dome rooflights (Akrylovenlys).;;;;;;;;;;;A1-A3;;;;;;;;;;164;102;266;1150;385;1530;0.267;0;0;1.62;0.00639;12.8;0.0043;0;0.0579;0;3.22;5.55;0.359;71;-8.74;79.7;0.0874;2270;0.00000415;0.069;0.00242;0.809;0.000000114;0.000000924;2.58;1310;0.00000347;0.308;1530;0.000544;31.9;;;;;;;;;;;;;;;;;;;
f9b5810a-d003-49b9-b0fd-136f1899c143;00.01.000;;VELUX Commercial acrylic dome rooflights (Akrylovenlys);;;'EN 15804+A2';;RER;specific dataset;2024;2029;;;2024-07-23;EPD-VEL-20240210-IBA1-EN;Institut Bauen und Umwelt e.V. (IBU);;;;1;qm;;1 m2 of VELUX Commercial acrylic dome rooflights (Akrylovenlys).;;;;;;;;;;;C1;;;;;;;;;;0;0;0;0;0;0;0;0;0;0;0;0;0;0;0;0;0;0;0;0;0;0;0;0;0;0;0;0;0;0;0;0;0;0;0;0;0;;;;;;;;;;;;;;;;;;;
f9b5810a-d003-49b9-b0fd-136f1899c143;00.01.000;;VELUX Commercial acrylic dome rooflights (Akrylovenlys);;;'EN 15804+A2';;RER;specific dataset;2024;2029;;;2024-07-23;EPD-VEL-20240210-IBA1-EN;Institut Bauen und Umwelt e.V. (IBU);;;;1;qm;;1 m2 of VELUX Commercial acrylic dome rooflights (Akrylovenlys).;;;;;;;;;;;C2;;;;;;;;;;0.0643;0;0.0643;4.13;0;4.13;0;0;0;0.00112;0.000026;0.263;0.00000242;0;0;0;0;0;0.00134;0.286;0.00024;0.286;0.00014;2.03;0.0000000281;0.000526;0.00000235;0.00568;0.000000000154;0.0000000032;0.00214;3.1;0.00000000627;0.00198;4.13;0.000000891;0.018;;;;;;;;;;;;;;;;;;;
f9b5810a-d003-49b9-b0fd-136f1899c143;00.01.000;;VELUX Commercial acrylic dome rooflights (Akrylovenlys);;;'EN 15804+A2';;RER;specific dataset;2024;2029;;;2024-07-23;EPD-VEL-20240210-IBA1-EN;Institut Bauen und Umwelt e.V. (IBU);;;;1;qm;;1 m2 of VELUX Commercial acrylic dome rooflights (Akrylovenlys).;;;;;;;;;;;C3;;;;;;;;;;;;;407;-385;21.7;0;0;0;0.0298;0.000114;1.1;0.0000573;0;0.863;0;87.7;151;0.0177;39.4;8.66;30.7;0.00117;79.8;0.000000291;0.00778;0.0000653;0.0852;0.00000000765;0.0000000465;0.0343;3.24;0.000000189;0.0237;21.6;0.0000039;0.363;;;;;;;;;;;;;;;;;;;
f9b5810a-d003-49b9-b0fd-136f1899c143;00.01.000;;VELUX Commercial acrylic dome rooflights (Akrylovenlys);;;'EN 15804+A2';;RER;specific dataset;2024;2029;;;2024-07-23;EPD-VEL-20240210-IBA1-EN;Institut Bauen und Umwelt e.V. (IBU);;;;1;qm;;1 m2 of VELUX Commercial acrylic dome rooflights (Akrylovenlys).;;;;;;;;;;;C4;;;;;;;;;;0;0;0;0;0;0;0;0;0;0;0;0;0;0;0;0;0;0;0;0;0;0;0;0;0;0;0;0;0;0;0;0;0;0;0;0;0;;;;;;;;;;;;;;;;;;;
f9b5810a-d003-49b9-b0fd-136f1899c143;00.01.000;;VELUX Commercial acrylic dome rooflights (Akrylovenlys);;;'EN 15804+A2';;RER;specific dataset;2024;2029;;;2024-07-23;EPD-VEL-20240210-IBA1-EN;Institut Bauen und Umwelt e.V. (IBU);;;;1;qm;;1 m2 of VELUX Commercial acrylic dome rooflights (Akrylovenlys).;;;;;;;;;;;D;;;;;;;;;;-137;0;-137;-876;0;-876;0.654;0;0;-0.275;-0.000534;-4.75;-0.00553;0;0.863;0;0;0;-0.146;-64.8;-4.36;-60.4;-0.0968;-162;-0.000001;-0.0268;-0.00678;-0.323;-0.0000000167;-0.000000296;-2.44;-105;-0.00000096;-0.104;-862;-0.0000475;-2.69;;;;;;;;;;;;;;;;;;;
307b7763-64cd-4448-9ce5-2fff9d2b31f0;00.01.000;;AQUAPANEL® Cement Board Rooftop 12,5 mm;;;'EN 15804+A2';;DE;specific dataset;2021;2026;;;2021-06-08;EPD-USG-20210120-IBA1-DE;Institut Bauen und Umwelt e.V. (IBU);;;;1;qm;;1 m² AQUAPANEL® Cement Board Rooftop 12,5 mm;;;;;;;;;;;A1;;;;;;;;;;5.24;0;5.24;36.44;0;36.44;0.06;2.4;4.57;0.00817;0.0000149;0.0731;0.000772;;;;;;0.00803;4.94;0.0276;4.91;0.00237;;;0.00217;0.00000405;0.0236;;;;;0.0000000000000217;0.00666;36.19;0.000000397;0.236;;;;;;;;;;;;;;;;;;;
307b7763-64cd-4448-9ce5-2fff9d2b31f0;00.01.000;;AQUAPANEL® Cement Board Rooftop 12,5 mm;;;'EN 15804+A2';;DE;specific dataset;2021;2026;;;2021-06-08;EPD-USG-20210120-IBA1-DE;Institut Bauen und Umwelt e.V. (IBU);;;;1;qm;;1 m² AQUAPANEL® Cement Board Rooftop 12,5 mm;;;;;;;;;;;A2;;;;;;;;;;0.04;0;0.04;0.62;0;0.62;0;0;0;0.0000323;0.0000000231;0.000109;0.000000652;;;;;;0.000269;0.05;0.0000187;0.05;0.000195;;;0.000132;0.000000101;0.00146;;;;;0.0000000000000000114;0.000252;0.62;0.00000000387;0.000201;;;;;;;;;;;;;;;;;;;
307b7763-64cd-4448-9ce5-2fff9d2b31f0;00.01.000;;AQUAPANEL® Cement Board Rooftop 12,5 mm;;;'EN 15804+A2';;DE;specific dataset;2021;2026;;;2021-06-08;EPD-USG-20210120-IBA1-DE;Institut Bauen und Umwelt e.V. (IBU);;;;1;qm;;1 m² AQUAPANEL® Cement Board Rooftop 12,5 mm;;;;;;;;;;;A3;;;;;;;;;;2.04;0;2.04;3.55;0;3.55;0;0;0;0.0011;0.00000000238;0.00273;0.000296;;;;;;0.000433;0.29;0.00186;0.28;0.000721;;;0.000133;0.00000118;0.00139;;;;;0.00000000000000873;0.000333;3.54;0.000000107;0.00629;;;;;;;;;;;;;;;;;;;
307b7763-64cd-4448-9ce5-2fff9d2b31f0;00.01.000;;AQUAPANEL® Cement Board Rooftop 12,5 mm;;;'EN 15804+A2';;DE;specific dataset;2021;2026;;;2021-06-08;EPD-USG-20210120-IBA1-DE;Institut Bauen und Umwelt e.V. (IBU);;;;1;qm;;1 m² AQUAPANEL® Cement Board Rooftop 12,5 mm;;;;;;;;;;;A1-A3;;;;;;;;;;;;;;;;;;;;;;;0.4;0;0;0;0;;;;;;;;;;;;;;;;;;;;;;;;;;;;;;;;;;;;;;
307b7763-64cd-4448-9ce5-2fff9d2b31f0;00.01.000;;AQUAPANEL® Cement Board Rooftop 12,5 mm;;;'EN 15804+A2';;DE;specific dataset;2021;2026;;;2021-06-08;EPD-USG-20210120-IBA1-DE;Institut Bauen und Umwelt e.V. (IBU);;;;1;qm;;1 m² AQUAPANEL® Cement Board Rooftop 12,5 mm;;;;;;;;;;;C1;;;;;;;;;;0.01;0;0.01;0.13;0;0.13;0;0;0;0.00000691;0.00000000495;0.0000233;0.00000014;0;0;0;0;0;0.0000492;;;;;;;0.0000232;0.0000000217;0.000257;;;;;0.00000000000000000245;0.0000649;0.13;0.000000000829;0.000043;;;;;;;;;;;;;;;;;;;
307b7763-64cd-4448-9ce5-2fff9d2b31f0;00.01.000;;AQUAPANEL® Cement Board Rooftop 12,5 mm;;;'EN 15804+A2';;DE;specific dataset;2021;2026;;;2021-06-08;EPD-USG-20210120-IBA1-DE;Institut Bauen und Umwelt e.V. (IBU);;;;1;qm;;1 m² AQUAPANEL® Cement Board Rooftop 12,5 mm;;;;;;;;;;;C2;;;;;;;;;;0.08;0;0.08;1.32;0;1.32;0;0;0;0.0000688;0.0000000493;0.000232;0.00000139;0;0;0;0;0;0.000573;0.1;0.00004;0.1;0.000416;;;0.000281;0.000000216;0.00312;;;;;0.0000000000000000244;0.000537;1.32;0.00000000825;0.000428;;;;;;;;;;;;;;;;;;;
307b7763-64cd-4448-9ce5-2fff9d2b31f0;00.01.000;;AQUAPANEL® Cement Board Rooftop 12,5 mm;;;'EN 15804+A2';;DE;specific dataset;2021;2026;;;2021-06-08;EPD-USG-20210120-IBA1-DE;Institut Bauen und Umwelt e.V. (IBU);;;;1;qm;;1 m² AQUAPANEL® Cement Board Rooftop 12,5 mm;;;;;;;;;;;C3;;;;;;;;;;0;0;0;0;0;0;0;0;0;0;0;0;0;0;0;0;0;0;0;0;0;0;0;;;0;0;0;;;;;0;0;0;0;0;;;;;;;;;;;;;;;;;;;
307b7763-64cd-4448-9ce5-2fff9d2b31f0;00.01.000;;AQUAPANEL® Cement Board Rooftop 12,5 mm;;;'EN 15804+A2';;DE;specific dataset;2021;2026;;;2021-06-08;EPD-USG-20210120-IBA1-DE;Institut Bauen und Umwelt e.V. (IBU);;;;1;qm;;1 m² AQUAPANEL® Cement Board Rooftop 12,5 mm;;;;;;;;;;;C4;;;;;;;;;;0.43;0;0.43;3.26;0;3.26;0;0;0;0.00082;0.0000000496;16.4;0.000037;0;0;0;0;0;0.00178;0.23;-0.0197;0.25;0.000714;;;0.000458;0.000000426;0.00503;;;;;0.000000000000000991;0.00139;3.25;0.0000000223;0.026;;;;;;;;;;;;;;;;;;;
307b7763-64cd-4448-9ce5-2fff9d2b31f0;00.01.000;;AQUAPANEL® Cement Board Rooftop 12,5 mm;;;'EN 15804+A2';;DE;specific dataset;2021;2026;;;2021-06-08;EPD-USG-20210120-IBA1-DE;Institut Bauen und Umwelt e.V. (IBU);;;;1;qm;;1 m² AQUAPANEL® Cement Board Rooftop 12,5 mm;;;;;;;;;;;D;;;;;;;;;;0;0;0;0;0;0;0;0;0;0;0;0;0;0;0;0;0;0;0;0;0;0;0;;;0;0;0;;;;;0;0;0;0;0;;;;;;;;;;;;;;;;;;;
66f52409-8096-49f9-a5c0-23c98d2b6486;00.01.000;;ARDEX K 71 - floor leveling compound;;;'EN 15804+A2';;DE;specific dataset;2025;2030;;;2025-04-24;EPD-ADX-20240491-IBA1-DE;Institut Bauen und Umwelt e.V. (IBU);;;;1;kg;;1 kg;;;;;;;;;;;A1-A3;;;;;;;;;;1;0.0702;1.07;3.1;1.05;4.15;0;0;0;0.000988;0.000368;0.0728;0.000023;0;0;0;0;0;0.000775;0.295;-0.0023;0.296;0.000785;;;0.00031;0.0000041;0.00247;;;;;0.00000000474;0.000646;3.09;0.00000056;0.0504;;;;;;;;;;;;;;;;;;;
66f52409-8096-49f9-a5c0-23c98d2b6486;00.01.000;;ARDEX K 71 - floor leveling compound;;;'EN 15804+A2';;DE;specific dataset;2025;2030;;;2025-04-24;EPD-ADX-20240491-IBA1-DE;Institut Bauen und Umwelt e.V. (IBU);;;;1;kg;;1 kg;;;;;;;;;;;A4;;;;;;;;;;0.179;0;0.179;1.62;0;1.62;0;0;0;0.000167;0.0000000000789;0.000274;0.00000258;0;0;0;0;0;0.000263;0.126;0;0.124;0.00237;;;0.000112;0.000000336;0.00129;;;;;0.000000000000039;0.000255;1.62;0.000000021;0.000884;;;;;;;;;;;;;;;;;;;
66f52409-8096-49f9-a5c0-23c98d2b6486;00.01.000;;ARDEX K 71 - floor leveling compound;;;'EN 15804+A2';;DE;specific dataset;2025;2030;;;2025-04-24;EPD-ADX-20240491-IBA1-DE;Institut Bauen und Umwelt e.V. (IBU);;;;1;kg;;1 kg;;;;;;;;;;;A5;;;;;;;;;;0.00134;-0.0701;-0.0687;0.00504;-0.044;-0.039;0;0;0;0.000207;0.00000000000275;0.0111;0.000000107;0;0;0;0.0147;0.0341;0.00000383;0.0103;0.00646;0.0038;0.00000112;;;0.00000111;0.00000000292;0.0000156;;;;;0.00000000000000242;0.00000303;0.00504;0.0000000000276;0.0014;;;;;;;;;;;;;;;;;;;
66f52409-8096-49f9-a5c0-23c98d2b6486;00.01.000;;ARDEX K 71 - floor leveling compound;;;'EN 15804+A2';;DE;specific dataset;2025;2030;;;2025-04-24;EPD-ADX-20240491-IBA1-DE;Institut Bauen und Umwelt e.V. (IBU);;;;1;kg;;1 kg;;;;;;;;;;;C1;;;;;;;;;;0.541;0;0.541;0.503;0;0.503;0;0;0;0.00017;0.00000000124;0.000509;0.0000483;0;0;0;0;0;0.0000563;0.0364;0.000504;0.0359;0.00000705;;;0.0000176;0.000000225;0.000181;;;;;0.00000000000113;0.0000423;0.503;0.00000000757;0.00116;;;;;;;;;;;;;;;;;;;
66f52409-8096-49f9-a5c0-23c98d2b6486;00.01.000;;ARDEX K 71 - floor leveling compound;;;'EN 15804+A2';;DE;specific dataset;2025;2030;;;2025-04-24;EPD-ADX-20240491-IBA1-DE;Institut Bauen und Umwelt e.V. (IBU);;;;1;kg;;1 kg;;;;;;;;;;;C2;;;;;;;;;;0.00977;0;0.00977;0.0883;0;0.0883;0;0;0;0.00000913;0.0000000000043;0.0000149;0.000000141;0;0;0;0;0;0.0000144;0.00689;0;0.00676;0.000129;;;0.00000608;0.0000000183;0.0000705;;;;;0.00000000000000212;0.0000139;0.0883;0.00000000114;0.0000482;;;;;;;;;;;;;;;;;;;
66f52409-8096-49f9-a5c0-23c98d2b6486;00.01.000;;ARDEX K 71 - floor leveling compound;;;'EN 15804+A2';;DE;specific dataset;2025;2030;;;2025-04-24;EPD-ADX-20240491-IBA1-DE;Institut Bauen und Umwelt e.V. (IBU);;;;1;kg;;1 kg;;;;;;;;;;;C3;;;;;;;;;;0;0;0;0;0;0;0;0;0;0;0;0;0;0;0;0;0;0;0;0;0;0;0;;;0;0;0;;;;;0;0;0;0;0;;;;;;;;;;;;;;;;;;;
66f52409-8096-49f9-a5c0-23c98d2b6486;00.01.000;;ARDEX K 71 - floor leveling compound;;;'EN 15804+A2';;DE;specific dataset;2025;2030;;;2025-04-24;EPD-ADX-20240491-IBA1-DE;Institut Bauen und Umwelt e.V. (IBU);;;;1;kg;;1 kg;;;;;;;;;;;C4;;;;;;;;;;0.0377;0;0.0377;0.215;0;0.215;0;0;0;0.0000569;0.000000000054;1.09;0.00000223;0;0;0;0;0;0.000116;0.0164;0;0.0163;0.0000979;;;0.0000298;0.0000000372;0.000328;;;;;0.0000000000000445;0.0000913;0.215;0.00000000106;0.00186;;;;;;;;;;;;;;;;;;;
66f52409-8096-49f9-a5c0-23c98d2b6486;00.01.000;;ARDEX K 71 - floor leveling compound;;;'EN 15804+A2';;DE;specific dataset;2025;2030;;;2025-04-24;EPD-ADX-20240491-IBA1-DE;Institut Bauen und Umwelt e.V. (IBU);;;;1;kg;;1 kg;;;;;;;;;;;D;;;;;;;;;;-0.0241;0;-0.0241;-0.0624;0;-0.0624;0;0;0;-0.00000838;-0.0000000000522;-0.0000351;-0.00000236;0;0;0;0;0;-0.00000411;-0.00421;-0.000028;-0.00419;-0.000000506;;;-0.00000146;-0.0000000105;-0.0000155;;;;;-0.0000000000000523;-0.00000384;-0.0624;-0.00000000039;-0.0000555;;;;;;;;;;;;;;;;;;;
f97bdd26-0569-4006-8c20-f511abdff3cc;00.01.000;;Carpet Tile Sticker;;;'EN 15804+A2';;RER;specific dataset;2025;2030;;;2025-01-28;EPD-UZI-20240473-IBC1-EN;Institut Bauen und Umwelt e.V. (IBU);;;;1;qm;;1 m2 of Carpet Tile Sticker;;;;;;;;;;;A1-A3;;;;;;;;;;7.68;2.82;10.5;25.6;6.83;32.5;0;0;0;0.00797;0.0000000445;0.0799;0.00046;;;;;;0.00388;1.46;-0.292;1.75;0.00194;;;0.00133;0.00000535;0.0145;;;;;0.00000000569;0.00412;32.5;0.00000565;0.193;;;;;;;;;;;;;;;;;;;
f97bdd26-0569-4006-8c20-f511abdff3cc;00.01.000;;Carpet Tile Sticker;;;'EN 15804+A2';;RER;specific dataset;2025;2030;;;2025-01-28;EPD-UZI-20240473-IBC1-EN;Institut Bauen und Umwelt e.V. (IBU);;;;1;qm;;1 m2 of Carpet Tile Sticker;;;;;;;;;;;A4;;;;;;;;;;0.0228;0;0.0228;0.27;0;0.27;0;0;0;0.0000256;0.00000000000873;0.0000419;0.000000349;;;;;;0.00007;0.0208;0.0000516;0.0204;0.000347;;;0.0000322;0.0000000882;0.000363;;;;;0.00000000000000208;0.0000652;0.27;0.00000000176;0.000308;;;;;;;;;;;;;;;;;;;
f97bdd26-0569-4006-8c20-f511abdff3cc;00.01.000;;Carpet Tile Sticker;;;'EN 15804+A2';;RER;specific dataset;2025;2030;;;2025-01-28;EPD-UZI-20240473-IBC1-EN;Institut Bauen und Umwelt e.V. (IBU);;;;1;qm;;1 m2 of Carpet Tile Sticker;;;;;;;;;;;A5;;;;;;;;;;;;;0.731;-0.605;0.126;0;0;0;0.000828;0.0000000000665;0.0328;0.00000526;;;;;;0.000135;0.309;0.286;0.0229;0.0000173;;;0.0000526;0.0000000258;0.000606;;;;;0.000000000000053;0.000138;0.126;0.000000000592;0.0351;;;;;;;;;;;;;;;;;;;
f97bdd26-0569-4006-8c20-f511abdff3cc;00.01.000;;Carpet Tile Sticker;;;'EN 15804+A2';;RER;specific dataset;2025;2030;;;2025-01-28;EPD-UZI-20240473-IBC1-EN;Institut Bauen und Umwelt e.V. (IBU);;;;1;qm;;1 m2 of Carpet Tile Sticker;;;;;;;;;;;C1;;;;;;;;;;0;0;0;0;0;0;0;0;0;0;0;0;0;;;;;;0;0;0;0;0;;;0;0;0;;;;;0;0;0;0;0;;;;;;;;;;;;;;;;;;;
f97bdd26-0569-4006-8c20-f511abdff3cc;00.01.000;;Carpet Tile Sticker;;;'EN 15804+A2';;RER;specific dataset;2025;2030;;;2025-01-28;EPD-UZI-20240473-IBC1-EN;Institut Bauen und Umwelt e.V. (IBU);;;;1;qm;;1 m2 of Carpet Tile Sticker;;;;;;;;;;;C2;;;;;;;;;;0.00063;0;0.00063;0.00745;0;0.00745;0;0;0;0.000000707;0.000000000000241;0.00000116;0.00000000963;;;;;;0.00000192;0.000575;0.00000142;0.000564;0.00000959;;;0.000000882;0.00000000244;0.00000992;;;;;0.0000000000000000575;0.00000179;0.00745;0.0000000000486;0.0000085;;;;;;;;;;;;;;;;;;;
f97bdd26-0569-4006-8c20-f511abdff3cc;00.01.000;;Carpet Tile Sticker;;;'EN 15804+A2';;RER;specific dataset;2025;2030;;;2025-01-28;EPD-UZI-20240473-IBC1-EN;Institut Bauen und Umwelt e.V. (IBU);;;;1;qm;;1 m2 of Carpet Tile Sticker;;;;;;;;;;;C3;;;;;;;;;;0.0386;0;0.0386;6.38;-6.23;0.152;0;0;0;0.000943;0.0152;0.0436;0.00000622;;;;;;0.000169;0.319;0;0.319;0.0000211;;;0.000066;0.0000000328;0.000752;;;;;0.0000000000000641;0.000173;0.152;0.000000000713;0.0399;;;;;;;;;;;;;;;;;;;
f97bdd26-0569-4006-8c20-f511abdff3cc;00.01.000;;Carpet Tile Sticker;;;'EN 15804+A2';;RER;specific dataset;2025;2030;;;2025-01-28;EPD-UZI-20240473-IBC1-EN;Institut Bauen und Umwelt e.V. (IBU);;;;1;qm;;1 m2 of Carpet Tile Sticker;;;;;;;;;;;C4;;;;;;;;;;0;0;0;0;0;0;0;0;0;0;0;0;0;;;;;;0;0;0;0;0;;;0;0;0;;;;;0;0;0;0;0;;;;;;;;;;;;;;;;;;;
f97bdd26-0569-4006-8c20-f511abdff3cc;00.01.000;;Carpet Tile Sticker;;;'EN 15804+A2';;RER;specific dataset;2025;2030;;;2025-01-28;EPD-UZI-20240473-IBC1-EN;Institut Bauen und Umwelt e.V. (IBU);;;;1;qm;;1 m2 of Carpet Tile Sticker;;;;;;;;;;;D;;;;;;;;;;-0.869;0;-0.869;-2.62;0;-2.62;0;0;0;-0.000668;-0.00000000176;-0.00136;-0.000192;;;;;;-0.000154;-0.148;-0.000632;-0.147;-0.0000133;;;-0.000047;-0.000000242;-0.000504;;;;;-0.0000000000013;-0.000133;-2.62;-0.0000000127;-0.0159;;;;;;;;;;;;;;;;;;;
2eeab6c3-9372-42f8-b83d-2fb45de030ed;00.01.000;;Hebel autoclaved aerated concrete, reinforced;;;'EN 15804+A2';;DE;specific dataset;2023;2028;;;06/09/2023;EPD-XEL-20230353-IBA1-EN;Institut Bauen und Umwelt e.V. (IBU);;;;1;m3;;1 m³ AAC with an average gross density of 528 kg/m³ and including 20 kg reinforcement;;;;;;;;;;;A1-A3;;;;;;;;;;184;34.6;219;1880;0;1880;39.1;0;0;0.244;0.000000369;2.35;0.0497;;;;;;0.207;249;-3.19;252;0.101;;;0.0723;0.000117;0.793;;;;;0.000000000000612;0.215;1880;0.0000149;4.75;;;;;;;;;;;;;;;;;;;
2eeab6c3-9372-42f8-b83d-2fb45de030ed;00.01.000;;Hebel autoclaved aerated concrete, reinforced;;;'EN 15804+A2';;DE;specific dataset;2023;2028;;;06/09/2023;EPD-XEL-20230353-IBA1-EN;Institut Bauen und Umwelt e.V. (IBU);;;;1;m3;;1 m³ AAC with an average gross density of 528 kg/m³ and including 20 kg reinforcement;;;;;;;;;;;A4;;;;;;;;;;2.56;0;2.56;44.6;0;44.6;0;0;0;0.00293;0.00000000235;0.007;0.0000809;;;;;;0.00354;3.36;0.0356;3.3;0.0273;;;0.00113;0.00000991;0.0134;;;;;0.000000000000000659;0.00308;44.4;0.000000296;0.031;;;;;;;;;;;;;;;;;;;
2eeab6c3-9372-42f8-b83d-2fb45de030ed;00.01.000;;Hebel autoclaved aerated concrete, reinforced;;;'EN 15804+A2';;DE;specific dataset;2023;2028;;;06/09/2023;EPD-XEL-20230353-IBA1-EN;Institut Bauen und Umwelt e.V. (IBU);;;;1;m3;;1 m³ AAC with an average gross density of 528 kg/m³ and including 20 kg reinforcement;;;;;;;;;;;A5;;;;;;;;;;;;;5.48;0;5.48;0;0;0;0.0106;0.000000000407;0.0312;0.0000594;;;;;;0.00231;4.62;4.2;0.417;0.00283;;;0.000999;0.00000109;0.0117;;;;;0.000000000000000623;0.00278;5.46;0.0000000387;0.442;;;;;;;;;;;;;;;;;;;
2eeab6c3-9372-42f8-b83d-2fb45de030ed;00.01.000;;Hebel autoclaved aerated concrete, reinforced;;;'EN 15804+A2';;DE;specific dataset;2023;2028;;;06/09/2023;EPD-XEL-20230353-IBA1-EN;Institut Bauen und Umwelt e.V. (IBU);;;;1;m3;;1 m³ AAC with an average gross density of 528 kg/m³ and including 20 kg reinforcement;;;;;;;;;;;B1;;;;;;;;;;0;0;0;0;0;0;0;0;0;0;0;0;0;;;;;;0;-90.3;0;-90.3;0;;;0;0;0;;;;;0;0;0;0;0;;;;;;;;;;;;;;;;;;;
2eeab6c3-9372-42f8-b83d-2fb45de030ed;00.01.000;;Hebel autoclaved aerated concrete, reinforced;;;'EN 15804+A2';;DE;specific dataset;2023;2028;;;06/09/2023;EPD-XEL-20230353-IBA1-EN;Institut Bauen und Umwelt e.V. (IBU);;;;1;m3;;1 m³ AAC with an average gross density of 528 kg/m³ and including 20 kg reinforcement;;;;;;;;;;;C1;;;;;;;;;;0.261;0;0.261;4.56;0;4.56;0;0;0;0.000299;0.00000000024;0.000715;0.00000827;;;;;;0.00171;0.358;0.000529;0.355;0.00279;;;0.000801;0.00000101;0.00887;;;;;0.0000000000000000673;0.00225;4.54;0.0000000302;0.00316;;;;;;;;;;;;;;;;;;;
2eeab6c3-9372-42f8-b83d-2fb45de030ed;00.01.000;;Hebel autoclaved aerated concrete, reinforced;;;'EN 15804+A2';;DE;specific dataset;2023;2028;;;06/09/2023;EPD-XEL-20230353-IBA1-EN;Institut Bauen und Umwelt e.V. (IBU);;;;1;m3;;1 m³ AAC with an average gross density of 528 kg/m³ and including 20 kg reinforcement;;;;;;;;;;;C2;;;;;;;;;;1.27;0;1.27;22.2;0;22.2;0;0;0;0.00146;0.00000000117;0.00348;0.0000403;;;;;;0.00176;1.67;0.0177;1.64;0.0136;;;0.000563;0.00000494;0.00668;;;;;0.000000000000000328;0.00153;22.1;0.000000147;0.0154;;;;;;;;;;;;;;;;;;;
2eeab6c3-9372-42f8-b83d-2fb45de030ed;00.01.000;;Hebel autoclaved aerated concrete, reinforced;;;'EN 15804+A2';;DE;specific dataset;2023;2028;;;06/09/2023;EPD-XEL-20230353-IBA1-EN;Institut Bauen und Umwelt e.V. (IBU);;;;1;m3;;1 m³ AAC with an average gross density of 528 kg/m³ and including 20 kg reinforcement;;;;;;;;;;;C3;;;;;;;;;;2.44;0;2.44;27.6;0;27.6;0;0;0;0.00716;0.0000000016;0.00795;0.000203;;;;;;0.0136;1.47;0.00376;1.46;0.00801;;;0.00675;0.00000333;0.0741;;;;;0.00000000000000652;0.0196;27.6;0.00000161;0.246;;;;;;;;;;;;;;;;;;;
2eeab6c3-9372-42f8-b83d-2fb45de030ed;00.01.000;;Hebel autoclaved aerated concrete, reinforced;;;'EN 15804+A2';;DE;specific dataset;2023;2028;;;06/09/2023;EPD-XEL-20230353-IBA1-EN;Institut Bauen und Umwelt e.V. (IBU);;;;1;m3;;1 m³ AAC with an average gross density of 528 kg/m³ and including 20 kg reinforcement;;;;;;;;;;;C4;;;;;;;;;;14.8;0;14.8;110;0;110;0;0;0;0.0271;0.0000000117;549;0.00116;;;;;;0.0591;8.32;0.000329;8.29;0.0244;;;0.0153;0.0000139;0.168;;;;;0.0000000000000322;0.0464;110;0.000000782;0.89;;;;;;;;;;;;;;;;;;;
2eeab6c3-9372-42f8-b83d-2fb45de030ed;00.01.000;;Hebel autoclaved aerated concrete, reinforced;;;'EN 15804+A2';;DE;specific dataset;2023;2028;;;06/09/2023;EPD-XEL-20230353-IBA1-EN;Institut Bauen und Umwelt e.V. (IBU);;;;1;m3;;1 m³ AAC with an average gross density of 528 kg/m³ and including 20 kg reinforcement;;;;;;;;;;;D;;;;;;;;;;-5.99;0;-5.99;-45.1;0;-45.1;532;0;0;-0.00827;-0.00000000684;-22.2;-0.00364;;;;;;-0.00945;-2.62;0.0186;-2.63;-0.00491;;;-0.00363;-0.0000051;-0.0398;;;;;-0.0000000000000194;-0.0104;-45.1;-0.000000329;-0.164;;;;;;;;;;;;;;;;;;;
89160dfd-17c2-464e-9e05-9d3682eaf6fe;00.01.000;;BEST EHD9000;;;'EN 15804+A2';;SG;specific dataset;2023;2028;;;2023-01-04;EPD-DOR-20220320-CBA1-EN;Institut Bauen und Umwelt e.V. (IBU);;;;1;door;;1 door closer (1 piece) EHD9000;;;;;;;;;;;A1-A3;;;;;;;;;;70.8;9.46;80.3;713;8.22;721;2.7;0;0;0.29;0.0000207;11.6;0.0052;0;0;0;0;0;0.391;73;-1.27;74.2;0.0211;248;0.0000112;0.0601;0.0000419;0.652;0.0000000267;0.000000846;0.626;187;0.000000000557;0.186;721;0.000316;11.5;;;;;;;;;;;;;;;;;;;
89160dfd-17c2-464e-9e05-9d3682eaf6fe;00.01.000;;BEST EHD9000;;;'EN 15804+A2';;SG;specific dataset;2023;2028;;;2023-01-04;EPD-DOR-20220320-CBA1-EN;Institut Bauen und Umwelt e.V. (IBU);;;;1;door;;1 door closer (1 piece) EHD9000;;;;;;;;;;;A4;;;;;;;;;;0.0234;0;0.0234;7.17;0;7.17;0;0;0;0.0000425;0.000000000704;0.000735;0.00000797;0;0;0;0;0;0.0193;0.585;0.00348;0.581;0.0000122;5.07;0.000000328;0.00509;0.00000013;0.0558;0.0000000000955;0.00000000448;0.00114;0.019;0.0000000000000000556;0.0142;7.17;0.0000000152;0.00106;;;;;;;;;;;;;;;;;;;
89160dfd-17c2-464e-9e05-9d3682eaf6fe;00.01.000;;BEST EHD9000;;;'EN 15804+A2';;SG;specific dataset;2023;2028;;;2023-01-04;EPD-DOR-20220320-CBA1-EN;Institut Bauen und Umwelt e.V. (IBU);;;;1;door;;1 door closer (1 piece) EHD9000;;;;;;;;;;;A5;;;;;;;;;;;;;0.671;-0.323;0.347;0;0;0;0.00318;0.000000000533;0.0356;0.0000181;0;0;0;1.66;3.02;0.000304;1.09;1.04;0.046;0.0000187;0.164;0.00000000171;0.000109;0.0000000393;0.00137;0.00000000000878;0.000000000397;0.00278;0.0924;0.000000000000000203;0.000289;0.347;0.00000000318;0.135;;;;;;;;;;;;;;;;;;;
89160dfd-17c2-464e-9e05-9d3682eaf6fe;00.01.000;;BEST EHD9000;;;'EN 15804+A2';;SG;specific dataset;2023;2028;;;2023-01-04;EPD-DOR-20220320-CBA1-EN;Institut Bauen und Umwelt e.V. (IBU);;;;1;door;;1 door closer (1 piece) EHD9000;;;;;;;;;;;C1;;;;;;;;;;0;0;0;0;0;0;0;0;0;0;0;0;0;0;0;0;0;0;0;0;0;0;0;0;0;0;0;0;0;0;0;0;0;0;0;0;0;;;;;;;;;;;;;;;;;;;
89160dfd-17c2-464e-9e05-9d3682eaf6fe;00.01.000;;BEST EHD9000;;;'EN 15804+A2';;SG;specific dataset;2023;2028;;;2023-01-04;EPD-DOR-20220320-CBA1-EN;Institut Bauen und Umwelt e.V. (IBU);;;;1;door;;1 door closer (1 piece) EHD9000;;;;;;;;;;;C2;;;;;;;;;;0.00121;0;0.00121;0.385;0;0.385;0;0;0;0.00000218;0.0000000000373;0.0000394;0.000000413;0;0;0;0;0;0.0000271;0.0284;0.00125;0.0271;0.000000645;0.273;0.000000000143;0.00000864;0.0000000058;0.000096;0.00000000000513;0.000000000219;0.000059;0.000988;0.00000000000000000286;0.0000244;0.385;0.000000000813;0.0000531;;;;;;;;;;;;;;;;;;;
89160dfd-17c2-464e-9e05-9d3682eaf6fe;00.01.000;;BEST EHD9000;;;'EN 15804+A2';;SG;specific dataset;2023;2028;;;2023-01-04;EPD-DOR-20220320-CBA1-EN;Institut Bauen und Umwelt e.V. (IBU);;;;1;door;;1 door closer (1 piece) EHD9000;;;;;;;;;;;C3;;;;;;;;;;0.508;-0.388;0.12;8.36;-7.89;0.465;0;0;0;0.00253;0.00000000173;0.102;0.0000175;0;6.07;0;0;0;0.000182;1.03;0.058;0.975;0.0000557;0.175;0.00000000226;0.0000419;0.0000000795;0.00083;0.000000000015;0.0000000015;0.00162;0.139;0.000000000000000499;0.000116;0.464;0.00000000685;0.106;;;;;;;;;;;;;;;;;;;
89160dfd-17c2-464e-9e05-9d3682eaf6fe;00.01.000;;BEST EHD9000;;;'EN 15804+A2';;SG;specific dataset;2023;2028;;;2023-01-04;EPD-DOR-20220320-CBA1-EN;Institut Bauen und Umwelt e.V. (IBU);;;;1;door;;1 door closer (1 piece) EHD9000;;;;;;;;;;;C4;;;;;;;;;;0;0;0;0;0;0;0;0;0;0;0;0;0;0;0;0;0;0;0;0;0;0;0;0;0;0;0;0;0;0;0;0;0;0;0;0;0;;;;;;;;;;;;;;;;;;;
89160dfd-17c2-464e-9e05-9d3682eaf6fe;00.01.000;;BEST EHD9000;;;'EN 15804+A2';;SG;specific dataset;2023;2028;;;2023-01-04;EPD-DOR-20220320-CBA1-EN;Institut Bauen und Umwelt e.V. (IBU);;;;1;door;;1 door closer (1 piece) EHD9000;;;;;;;;;;;D;;;;;;;;;;-126;0;-126;-278;0;-278;0;0;0;-0.221;-0.0000015;-4.77;-0.0303;0;0;0;0;0;-0.0716;-19.7;-0.0612;-19.6;-0.00309;-100;-0.00000115;-0.00955;-0.0000103;-0.103;-0.00000000445;-0.00000014;-6.08;-8.68;-0.000000000147;-0.0305;-278;-0.0000288;-0.925;;;;;;;;;;;;;;;;;;;
1d198d55-f615-491e-a382-a23098cc23f5;00.01.000;;GLAPOR cellular glass boards;;;'EN 15804+A2';;DE;specific dataset;2023;2028;;;2023-10-09;EPD-GLP-20230179-CBA2-EN;Institut Bauen und Umwelt e.V. (IBU);;;;1;m3;;1 m3 at 120 kg/m3;;;;;;;;;;;A1-A3;;;;;;;;;;107;0;107;1320;29.2;1350;153;0;0;0.571;0.00487;19.8;0.00297;;;;;;0.29;97.3;0.0837;97.2;0.0252;;;0.124;0.00246;0.914;;;;;0.00000282;0.237;1350;0.000306;10.3;;;;;;;;;;;;;;;;;;;
1d198d55-f615-491e-a382-a23098cc23f5;00.01.000;;GLAPOR cellular glass boards;;;'EN 15804+A2';;DE;specific dataset;2023;2028;;;2023-10-09;EPD-GLP-20230179-CBA2-EN;Institut Bauen und Umwelt e.V. (IBU);;;;1;m3;;1 m3 at 120 kg/m3;;;;;;;;;;;A4;;;;;;;;;;1.34;0;1.34;86.8;0;86.8;0;0;0;0.0237;0.000546;5.7;0.0000504;;;;;;0.0198;6.21;0.00563;6.2;0.00296;;;0.00673;0.0000494;0.0719;;;;;0.000000132;0.0302;86.8;0.0000186;0.387;;;;;;;;;;;;;;;;;;;
1d198d55-f615-491e-a382-a23098cc23f5;00.01.000;;GLAPOR cellular glass boards;;;'EN 15804+A2';;DE;specific dataset;2023;2028;;;2023-10-09;EPD-GLP-20230179-CBA2-EN;Institut Bauen und Umwelt e.V. (IBU);;;;1;m3;;1 m3 at 120 kg/m3;;;;;;;;;;;A5;;;;;;;;;;0.00514;0;0.00514;;;;0;0;0;0.000406;0.000000725;0.0228;0.000000155;;;;;;0.000221;1.99;0.0000964;1.99;0.00000434;;;0.000102;0.000000191;0.00116;;;;;0.000000000928;0.000314;0.0873;0.0000000269;0.00291;;;;;;;;;;;;;;;;;;;
1d198d55-f615-491e-a382-a23098cc23f5;00.01.000;;GLAPOR cellular glass boards;;;'EN 15804+A2';;DE;specific dataset;2023;2028;;;2023-10-09;EPD-GLP-20230179-CBA2-EN;Institut Bauen und Umwelt e.V. (IBU);;;;1;m3;;1 m3 at 120 kg/m3;;;;;;;;;;;C1;;;;;;;;;;0;0;0;0;0;0;0;0;0;0;0;0;0;;;;;;0;0;0;0;0;;;0;0;0;;;;;0;0;0;0;0;;;;;;;;;;;;;;;;;;;
1d198d55-f615-491e-a382-a23098cc23f5;00.01.000;;GLAPOR cellular glass boards;;;'EN 15804+A2';;DE;specific dataset;2023;2028;;;2023-10-09;EPD-GLP-20230179-CBA2-EN;Institut Bauen und Umwelt e.V. (IBU);;;;1;m3;;1 m3 at 120 kg/m3;;;;;;;;;;;C2/1;;;;;;;;;;1.34;0;1.34;86.8;0;86.8;0;0;0;0.0237;0.000546;5.7;0.0000504;;;;;;0.0198;6.21;0.00563;6.2;0.00296;;;0.00673;0.0000494;0.0719;;;;;0.000000132;0.0302;86.8;0.0000186;0.387;;;;;;;;;;;;;;;;;;;
1d198d55-f615-491e-a382-a23098cc23f5;00.01.000;;GLAPOR cellular glass boards;;;'EN 15804+A2';;DE;specific dataset;2023;2028;;;2023-10-09;EPD-GLP-20230179-CBA2-EN;Institut Bauen und Umwelt e.V. (IBU);;;;1;m3;;1 m3 at 120 kg/m3;;;;;;;;;;;C2/2;;;;;;;;;;0.192;0;0.192;12.4;0;12.4;0;0;0;0.00339;0.000078;0.815;0.0000072;;;;;;0.00284;0.887;0.000805;0.886;0.000423;;;0.000961;0.00000705;0.0103;;;;;0.0000000188;0.00431;12.4;0.00000265;0.0553;;;;;;;;;;;;;;;;;;;
1d198d55-f615-491e-a382-a23098cc23f5;00.01.000;;GLAPOR cellular glass boards;;;'EN 15804+A2';;DE;specific dataset;2023;2028;;;2023-10-09;EPD-GLP-20230179-CBA2-EN;Institut Bauen und Umwelt e.V. (IBU);;;;1;m3;;1 m3 at 120 kg/m3;;;;;;;;;;;C3/1;;;;;;;;;;0.0688;0;0.0688;10.6;0;10.6;0;0;0;0.0023;0.0000131;0.0232;0.0000738;;;;;;0.00163;0.705;-0.00116;0.706;0.0000789;;;0.000351;0.0000336;0.00404;;;;;0.0000000077;0.00123;10.6;0.000000598;0.0151;;;;;;;;;;;;;;;;;;;
1d198d55-f615-491e-a382-a23098cc23f5;00.01.000;;GLAPOR cellular glass boards;;;'EN 15804+A2';;DE;specific dataset;2023;2028;;;2023-10-09;EPD-GLP-20230179-CBA2-EN;Institut Bauen und Umwelt e.V. (IBU);;;;1;m3;;1 m3 at 120 kg/m3;;;;;;;;;;;C4/2;;;;;;;;;;0.334;0;0.334;17.2;0;17.2;0;0;0;0.00234;0.0000843;120;0.00000666;;;;;;0.00438;0.722;0.00232;0.72;0.000135;;;0.00191;0.00000389;0.0205;;;;;0.0000000235;0.00813;17.2;0.000000715;0.0628;;;;;;;;;;;;;;;;;;;
1d198d55-f615-491e-a382-a23098cc23f5;00.01.000;;GLAPOR cellular glass boards;;;'EN 15804+A2';;DE;specific dataset;2023;2028;;;2023-10-09;EPD-GLP-20230179-CBA2-EN;Institut Bauen und Umwelt e.V. (IBU);;;;1;m3;;1 m3 at 120 kg/m3;;;;;;;;;;;D/1;;;;;;;;;;0.367;0;0.367;-15.7;0;-15.7;-28;0;0;0.00803;-0.0000352;-0.0051;-0.0000596;;;;;;-0.00106;-1.07;0.00492;-1.08;-0.0000447;;;-0.000213;-0.0000298;-0.0019;;;;;-0.0000000288;-0.0012;-15.7;0.000000679;0.00209;;;;;;;;;;;;;;;;;;;
1d198d55-f615-491e-a382-a23098cc23f5;00.01.000;;GLAPOR cellular glass boards;;;'EN 15804+A2';;DE;specific dataset;2023;2028;;;2023-10-09;EPD-GLP-20230179-CBA2-EN;Institut Bauen und Umwelt e.V. (IBU);;;;1;m3;;1 m3 at 120 kg/m3;;;;;;;;;;;D/2;;;;;;;;;;-0.0975;0;-0.0975;-17.2;0;-17.2;0;0;0;-0.00258;-0.0000449;-0.0325;-0.0000697;;;;;;-0.00188;-1.18;0.000892;-1.18;-0.000118;;;-0.000451;-0.0000322;-0.00513;;;;;-0.0000000305;-0.00203;-17.2;-0.00000069;-0.0228;;;;;;;;;;;;;;;;;;;
02adea79-5e5a-4d5d-b65d-6e64d95e9f00;00.01.000;;Tufted tiles, 100% recycled polyamide 6 with a maximum total pile weight of 780 g/m2 , EcoFlex Echo backing;;;'EN 15804+A2';;BE;specific dataset;2022;2027;;;2022-09-15;EPD-IVC-20220245-CBB1-EN;Institut Bauen und Umwelt e.V. (IBU);;;;1;qm;;1 m²;;;;;;;;;;;A1-A3;;;;;;;;;;45.6;0.238;45.8;72.6;41.1;114;1.26;0;0;0.118;0.00234;0.442;0.00309;;;;;;0.0149;4.6;-0.308;4.91;0.00559;;;0.00501;0.0000428;0.0469;;;;;0.00000000938;0.0138;114;0.00000154;4.74;;;;;;;;;;;;;;;;;;;
02adea79-5e5a-4d5d-b65d-6e64d95e9f00;00.01.000;;Tufted tiles, 100% recycled polyamide 6 with a maximum total pile weight of 780 g/m2 , EcoFlex Echo backing;;;'EN 15804+A2';;BE;specific dataset;2022;2027;;;2022-09-15;EPD-IVC-20220245-CBB1-EN;Institut Bauen und Umwelt e.V. (IBU);;;;1;qm;;1 m²;;;;;;;;;;;A4;;;;;;;;;;0.232;0;0.232;4.1;0;4.1;0;0;0;0.000263;0.0000000000196;0.000587;0.00000505;;;;;;0.00182;0.307;0.0039;0.301;0.00171;;;0.000894;0.000000913;0.00989;;;;;;0.00169;4.09;0.0000000256;0.00274;;;;;;;;;;;;;;;;;;;
02adea79-5e5a-4d5d-b65d-6e64d95e9f00;00.01.000;;Tufted tiles, 100% recycled polyamide 6 with a maximum total pile weight of 780 g/m2 , EcoFlex Echo backing;;;'EN 15804+A2';;BE;specific dataset;2022;2027;;;2022-09-15;EPD-IVC-20220245-CBB1-EN;Institut Bauen und Umwelt e.V. (IBU);;;;1;qm;;1 m²;;;;;;;;;;;A5;;;;;;;;;;1.64;-0.238;1.4;5.38;-1.72;3.66;0.0378;0;0;0.00435;0.0000702;0.0566;0.0000976;;;;;;0.000653;0.632;0.186;0.446;0.000232;;;0.000246;0.00000135;0.0025;;;;;;0.000642;3.66;0.000000048;0.177;;;;;;;;;;;;;;;;;;;
02adea79-5e5a-4d5d-b65d-6e64d95e9f00;00.01.000;;Tufted tiles, 100% recycled polyamide 6 with a maximum total pile weight of 780 g/m2 , EcoFlex Echo backing;;;'EN 15804+A2';;BE;specific dataset;2022;2027;;;2022-09-15;EPD-IVC-20220245-CBB1-EN;Institut Bauen und Umwelt e.V. (IBU);;;;1;qm;;1 m²;;;;;;;;;;;B1;;;;;;;;;;0;0;0;0;0;0;0;0;0;0;0;0;0;;;;;;0;0;0;0;0;;;0;0;0;;;;;0;0.000418;0;0;0;;;;;;;;;;;;;;;;;;;
02adea79-5e5a-4d5d-b65d-6e64d95e9f00;00.01.000;;Tufted tiles, 100% recycled polyamide 6 with a maximum total pile weight of 780 g/m2 , EcoFlex Echo backing;;;'EN 15804+A2';;BE;specific dataset;2022;2027;;;2022-09-15;EPD-IVC-20220245-CBB1-EN;Institut Bauen und Umwelt e.V. (IBU);;;;1;qm;;1 m²;;;;;;;;;;;B2;;;;;;;;;;3.69;0;3.69;5.9;0;5.9;0;0;0;0.00334;0.0000419;0.0073;0.000376;;;;;;0.000832;0.549;0.00416;0.348;0.196;;;0.000197;0.00000519;0.00283;;;;;0.0000000342;0.000983;5.9;0.00000023;0.0999;;;;;;;;;;;;;;;;;;;
02adea79-5e5a-4d5d-b65d-6e64d95e9f00;00.01.000;;Tufted tiles, 100% recycled polyamide 6 with a maximum total pile weight of 780 g/m2 , EcoFlex Echo backing;;;'EN 15804+A2';;BE;specific dataset;2022;2027;;;2022-09-15;EPD-IVC-20220245-CBB1-EN;Institut Bauen und Umwelt e.V. (IBU);;;;1;qm;;1 m²;;;;;;;;;;;C1;;;;;;;;;;0;0;0;0;0;0;0;0;0;0;0;0;0;;;;;;0;0;0;0;0;;;0;0;0;;;;;0;0;0;0;0;;;;;;;;;;;;;;;;;;;
02adea79-5e5a-4d5d-b65d-6e64d95e9f00;00.01.000;;Tufted tiles, 100% recycled polyamide 6 with a maximum total pile weight of 780 g/m2 , EcoFlex Echo backing;;;'EN 15804+A2';;BE;specific dataset;2022;2027;;;2022-09-15;EPD-IVC-20220245-CBB1-EN;Institut Bauen und Umwelt e.V. (IBU);;;;1;qm;;1 m²;;;;;;;;;;;C2;;;;;;;;;;0.0129;0;0.0129;0.227;0;0.227;0;0;0;0.0000145;0.00000000000109;0.0000325;0.000000279;;;;;;0.000101;0.017;0.000216;0.0167;0.0000944;;;0.0000495;0.0000000505;0.000548;;;;;;0.0000935;0.226;0.00000000142;0.000151;;;;;;;;;;;;;;;;;;;
02adea79-5e5a-4d5d-b65d-6e64d95e9f00;00.01.000;;Tufted tiles, 100% recycled polyamide 6 with a maximum total pile weight of 780 g/m2 , EcoFlex Echo backing;;;'EN 15804+A2';;BE;specific dataset;2022;2027;;;2022-09-15;EPD-IVC-20220245-CBB1-EN;Institut Bauen und Umwelt e.V. (IBU);;;;1;qm;;1 m²;;;;;;;;;;;D;;;;;;;;;;-0.314;0;-0.314;-1.16;0;-1.16;0;0;0;-0.0003;-0.000000000158;-0.000582;-0.0000901;;;;;;-0.000089;-0.0685;-0.000346;-0.0682;-0.00000741;;;-0.0000242;-0.0000000926;-0.00026;;;;;;-0.0000678;-1.16;-0.0000000102;-0.00709;;;;;;;;;;;;;;;;;;;
02adea79-5e5a-4d5d-b65d-6e64d95e9f00;00.01.000;;Tufted tiles, 100% recycled polyamide 6 with a maximum total pile weight of 780 g/m2 , EcoFlex Echo backing;;;'EN 15804+A2';;BE;specific dataset;2022;2027;;;2022-09-15;EPD-IVC-20220245-CBB1-EN;Institut Bauen und Umwelt e.V. (IBU);;;;1;qm;;1 m²;;;;;;;;;;;C3/2;;;;;;;;;;0.594;0;0.594;42.8;-39.4;3.4;0;0;0;0.0181;0.000000000494;1.43;0.000129;;;;;;0.00449;5.46;0.00075;5.46;0.000285;;;0.00214;0.00000101;0.0239;;;;;;0.00551;3.39;0.0000000295;0.762;;;;;;;;;;;;;;;;;;;
02adea79-5e5a-4d5d-b65d-6e64d95e9f00;00.01.000;;Tufted tiles, 100% recycled polyamide 6 with a maximum total pile weight of 780 g/m2 , EcoFlex Echo backing;;;'EN 15804+A2';;BE;specific dataset;2022;2027;;;2022-09-15;EPD-IVC-20220245-CBB1-EN;Institut Bauen und Umwelt e.V. (IBU);;;;1;qm;;1 m²;;;;;;;;;;;C3/3;;;;;;;;;;0.885;0;0.885;43.8;-39.4;4.43;0;0;0;0.0183;0.000000000537;1.43;0.000204;;;;;;0.0048;5.53;0.00152;5.53;0.000526;;;0.00228;0.00000121;0.0254;;;;;;0.00578;4.42;0.0000000401;0.768;;;;;;;;;;;;;;;;;;;
02adea79-5e5a-4d5d-b65d-6e64d95e9f00;00.01.000;;Tufted tiles, 100% recycled polyamide 6 with a maximum total pile weight of 780 g/m2 , EcoFlex Echo backing;;;'EN 15804+A2';;BE;specific dataset;2022;2027;;;2022-09-15;EPD-IVC-20220245-CBB1-EN;Institut Bauen und Umwelt e.V. (IBU);;;;1;qm;;1 m²;;;;;;;;;;;C4/1;;;;;;;;;;0.414;0;0.414;5.03;0;5.03;0;0;0;0.0000589;0.000000000776;4.98;0.0000618;;;;;;0.00105;0.355;0;0.354;0.000173;;;0.000232;0.0000662;0.00255;;;;;;0.000748;5.03;0.0000000246;-0.00376;;;;;;;;;;;;;;;;;;;
02adea79-5e5a-4d5d-b65d-6e64d95e9f00;00.01.000;;Tufted tiles, 100% recycled polyamide 6 with a maximum total pile weight of 780 g/m2 , EcoFlex Echo backing;;;'EN 15804+A2';;BE;specific dataset;2022;2027;;;2022-09-15;EPD-IVC-20220245-CBB1-EN;Institut Bauen und Umwelt e.V. (IBU);;;;1;qm;;1 m²;;;;;;;;;;;D/1;;;;;;;;;;0;0;0;0;0;0;0;0;0;0;0;0;0;;;;;;0;0;0;0;0;;;0;0;0;;;;;0;0;0;0;0;;;;;;;;;;;;;;;;;;;
02adea79-5e5a-4d5d-b65d-6e64d95e9f00;00.01.000;;Tufted tiles, 100% recycled polyamide 6 with a maximum total pile weight of 780 g/m2 , EcoFlex Echo backing;;;'EN 15804+A2';;BE;specific dataset;2022;2027;;;2022-09-15;EPD-IVC-20220245-CBB1-EN;Institut Bauen und Umwelt e.V. (IBU);;;;1;qm;;1 m²;;;;;;;;;;;D/2;;;;;;;;;;-1.22;0;-1.22;-5.11;0;-5.11;0;0;0;-0.00117;-0.000000000725;-0.00242;-0.000349;;;;;;-0.000367;-0.305;-0.00141;-0.303;-0.0000296;;;-0.000103;-0.000000361;-0.00111;;;;;;-0.000291;-5.11;-0.0000000413;-0.0275;;;;;;;;;;;;;;;;;;;
02adea79-5e5a-4d5d-b65d-6e64d95e9f00;00.01.000;;Tufted tiles, 100% recycled polyamide 6 with a maximum total pile weight of 780 g/m2 , EcoFlex Echo backing;;;'EN 15804+A2';;BE;specific dataset;2022;2027;;;2022-09-15;EPD-IVC-20220245-CBB1-EN;Institut Bauen und Umwelt e.V. (IBU);;;;1;qm;;1 m²;;;;;;;;;;;D/3;;;;;;;;;;-0.299;0;-0.299;-35;0;-35;1.53;0;0;-0.00305;-0.0000000000662;-0.000771;-0.0000531;;;;;;-0.000676;-0.227;0.000143;-0.227;-0.000118;;;-0.000236;-0.000000316;-0.00259;;;;;;-0.000717;-35;-0.0000000228;-0.035;;;;;;;;;;;;;;;;;;;
8d1fb1eb-6984-4c83-8625-d5b8ff4b5702;00.01.000;;Aluminium lever and window handle CORE/PREMIUM;;;'EN 15804+A2';;DE;specific dataset;2024;2029;;;2024-06-18;EPD-OGR-20240052-CBA5-EN;Institut Bauen und Umwelt e.V. (IBU);;;;;;;one (1 piece) aluminium lever handle from the OGRO PREMIUM and CORE series, including packaging materials.;;;;;;;;;;;A1-A3;;;;;;;;;;46.9;1.18;48.1;100;0.462;101;0.205;0;0;0.071;0.000000103;1.22;0.007;;;;;;0.028;7.89;-0.126;8;0.01;;;0.00501;0.0000183;0.0501;;;;;0.00000000000119;0.013;101;0.000016;0.835;;;;;;;;;;;;;;;;;;;
8d1fb1eb-6984-4c83-8625-d5b8ff4b5702;00.01.000;;Aluminium lever and window handle CORE/PREMIUM;;;'EN 15804+A2';;DE;specific dataset;2024;2029;;;2024-06-18;EPD-OGR-20240052-CBA5-EN;Institut Bauen und Umwelt e.V. (IBU);;;;;;;one (1 piece) aluminium lever handle from the OGRO PREMIUM and CORE series, including packaging materials.;;;;;;;;;;;A4;;;;;;;;;;0.000286;0;0.000286;0.091;0;0.091;0;0;0;0.000000513;0.00000000000881;0.00000928;0.0000000974;;;;;;0.0000064;;;;;;;0.00000204;0.00000000137;0.0000226;;;;;0.000000000000000000675;0.00000576;0.091;0.000000000192;0.0000125;;;;;;;;;;;;;;;;;;;
8d1fb1eb-6984-4c83-8625-d5b8ff4b5702;00.01.000;;Aluminium lever and window handle CORE/PREMIUM;;;'EN 15804+A2';;DE;specific dataset;2024;2029;;;2024-06-18;EPD-OGR-20240052-CBA5-EN;Institut Bauen und Umwelt e.V. (IBU);;;;;;;one (1 piece) aluminium lever handle from the OGRO PREMIUM and CORE series, including packaging materials.;;;;;;;;;;;A5;;;;;;;;;;;;;0.044;0;0.044;0;0;0;0.000406;0.0000000000647;0.004;0.00000231;;;;;;0.0000389;0.139;0.135;0.003;0.00000229;;;0.0000141;0.0000000049;0.000175;;;;;0.000000000000000025;0.0000372;0.044;0.000000000396;0.017;;;;;;;;;;;;;;;;;;;
8d1fb1eb-6984-4c83-8625-d5b8ff4b5702;00.01.000;;Aluminium lever and window handle CORE/PREMIUM;;;'EN 15804+A2';;DE;specific dataset;2024;2029;;;2024-06-18;EPD-OGR-20240052-CBA5-EN;Institut Bauen und Umwelt e.V. (IBU);;;;;;;one (1 piece) aluminium lever handle from the OGRO PREMIUM and CORE series, including packaging materials.;;;;;;;;;;;C1;;;;;;;;;;0;0;0;0;0;0;0;0;0;0;0;0;0;;;;;;0;0;0;0;0;;;0;0;0;;;;;0;0;0;0;0;;;;;;;;;;;;;;;;;;;
8d1fb1eb-6984-4c83-8625-d5b8ff4b5702;00.01.000;;Aluminium lever and window handle CORE/PREMIUM;;;'EN 15804+A2';;DE;specific dataset;2024;2029;;;2024-06-18;EPD-OGR-20240052-CBA5-EN;Institut Bauen und Umwelt e.V. (IBU);;;;;;;one (1 piece) aluminium lever handle from the OGRO PREMIUM and CORE series, including packaging materials.;;;;;;;;;;;C2;;;;;;;;;;0.000125;0;0.000125;0.04;0;0.04;0;0;0;0.000000224;0.00000000000384;0.00000405;0.0000000425;;;;;;0.00000279;;;;;;;0.000000888;0.000000000597;0.00000987;;;;;0.000000000000000000294;0.00000251;0.04;0.0000000000836;0.00000546;;;;;;;;;;;;;;;;;;;
8d1fb1eb-6984-4c83-8625-d5b8ff4b5702;00.01.000;;Aluminium lever and window handle CORE/PREMIUM;;;'EN 15804+A2';;DE;specific dataset;2024;2029;;;2024-06-18;EPD-OGR-20240052-CBA5-EN;Institut Bauen und Umwelt e.V. (IBU);;;;;;;one (1 piece) aluminium lever handle from the OGRO PREMIUM and CORE series, including packaging materials.;;;;;;;;;;;C3;;;;;;;;;;0.009;0;0.009;0.499;-0.462;0.037;0;0;0;0.000193;0.000000000139;0.008;0.00000136;;;;;;0.000014;0.079;0.00000184;0.079;0.00000445;;;0.00000316;0.00000000634;0.0000639;;;;;0.0000000000000000397;0.00000875;0.037;0.000000000545;0.008;;;;;;;;;;;;;;;;;;;
8d1fb1eb-6984-4c83-8625-d5b8ff4b5702;00.01.000;;Aluminium lever and window handle CORE/PREMIUM;;;'EN 15804+A2';;DE;specific dataset;2024;2029;;;2024-06-18;EPD-OGR-20240052-CBA5-EN;Institut Bauen und Umwelt e.V. (IBU);;;;;;;one (1 piece) aluminium lever handle from the OGRO PREMIUM and CORE series, including packaging materials.;;;;;;;;;;;C4;;;;;;;;;;0;0;0;0;0;0;0;0;0;0;0;0;0;;;;;;0;0;0;0;0;;;0;0;0;;;;;0;0;0;0;0;;;;;;;;;;;;;;;;;;;
8d1fb1eb-6984-4c83-8625-d5b8ff4b5702;00.01.000;;Aluminium lever and window handle CORE/PREMIUM;;;'EN 15804+A2';;DE;specific dataset;2024;2029;;;2024-06-18;EPD-OGR-20240052-CBA5-EN;Institut Bauen und Umwelt e.V. (IBU);;;;;;;one (1 piece) aluminium lever handle from the OGRO PREMIUM and CORE series, including packaging materials.;;;;;;;;;;;D;;;;;;;;;;-19.5;0;-19.5;-40.8;0;-40.8;0;0;0;-0.034;-0.0000000175;-0.76;-0.005;;;;;;-0.011;-2.83;-0.009;-2.82;-0.000513;;;-0.001;-0.00000145;-0.015;;;;;-0.0000000000227;-0.004;-40.8;-0.00000172;-0.136;;;;;;;;;;;;;;;;;;;
5d10c75f-fe7d-4c9e-b180-7076134d7df6;00.01.000;;ADAGIO HD+ (35 mm);;;'EN 15804+A2';;DE;specific dataset;2024;2029;;;2024-11-26;EPD-KNA-20240278-IBA1-EN;Institut Bauen und Umwelt e.V. (IBU);;;;1;qm;;1 m² ADAGIO HD+ mineral ceiling tiles with a surface weight of 9.49 kg/m²;;;;;;;;;;;A1-A3;;;;;;;;;;2.97;17.9;20.9;131;0;131;1.92;0;0;2.61;0.0000164;3.26;0.00364;;;;;;0.0505;7.4;-1.55;8.94;0.00518;;;0.00934;0.000253;0.162;;;;;0.000000000212;0.017;131;0.00000141;3.52;;;;;;;;;;;;;;;;;;;
5d10c75f-fe7d-4c9e-b180-7076134d7df6;00.01.000;;ADAGIO HD+ (35 mm);;;'EN 15804+A2';;DE;specific dataset;2024;2029;;;2024-11-26;EPD-KNA-20240278-IBA1-EN;Institut Bauen und Umwelt e.V. (IBU);;;;1;qm;;1 m² ADAGIO HD+ mineral ceiling tiles with a surface weight of 9.49 kg/m²;;;;;;;;;;;C1;;;;;;;;;;0;0;0;0;0;0;0;0;0;0;0;0;0;;;;;;0;0;0;0;0;;;0;0;0;;;;;0;0;0;0;0;;;;;;;;;;;;;;;;;;;
5d10c75f-fe7d-4c9e-b180-7076134d7df6;00.01.000;;ADAGIO HD+ (35 mm);;;'EN 15804+A2';;DE;specific dataset;2024;2029;;;2024-11-26;EPD-KNA-20240278-IBA1-EN;Institut Bauen und Umwelt e.V. (IBU);;;;1;qm;;1 m² ADAGIO HD+ mineral ceiling tiles with a surface weight of 9.49 kg/m²;;;;;;;;;;;C2;;;;;;;;;;0.0343;0;0.0343;0.473;0;0.473;0;0;0;0.0000375;0.00000000000146;0.000072;0.000000885;;;;;;0.000123;0.0346;0.0000782;0.0342;0.00032;;;0.0000562;0.000000126;0.000631;;;;;0.0000000000000045;0.000111;0.471;0.00000000229;0.000418;;;;;;;;;;;;;;;;;;;
5d10c75f-fe7d-4c9e-b180-7076134d7df6;00.01.000;;ADAGIO HD+ (35 mm);;;'EN 15804+A2';;DE;specific dataset;2024;2029;;;2024-11-26;EPD-KNA-20240278-IBA1-EN;Institut Bauen und Umwelt e.V. (IBU);;;;1;qm;;1 m² ADAGIO HD+ mineral ceiling tiles with a surface weight of 9.49 kg/m²;;;;;;;;;;;C3;;;;;;;;;;0;0;0;0;0;0;0;0;0;0;0;0;0;;;;;;0;0;0;0;0;;;0;0;0;;;;;0;0;0;0;0;;;;;;;;;;;;;;;;;;;
5d10c75f-fe7d-4c9e-b180-7076134d7df6;00.01.000;;ADAGIO HD+ (35 mm);;;'EN 15804+A2';;DE;specific dataset;2024;2029;;;2024-11-26;EPD-KNA-20240278-IBA1-EN;Institut Bauen und Umwelt e.V. (IBU);;;;1;qm;;1 m² ADAGIO HD+ mineral ceiling tiles with a surface weight of 9.49 kg/m²;;;;;;;;;;;C4;;;;;;;;;;0.309;0;0.309;1.9;0;1.9;0;0;0;0.000479;0.0000000000414;9.5;0.0000216;;;;;;0.00101;1.17;1.03;0.14;0.000443;;;0.000261;0.000000287;0.00287;;;;;0.000000000000362;0.000788;1.9;0.00000000659;0.0156;;;;;;;;;;;;;;;;;;;
5d10c75f-fe7d-4c9e-b180-7076134d7df6;00.01.000;;ADAGIO HD+ (35 mm);;;'EN 15804+A2';;DE;specific dataset;2024;2029;;;2024-11-26;EPD-KNA-20240278-IBA1-EN;Institut Bauen und Umwelt e.V. (IBU);;;;1;qm;;1 m² ADAGIO HD+ mineral ceiling tiles with a surface weight of 9.49 kg/m²;;;;;;;;;;;D;;;;;;;;;;0;0;0;0;0;0;0;0;0;0;0;0;0;;;;;;0;0;0;0;0;;;0;0;0;;;;;0;0;0;0;0;;;;;;;;;;;;;;;;;;;
b8b34620-0d90-4771-8a1e-c7ead2c35fbf;00.01.000;;Tufted tiles, 75% rec. PA 6.6 with a maximum total pile weight of 1000 g/m2 , CQuest Bio Sone+ backing;;;'EN 15804+A2';;Ireland, Netherlands;specific dataset;2023;2028;;;2023-02-17;EPD-INT-20220235-CBB1-EN;Institut Bauen und Umwelt e.V. (IBU);;;;1;qm;;1 m² tufted modular carpet tiles with Sone+ acoustic felt covered CQuest Bio (CQB) heavy backing and a pile material of PA 6.6 with 75% recycled content;;;;;;;;;;;A1-A3;;;;;;;;;;43.1;13.7;56.8;122;14.5;136;3.95;0;0;0.329;0.0000002;0.349;0.00714;;;;;;0.0205;6.72;-1.02;7.73;0.0055;;;0.00653;0.000106;0.07;;;;;0.0000000117;0.0184;135;0.00000304;13.1;;;;;;;;;;;;;;;;;;;
b8b34620-0d90-4771-8a1e-c7ead2c35fbf;00.01.000;;Tufted tiles, 75% rec. PA 6.6 with a maximum total pile weight of 1000 g/m2 , CQuest Bio Sone+ backing;;;'EN 15804+A2';;Ireland, Netherlands;specific dataset;2023;2028;;;2023-02-17;EPD-INT-20220235-CBB1-EN;Institut Bauen und Umwelt e.V. (IBU);;;;1;qm;;1 m² tufted modular carpet tiles with Sone+ acoustic felt covered CQuest Bio (CQB) heavy backing and a pile material of PA 6.6 with 75% recycled content;;;;;;;;;;;A4;;;;;;;;;;0.226;0;0.226;3.99;0;3.99;0;0;0;0.000256;0.0000000000191;0.000572;0.00000491;;;;;;0.00177;0.299;0.00379;0.293;0.00166;;;0.00087;0.000000889;0.00963;;;;;;0.00165;3.98;0.0000000249;0.00266;;;;;;;;;;;;;;;;;;;
b8b34620-0d90-4771-8a1e-c7ead2c35fbf;00.01.000;;Tufted tiles, 75% rec. PA 6.6 with a maximum total pile weight of 1000 g/m2 , CQuest Bio Sone+ backing;;;'EN 15804+A2';;Ireland, Netherlands;specific dataset;2023;2028;;;2023-02-17;EPD-INT-20220235-CBB1-EN;Institut Bauen und Umwelt e.V. (IBU);;;;1;qm;;1 m² tufted modular carpet tiles with Sone+ acoustic felt covered CQuest Bio (CQB) heavy backing and a pile material of PA 6.6 with 75% recycled content;;;;;;;;;;;A5;;;;;;;;;;1.99;-0.26;1.73;4.72;-0.396;4.32;0.119;0;0;0.0105;0.00000000602;0.045;0.000218;;;;;;0.000827;0.488;0.0251;0.462;0.000226;;;0.000299;0.00000325;0.00326;;;;;;0.000797;4.28;0.0000000928;0.421;;;;;;;;;;;;;;;;;;;
b8b34620-0d90-4771-8a1e-c7ead2c35fbf;00.01.000;;Tufted tiles, 75% rec. PA 6.6 with a maximum total pile weight of 1000 g/m2 , CQuest Bio Sone+ backing;;;'EN 15804+A2';;Ireland, Netherlands;specific dataset;2023;2028;;;2023-02-17;EPD-INT-20220235-CBB1-EN;Institut Bauen und Umwelt e.V. (IBU);;;;1;qm;;1 m² tufted modular carpet tiles with Sone+ acoustic felt covered CQuest Bio (CQB) heavy backing and a pile material of PA 6.6 with 75% recycled content;;;;;;;;;;;B1;;;;;;;;;;0;0;0;0;0;0;0;0;0;0;0;0;0;;;;;;0;0;0;0;0;;;0;0;0;;;;;0;0.000418;0;0;0;;;;;;;;;;;;;;;;;;;
b8b34620-0d90-4771-8a1e-c7ead2c35fbf;00.01.000;;Tufted tiles, 75% rec. PA 6.6 with a maximum total pile weight of 1000 g/m2 , CQuest Bio Sone+ backing;;;'EN 15804+A2';;Ireland, Netherlands;specific dataset;2023;2028;;;2023-02-17;EPD-INT-20220235-CBB1-EN;Institut Bauen und Umwelt e.V. (IBU);;;;1;qm;;1 m² tufted modular carpet tiles with Sone+ acoustic felt covered CQuest Bio (CQB) heavy backing and a pile material of PA 6.6 with 75% recycled content;;;;;;;;;;;B2;;;;;;;;;;3.69;0;3.69;5.9;0;5.9;0;0;0;0.00334;0.0000419;0.0073;0.000376;;;;;;0.000832;0.416;0.00416;0.215;0.196;;;0.000197;0.00000519;0.00283;;;;;0.0000000342;0.000983;5.9;0.00000023;0.0999;;;;;;;;;;;;;;;;;;;
b8b34620-0d90-4771-8a1e-c7ead2c35fbf;00.01.000;;Tufted tiles, 75% rec. PA 6.6 with a maximum total pile weight of 1000 g/m2 , CQuest Bio Sone+ backing;;;'EN 15804+A2';;Ireland, Netherlands;specific dataset;2023;2028;;;2023-02-17;EPD-INT-20220235-CBB1-EN;Institut Bauen und Umwelt e.V. (IBU);;;;1;qm;;1 m² tufted modular carpet tiles with Sone+ acoustic felt covered CQuest Bio (CQB) heavy backing and a pile material of PA 6.6 with 75% recycled content;;;;;;;;;;;C1;;;;;;;;;;0;0;0;0;0;0;0;0;0;0;0;0;0;;;;;;0;0;0;0;0;;;0;0;0;;;;;0;0;0;0;0;;;;;;;;;;;;;;;;;;;
b8b34620-0d90-4771-8a1e-c7ead2c35fbf;00.01.000;;Tufted tiles, 75% rec. PA 6.6 with a maximum total pile weight of 1000 g/m2 , CQuest Bio Sone+ backing;;;'EN 15804+A2';;Ireland, Netherlands;specific dataset;2023;2028;;;2023-02-17;EPD-INT-20220235-CBB1-EN;Institut Bauen und Umwelt e.V. (IBU);;;;1;qm;;1 m² tufted modular carpet tiles with Sone+ acoustic felt covered CQuest Bio (CQB) heavy backing and a pile material of PA 6.6 with 75% recycled content;;;;;;;;;;;C2;;;;;;;;;;0.0126;0;0.0126;0.222;0;0.222;0;0;0;0.0000142;0.00000000000106;0.0000318;0.000000273;;;;;;0.0000987;0.0166;0.000211;0.0163;0.0000924;;;0.0000484;0.0000000495;0.000536;;;;;;0.0000916;0.222;0.00000000139;0.000148;;;;;;;;;;;;;;;;;;;
b8b34620-0d90-4771-8a1e-c7ead2c35fbf;00.01.000;;Tufted tiles, 75% rec. PA 6.6 with a maximum total pile weight of 1000 g/m2 , CQuest Bio Sone+ backing;;;'EN 15804+A2';;Ireland, Netherlands;specific dataset;2023;2028;;;2023-02-17;EPD-INT-20220235-CBB1-EN;Institut Bauen und Umwelt e.V. (IBU);;;;1;qm;;1 m² tufted modular carpet tiles with Sone+ acoustic felt covered CQuest Bio (CQB) heavy backing and a pile material of PA 6.6 with 75% recycled content;;;;;;;;;;;D;;;;;;;;;;-0.128;0;-0.128;-0.469;0;-0.469;0;0;0;-0.000123;-0.0000000000636;-0.000237;-0.0000368;;;;;;-0.0000362;-0.0277;-0.000141;-0.0276;-0.00000302;;;-0.00000983;-0.0000000378;-0.000105;;;;;;-0.0000275;-0.469;-0.00000000415;-0.00289;;;;;;;;;;;;;;;;;;;
b8b34620-0d90-4771-8a1e-c7ead2c35fbf;00.01.000;;Tufted tiles, 75% rec. PA 6.6 with a maximum total pile weight of 1000 g/m2 , CQuest Bio Sone+ backing;;;'EN 15804+A2';;Ireland, Netherlands;specific dataset;2023;2028;;;2023-02-17;EPD-INT-20220235-CBB1-EN;Institut Bauen und Umwelt e.V. (IBU);;;;1;qm;;1 m² tufted modular carpet tiles with Sone+ acoustic felt covered CQuest Bio (CQB) heavy backing and a pile material of PA 6.6 with 75% recycled content;;;;;;;;;;;C3/2;;;;;;;;;;;;;17.4;-14.1;3.28;0;0;0;0.0191;0.000000000484;1.15;0.000124;;;;;;0.00512;6.4;0.949;5.45;0.000235;;;0.00248;0.000000849;0.0278;;;;;;0.00637;3.28;0.0000000279;0.808;;;;;;;;;;;;;;;;;;;
b8b34620-0d90-4771-8a1e-c7ead2c35fbf;00.01.000;;Tufted tiles, 75% rec. PA 6.6 with a maximum total pile weight of 1000 g/m2 , CQuest Bio Sone+ backing;;;'EN 15804+A2';;Ireland, Netherlands;specific dataset;2023;2028;;;2023-02-17;EPD-INT-20220235-CBB1-EN;Institut Bauen und Umwelt e.V. (IBU);;;;1;qm;;1 m² tufted modular carpet tiles with Sone+ acoustic felt covered CQuest Bio (CQB) heavy backing and a pile material of PA 6.6 with 75% recycled content;;;;;;;;;;;C3/3;;;;;;;;;;;;;18.4;-14.1;4.29;0;0;0;0.0194;0.000000000526;1.15;0.000198;;;;;;0.00542;6.47;0.95;5.52;0.000471;;;0.00261;0.00000105;0.0293;;;;;;0.00663;4.29;0.0000000382;0.814;;;;;;;;;;;;;;;;;;;
b8b34620-0d90-4771-8a1e-c7ead2c35fbf;00.01.000;;Tufted tiles, 75% rec. PA 6.6 with a maximum total pile weight of 1000 g/m2 , CQuest Bio Sone+ backing;;;'EN 15804+A2';;Ireland, Netherlands;specific dataset;2023;2028;;;2023-02-17;EPD-INT-20220235-CBB1-EN;Institut Bauen und Umwelt e.V. (IBU);;;;1;qm;;1 m² tufted modular carpet tiles with Sone+ acoustic felt covered CQuest Bio (CQB) heavy backing and a pile material of PA 6.6 with 75% recycled content;;;;;;;;;;;C4/1;;;;;;;;;;0.405;0;0.405;4.93;0;4.93;0;0;0;0.0000577;0.00000000076;4.88;0.0000605;;;;;;0.00103;1.29;0.948;0.343;0.000169;;;0.000228;0.0000648;0.0025;;;;;;0.000732;4.93;0.0000000241;-0.00368;;;;;;;;;;;;;;;;;;;
b8b34620-0d90-4771-8a1e-c7ead2c35fbf;00.01.000;;Tufted tiles, 75% rec. PA 6.6 with a maximum total pile weight of 1000 g/m2 , CQuest Bio Sone+ backing;;;'EN 15804+A2';;Ireland, Netherlands;specific dataset;2023;2028;;;2023-02-17;EPD-INT-20220235-CBB1-EN;Institut Bauen und Umwelt e.V. (IBU);;;;1;qm;;1 m² tufted modular carpet tiles with Sone+ acoustic felt covered CQuest Bio (CQB) heavy backing and a pile material of PA 6.6 with 75% recycled content;;;;;;;;;;;D/1;;;;;;;;;;0;0;0;0;0;0;0;0;0;0;0;0;0;;;;;;0;0;0;0;0;;;0;0;0;;;;;0;0;0;0;0;;;;;;;;;;;;;;;;;;;
b8b34620-0d90-4771-8a1e-c7ead2c35fbf;00.01.000;;Tufted tiles, 75% rec. PA 6.6 with a maximum total pile weight of 1000 g/m2 , CQuest Bio Sone+ backing;;;'EN 15804+A2';;Ireland, Netherlands;specific dataset;2023;2028;;;2023-02-17;EPD-INT-20220235-CBB1-EN;Institut Bauen und Umwelt e.V. (IBU);;;;1;qm;;1 m² tufted modular carpet tiles with Sone+ acoustic felt covered CQuest Bio (CQB) heavy backing and a pile material of PA 6.6 with 75% recycled content;;;;;;;;;;;D/2;;;;;;;;;;-2.15;0;-2.15;-7.93;0;-7.93;0;0;0;-0.00205;-0.00000000108;-0.00398;-0.000616;;;;;;-0.000609;-0.469;-0.00236;-0.467;-0.0000507;;;-0.000166;-0.000000633;-0.00178;;;;;;-0.000464;-7.93;-0.0000000697;-0.0485;;;;;;;;;;;;;;;;;;;
b8b34620-0d90-4771-8a1e-c7ead2c35fbf;00.01.000;;Tufted tiles, 75% rec. PA 6.6 with a maximum total pile weight of 1000 g/m2 , CQuest Bio Sone+ backing;;;'EN 15804+A2';;Ireland, Netherlands;specific dataset;2023;2028;;;2023-02-17;EPD-INT-20220235-CBB1-EN;Institut Bauen und Umwelt e.V. (IBU);;;;1;qm;;1 m² tufted modular carpet tiles with Sone+ acoustic felt covered CQuest Bio (CQB) heavy backing and a pile material of PA 6.6 with 75% recycled content;;;;;;;;;;;D/3;;;;;;;;;;-0.319;0;-0.319;-25.3;0;-25.3;0.17;0;0;-0.00238;-0.000000000186;-0.109;-0.0000703;;;;;;-0.000855;-0.223;-0.000379;-0.222;-0.000108;;;-0.000256;-0.000000239;-0.00281;;;;;;-0.000765;-25.3;-0.0000000214;-0.032;;;;;;;;;;;;;;;;;;;
3746e207-6357-4668-a4d1-d7a5c5356b22;00.01.000;;Dalmatiner EPS Boards 032;;;'EN 15804+A2';;DE;specific dataset;2023;2028;;;2023-12-07;EPD-CPL-20230411-CBC1-DE;Institut Bauen und Umwelt e.V. (IBU);;;;1;m3;;1 m³ EPS-Hartschaum aus grauem und weißem Polystyrol (Dalmatinerplatte) 032 mit einer Rohdichte von 15,5 kg/m³;;;;;;;;;;;A1-A3;;;;;;;;;;57.6;2.1;59.7;796;593;1390;0.419;0;0;0.241;0.000000122;3.19;0.00913;0;0;0;0;0;0.0951;54.5;0.0451;54.4;0.00949;734;0.00000102;0.0241;0.0000585;0.264;0.0000000165;0.00000069;0.994;53.9;0.000000000167;0.707;1390;0.00000535;5.51;;;;;;;;;;;;;;;;;;;
3746e207-6357-4668-a4d1-d7a5c5356b22;00.01.000;;Dalmatiner EPS Boards 032;;;'EN 15804+A2';;DE;specific dataset;2023;2028;;;2023-12-07;EPD-CPL-20230411-CBC1-DE;Institut Bauen und Umwelt e.V. (IBU);;;;1;m3;;1 m³ EPS-Hartschaum aus grauem und weißem Polystyrol (Dalmatinerplatte) 032 mit einer Rohdichte von 15,5 kg/m³;;;;;;;;;;;A4;;;;;;;;;;0.181;0;0.181;3.04;0;3.04;0;0;0;0.000157;0.0000000000141;0.000482;0.00000306;0;0;0;0;0;0.000229;0.231;0.000245;0.23;0.000853;2.41;0.00000000131;0.0000794;0.000000473;0.000942;0.0000000000479;0.00000000239;0.000298;0.955;0.0000000000000326;0.000203;3.04;0.0000000236;0.000901;;;;;;;;;;;;;;;;;;;
3746e207-6357-4668-a4d1-d7a5c5356b22;00.01.000;;Dalmatiner EPS Boards 032;;;'EN 15804+A2';;DE;specific dataset;2023;2028;;;2023-12-07;EPD-CPL-20230411-CBC1-DE;Institut Bauen und Umwelt e.V. (IBU);;;;1;m3;;1 m³ EPS-Hartschaum aus grauem und weißem Polystyrol (Dalmatinerplatte) 032 mit einer Rohdichte von 15,5 kg/m³;;;;;;;;;;;A5;;;;;;;;;;;;;4.39;-4.22;0.168;0;0;0;0.00102;0.0000000000149;0.0277;0.0000056;0;0;0;0.599;1.39;0.000088;0.425;0.166;0.259;0.00000746;0.0669;0.000000000735;0.000024;0.0000000274;0.000409;0.00000000000513;0.000000000412;0.000555;0.0513;0.000000000000109;0.0000641;0.168;0.00000000265;0.0431;;;;;;;;;;;;;;;;;;;
3746e207-6357-4668-a4d1-d7a5c5356b22;00.01.000;;Dalmatiner EPS Boards 032;;;'EN 15804+A2';;DE;specific dataset;2023;2028;;;2023-12-07;EPD-CPL-20230411-CBC1-DE;Institut Bauen und Umwelt e.V. (IBU);;;;1;m3;;1 m³ EPS-Hartschaum aus grauem und weißem Polystyrol (Dalmatinerplatte) 032 mit einer Rohdichte von 15,5 kg/m³;;;;;;;;;;;C1;;;;;;;;;;0;0;0;0;0;0;0;0;0;0;0;0;0;0;0;0;0;0;0;0;0;0;0;0;0;0;0;0;0;0;0;0;0;0;0;0;0;;;;;;;;;;;;;;;;;;;
3746e207-6357-4668-a4d1-d7a5c5356b22;00.01.000;;Dalmatiner EPS Boards 032;;;'EN 15804+A2';;DE;specific dataset;2023;2028;;;2023-12-07;EPD-CPL-20230411-CBC1-DE;Institut Bauen und Umwelt e.V. (IBU);;;;1;m3;;1 m³ EPS-Hartschaum aus grauem und weißem Polystyrol (Dalmatinerplatte) 032 mit einer Rohdichte von 15,5 kg/m³;;;;;;;;;;;C2;;;;;;;;;;0.0898;0;0.0898;1.51;0;1.51;0;0;0;0.0000783;0.00000000000699;0.00024;0.00000152;0;0;0;0;0;0.000114;0.115;0.000196;0.114;0.000424;1.2;0.000000000654;0.0000395;0.000000235;0.000469;0.0000000000238;0.00000000119;0.000148;0.475;0.0000000000000162;0.000101;1.51;0.0000000117;0.000448;;;;;;;;;;;;;;;;;;;
3746e207-6357-4668-a4d1-d7a5c5356b22;00.01.000;;Dalmatiner EPS Boards 032;;;'EN 15804+A2';;DE;specific dataset;2023;2028;;;2023-12-07;EPD-CPL-20230411-CBC1-DE;Institut Bauen und Umwelt e.V. (IBU);;;;1;m3;;1 m³ EPS-Hartschaum aus grauem und weißem Polystyrol (Dalmatinerplatte) 032 mit einer Rohdichte von 15,5 kg/m³;;;;;;;;;;;C3;;;;;;;;;;1.9;0;1.9;596;-589;7.21;0;0;0;0.099;0.000000000724;0.316;0.00021;0;0;0;80.1;185;0.00694;52;0.00266;52;0.000102;2.88;0.0000000431;0.00117;0.000000917;0.0325;0.000000000294;0.00000000978;0.0208;2.09;0.00000000000407;0.00316;7.21;0.0000000997;4.22;;;;;;;;;;;;;;;;;;;
3746e207-6357-4668-a4d1-d7a5c5356b22;00.01.000;;Dalmatiner EPS Boards 032;;;'EN 15804+A2';;DE;specific dataset;2023;2028;;;2023-12-07;EPD-CPL-20230411-CBC1-DE;Institut Bauen und Umwelt e.V. (IBU);;;;1;m3;;1 m³ EPS-Hartschaum aus grauem und weißem Polystyrol (Dalmatinerplatte) 032 mit einer Rohdichte von 15,5 kg/m³;;;;;;;;;;;C4;;;;;;;;;;0;0;0;0;0;0;0;0;0;0;0;0;0;0;0;0;0;0;0;0;0;0;0;0;0;0;0;0;0;0;0;0;0;0;0;0;0;;;;;;;;;;;;;;;;;;;
3746e207-6357-4668-a4d1-d7a5c5356b22;00.01.000;;Dalmatiner EPS Boards 032;;;'EN 15804+A2';;DE;specific dataset;2023;2028;;;2023-12-07;EPD-CPL-20230411-CBC1-DE;Institut Bauen und Umwelt e.V. (IBU);;;;1;m3;;1 m³ EPS-Hartschaum aus grauem und weißem Polystyrol (Dalmatinerplatte) 032 mit einer Rohdichte von 15,5 kg/m³;;;;;;;;;;;D;;;;;;;;;;-115;0;-115;-340;0;-340;0;0;0;-0.0474;-0.000000059;-0.2;-0.0127;0;0;0;0;0;-0.0232;-23.6;-0.174;-23.4;-0.00412;-57.6;-0.00000017;-0.00842;-0.0000507;-0.0897;-0.00000000361;-0.000000163;-1.26;-78.1;-0.000000000248;-0.0218;-340;-0.00000585;-0.293;;;;;;;;;;;;;;;;;;;
64094d81-5034-49a5-ae9d-12d67aff0035;00.01.000;;Extension module 90 43;;;'EN 15804+A2';;DE;specific dataset;2021;2026;;;2021-10-07;EPD-DOR-20210197-CBA2-EN;Institut Bauen und Umwelt e.V. (IBU);;;;1;pcs.;;1 piece of the product: Extension module 90 43;;;;;;;;;;;A1-A3;;;;;;;;;;12.1;0.791;12.9;39.5;1.96;41.4;0;0;0;0.022;0.00000375;0.119;0.000943;0;0;0;0.107;0.195;0.0191;3.41;-0.0179;3.42;0.00509;19.9;0.000000197;0.00305;0.0000257;0.0364;0.0000000012;0.0000000632;0.091;18.2;0.000000000472;0.0101;41.4;0.000731;0.853;;;;;;;;;;;;;;;;;;;
64094d81-5034-49a5-ae9d-12d67aff0035;00.01.000;;Extension module 90 43;;;'EN 15804+A2';;DE;specific dataset;2021;2026;;;2021-10-07;EPD-DOR-20210197-CBA2-EN;Institut Bauen und Umwelt e.V. (IBU);;;;1;pcs.;;1 piece of the product: Extension module 90 43;;;;;;;;;;;A4;;;;;;;;;;0.000409;0;0.000409;0.13;0;0.13;0;0;0;0.000000734;0.0000000000126;0.0000133;0.00000014;0;0;0;0;0;0.00000916;;;;;0.092;0.0000000000482;0.00000292;0.00000000196;0.0000324;0.00000000000173;0.000000000074;0.0000199;0.000334;0.000000000000000000966;0.00000824;0.13;0.000000000275;0.0000179;;;;;;;;;;;;;;;;;;;
64094d81-5034-49a5-ae9d-12d67aff0035;00.01.000;;Extension module 90 43;;;'EN 15804+A2';;DE;specific dataset;2021;2026;;;2021-10-07;EPD-DOR-20210197-CBA2-EN;Institut Bauen und Umwelt e.V. (IBU);;;;1;pcs.;;1 piece of the product: Extension module 90 43;;;;;;;;;;;A5;;;;;;;;;;0.646;-0.642;0.004;0.024;0;0.024;0;0;0;0.000221;0.0000000000353;0.002;0.00000126;0;0;0;0.115;0.208;0.0000212;0.076;0.074;0.002;0.00000125;0.011;0.000000000118;0.00000767;0.00000000267;0.0000956;0.000000000000601;0.0000000000261;0.000195;0.006;0.0000000000000000137;0.0000203;0.024;0.000000000216;0.009;;;;;;;;;;;;;;;;;;;
64094d81-5034-49a5-ae9d-12d67aff0035;00.01.000;;Extension module 90 43;;;'EN 15804+A2';;DE;specific dataset;2021;2026;;;2021-10-07;EPD-DOR-20210197-CBA2-EN;Institut Bauen und Umwelt e.V. (IBU);;;;1;pcs.;;1 piece of the product: Extension module 90 43;;;;;;;;;;;B6;;;;;;;;;;743;0;743;1680;0;1680;0;0;0;0.86;0.000000694;1.19;0.255;0;0;0;0;0;0.211;95.9;0.318;95.4;0.138;717;0.00000177;0.047;0.000255;0.492;0.0000000198;0.00000073;41.8;534;0.0000000000021;0.128;1680;0.0000276;20.8;;;;;;;;;;;;;;;;;;;
64094d81-5034-49a5-ae9d-12d67aff0035;00.01.000;;Extension module 90 43;;;'EN 15804+A2';;DE;specific dataset;2021;2026;;;2021-10-07;EPD-DOR-20210197-CBA2-EN;Institut Bauen und Umwelt e.V. (IBU);;;;1;pcs.;;1 piece of the product: Extension module 90 43;;;;;;;;;;;C1;;;;;;;;;;0;0;0;0;0;0;0;0;0;0;0;0;0;0;0;0;0;0;0;0;0;0;0;0;0;0;0;0;0;0;0;0;0;0;0;0;0;;;;;;;;;;;;;;;;;;;
64094d81-5034-49a5-ae9d-12d67aff0035;00.01.000;;Extension module 90 43;;;'EN 15804+A2';;DE;specific dataset;2021;2026;;;2021-10-07;EPD-DOR-20210197-CBA2-EN;Institut Bauen und Umwelt e.V. (IBU);;;;1;pcs.;;1 piece of the product: Extension module 90 43;;;;;;;;;;;C2;;;;;;;;;;0.0000198;0;0.0000198;0.006;0;0.006;0;0;0;0.0000000356;0.00000000000061;0.000000644;0.00000000676;0;0;0;0;0;0.000000444;0.000464;0.0000205;0.000443;0.0000000106;0.004;0.00000000000233;0.000000141;0.0000000000949;0.00000157;0.0000000000000838;0.00000000000359;0.000000965;0.0000162;0.0000000000000000000468;0.000000399;0.006;0.0000000000133;0.000000869;;;;;;;;;;;;;;;;;;;
64094d81-5034-49a5-ae9d-12d67aff0035;00.01.000;;Extension module 90 43;;;'EN 15804+A2';;DE;specific dataset;2021;2026;;;2021-10-07;EPD-DOR-20210197-CBA2-EN;Institut Bauen und Umwelt e.V. (IBU);;;;1;pcs.;;1 piece of the product: Extension module 90 43;;;;;;;;;;;C3;;;;;;;;;;0.162;-0.149;0.013;2.01;-1.96;0.049;0;0;0;0.000259;0.000000000187;0.011;0.00000182;0;0.052;0;0;0;0.0000189;0.106;0.00000247;0.106;0.00000598;0.018;0.000000000241;0.00000425;0.00000000852;0.0000858;0.00000000000159;0.000000000161;0.000164;0.015;0.0000000000000000534;0.0000118;0.049;0.000000000732;0.011;;;;;;;;;;;;;;;;;;;
64094d81-5034-49a5-ae9d-12d67aff0035;00.01.000;;Extension module 90 43;;;'EN 15804+A2';;DE;specific dataset;2021;2026;;;2021-10-07;EPD-DOR-20210197-CBA2-EN;Institut Bauen und Umwelt e.V. (IBU);;;;1;pcs.;;1 piece of the product: Extension module 90 43;;;;;;;;;;;C4;;;;;;;;;;0.000325;0;0.000325;0.002;0;0.002;0;0;0;0.000000625;0.0000000000378;0.012;0.0000000282;0;0;0;0;0;0.00000136;0.00019;0.000000645;0.000189;0.000000544;0.001;0.0000000000168;0.000000349;0.000000000324;0.00000383;0.00000000000021;0.0000000000231;0.0000029;0.000517;0.0000000000000000007;0.00000106;0.002;0.000000000017;0.0000198;;;;;;;;;;;;;;;;;;;
64094d81-5034-49a5-ae9d-12d67aff0035;00.01.000;;Extension module 90 43;;;'EN 15804+A2';;DE;specific dataset;2021;2026;;;2021-10-07;EPD-DOR-20210197-CBA2-EN;Institut Bauen und Umwelt e.V. (IBU);;;;1;pcs.;;1 piece of the product: Extension module 90 43;;;;;;;;;;;D;;;;;;;;;;-0.441;0;-0.441;-2.81;0;-2.81;0;0;0;-0.001;-0.00000000847;-0.032;-0.0000923;0;0;0;0;0;-0.003;-0.206;0.000192;-0.206;-0.000281;-1.32;-0.0000000206;-0.000198;-0.000000183;-0.002;-0.0000000000892;-0.00000000716;-0.014;-1.22;-0.00000000000000119;-0.000659;-2.8;-0.000115;-0.074;;;;;;;;;;;;;;;;;;;
fc1ebedc-dcfc-43dd-a92d-bdc02c3e538c;00.01.000;;Green Roof System;;;'EN 15804+A2';;DE;specific dataset;2020;2025;;;2020-07-31;EPD-ZIC-20200082-CCA1-EN;Institut Bauen und Umwelt e.V. (IBU);;;;1;qm;;"1 m² ""Heather with Lavender"" Green Roof System";;;;;;;;;;;A1-A3;;;;;;;;;;12.7;3.24;15.9;32;14.3;46.3;52.8;0;0;0.00694;0.000000451;0.21;0.00118;;;;;;0.00597;-2.67;-5.32;2.64;0.00643;;;0.00243;0.00000815;0.0268;;;;;0.0000000000000337;0.00639;47.4;0.000000524;0.144;;;;;;;;;;;;;;;;;;;
fc1ebedc-dcfc-43dd-a92d-bdc02c3e538c;00.01.000;;Green Roof System;;;'EN 15804+A2';;DE;specific dataset;2020;2025;;;2020-07-31;EPD-ZIC-20200082-CCA1-EN;Institut Bauen und Umwelt e.V. (IBU);;;;1;qm;;"1 m² ""Heather with Lavender"" Green Roof System";;;;;;;;;;;A4;;;;;;;;;;0.366;0;0.366;6.3;0;6.3;0;0;0;0.000328;0.000000236;0.00111;0.00000664;;;;;;0.000394;0.476;0.00019;0.474;0.00199;;;0.000113;0.00000103;0.00139;;;;;0.000000000000000116;0.000316;6.3;0.0000000394;0.00204;;;;;;;;;;;;;;;;;;;
fc1ebedc-dcfc-43dd-a92d-bdc02c3e538c;00.01.000;;Green Roof System;;;'EN 15804+A2';;DE;specific dataset;2020;2025;;;2020-07-31;EPD-ZIC-20200082-CCA1-EN;Institut Bauen und Umwelt e.V. (IBU);;;;1;qm;;"1 m² ""Heather with Lavender"" Green Roof System";;;;;;;;;;;A5;;;;;;;;;;3.68;-3.24;0.444;8.75;-1.5;7.25;0;0;0;0.00191;0.000000265;0.0231;0.0000155;;;;;;0.000372;0.694;0.3;0.392;0.00224;;;0.0000742;0.00000118;0.00109;;;;;0.000000000000000236;0.000265;7.24;0.0000000459;0.0674;;;;;;;;;;;;;;;;;;;
fc1ebedc-dcfc-43dd-a92d-bdc02c3e538c;00.01.000;;Green Roof System;;;'EN 15804+A2';;DE;specific dataset;2020;2025;;;2020-07-31;EPD-ZIC-20200082-CCA1-EN;Institut Bauen und Umwelt e.V. (IBU);;;;1;qm;;"1 m² ""Heather with Lavender"" Green Roof System";;;;;;;;;;;B1;;;;;;;;;;0.15;0;0.15;2.04;0;2.04;0;0;0;0.000634;0.00000000166;0.215;0.0000245;;;;;;0.000694;0.0994;0.00282;0.0965;0.0000705;;;0.0000821;0.00000226;0.000894;;;;;0.000000000000000616;0.000258;2.04;0.000000191;0.00317;;;;;;;;;;;;;;;;;;;
fc1ebedc-dcfc-43dd-a92d-bdc02c3e538c;00.01.000;;Green Roof System;;;'EN 15804+A2';;DE;specific dataset;2020;2025;;;2020-07-31;EPD-ZIC-20200082-CCA1-EN;Institut Bauen und Umwelt e.V. (IBU);;;;1;qm;;"1 m² ""Heather with Lavender"" Green Roof System";;;;;;;;;;;C1;;;;;;;;;;0.412;0;0.412;7.08;0;7.08;0;0;0;0.000369;0.000000265;0.00124;0.00000746;;;;;;0.000287;0.0512;-0.0236;0.0726;0.00223;;;0.0000494;0.00000116;0.000701;;;;;0.000000000000000131;0.000195;7.08;0.0000000443;0.0023;;;;;;;;;;;;;;;;;;;
fc1ebedc-dcfc-43dd-a92d-bdc02c3e538c;00.01.000;;Green Roof System;;;'EN 15804+A2';;DE;specific dataset;2020;2025;;;2020-07-31;EPD-ZIC-20200082-CCA1-EN;Institut Bauen und Umwelt e.V. (IBU);;;;1;qm;;"1 m² ""Heather with Lavender"" Green Roof System";;;;;;;;;;;C2;;;;;;;;;;0.183;0;0.183;3.15;0;3.15;0;0;0;0.000165;0.000000118;0.000553;0.00000331;;;;;;0.000197;0.238;0.0000954;0.237;0.000993;;;0.0000565;0.000000517;0.000699;;;;;0.0000000000000000582;0.000158;3.15;0.0000000197;0.00102;;;;;;;;;;;;;;;;;;;
fc1ebedc-dcfc-43dd-a92d-bdc02c3e538c;00.01.000;;Green Roof System;;;'EN 15804+A2';;DE;specific dataset;2020;2025;;;2020-07-31;EPD-ZIC-20200082-CCA1-EN;Institut Bauen und Umwelt e.V. (IBU);;;;1;qm;;"1 m² ""Heather with Lavender"" Green Roof System";;;;;;;;;;;C3;;;;;;;;;;0.522;0;0.522;6.96;-4.4;2.56;0;0;0;0.0168;0.00000000858;0.627;0.000106;;;;;;0.000897;6.85;-0.000316;6.85;0.00023;;;0.000241;0.000000322;0.00401;;;;;0.00000000000000191;0.00069;2.56;0.0000000282;0.709;;;;;;;;;;;;;;;;;;;
fc1ebedc-dcfc-43dd-a92d-bdc02c3e538c;00.01.000;;Green Roof System;;;'EN 15804+A2';;DE;specific dataset;2020;2025;;;2020-07-31;EPD-ZIC-20200082-CCA1-EN;Institut Bauen und Umwelt e.V. (IBU);;;;1;qm;;"1 m² ""Heather with Lavender"" Green Roof System";;;;;;;;;;;C4;;;;;;;;;;3.12;0;3.12;37.5;-8.4;29.1;0;0;0;0.00551;0.000000312;98.3;0.000339;;;;;;0.0131;11.5;9.31;2.17;0.00453;;;0.00655;0.000458;0.0383;;;;;0.00000000000000681;0.0133;29.1;0.000000175;0.171;;;;;;;;;;;;;;;;;;;
fc1ebedc-dcfc-43dd-a92d-bdc02c3e538c;00.01.000;;Green Roof System;;;'EN 15804+A2';;DE;specific dataset;2020;2025;;;2020-07-31;EPD-ZIC-20200082-CCA1-EN;Institut Bauen und Umwelt e.V. (IBU);;;;1;qm;;"1 m² ""Heather with Lavender"" Green Roof System";;;;;;;;;;;D;;;;;;;;;;-1.76;0;-1.76;-6.26;0;-6.26;0;0;0;-0.00203;-0.00000000252;-0.00332;-0.000601;;;;;;-0.00059;-0.366;-0.000954;-0.366;-0.000329;;;-0.000145;-0.000000606;-0.00154;;;;;-0.00000000000000494;-0.00041;-6.26;-0.0000000723;-0.0491;;;;;;;;;;;;;;;;;;;
a3f79f13-d2f4-4a64-aadc-ca289a90f21c;00.01.000;;Double cylinder - star cross, star, 20 and 8;;;'EN 15804+A2';;CH;specific dataset;2021;2026;;;2021-06-29;EPD-DOR-20210151-CBA1-EN;Institut Bauen und Umwelt e.V. (IBU);;;;1;pcs.;;1 piece of the product: star mechanical key system, consisting of the following items: - one star double cylinder - one star reversible key;;;;;;;;;;;A1-A3;;;;;;;;;;13;0.468;13.5;4.77;0.305;5.08;0.193;0;0;0.00524;0.0000000389;0.0828;0.000251;0;0;0;0.0794;0.144;0.00347;0.382;-0.0102;0.392;0.000664;3.71;0.0000000296;0.000309;0.00000161;0.0033;0.00000000501;0.0000000138;0.0373;9.5;0.00000000000158;0.00101;5.07;0.000129;0.223;;;;;;;;;;;;;;;;;;;
a3f79f13-d2f4-4a64-aadc-ca289a90f21c;00.01.000;;Double cylinder - star cross, star, 20 and 8;;;'EN 15804+A2';;CH;specific dataset;2021;2026;;;2021-06-29;EPD-DOR-20210151-CBA1-EN;Institut Bauen und Umwelt e.V. (IBU);;;;1;pcs.;;1 piece of the product: star mechanical key system, consisting of the following items: - one star double cylinder - one star reversible key;;;;;;;;;;;A4;;;;;;;;;;0.0000968;0;0.0000968;0.0307;0;0.0307;0;0;0;0.000000174;0.00000000000298;0.00000314;0.000000033;0;0;0;0;0;0.00000217;0.00226;0.0001;0.00216;0.0000000515;0.0218;0.0000000000114;0.000000689;0.000000000463;0.00000766;0.000000000000409;0.0000000000175;0.00000471;0.0000789;0.000000000000000000229;0.00000195;0.0307;0.0000000000649;0.00000424;;;;;;;;;;;;;;;;;;;
a3f79f13-d2f4-4a64-aadc-ca289a90f21c;00.01.000;;Double cylinder - star cross, star, 20 and 8;;;'EN 15804+A2';;CH;specific dataset;2021;2026;;;2021-06-29;EPD-DOR-20210151-CBA1-EN;Institut Bauen und Umwelt e.V. (IBU);;;;1;pcs.;;1 piece of the product: star mechanical key system, consisting of the following items: - one star double cylinder - one star reversible key;;;;;;;;;;;A5;;;;;;;;;;0.473;-0.468;0.00501;0.283;-0.258;0.0245;0;0;0;0.000199;0.0000000000527;0.00332;0.00000118;0;0;0;0.112;0.217;0.0000182;0.0705;0.0539;0.0166;0.00000177;0.0109;0.00000000012;0.0000062;0.00000000318;0.0000821;0.000000000000668;0.0000000000422;0.000166;0.00675;0.0000000000000000177;0.0000165;0.0245;0.000000000263;0.00842;;;;;;;;;;;;;;;;;;;
a3f79f13-d2f4-4a64-aadc-ca289a90f21c;00.01.000;;Double cylinder - star cross, star, 20 and 8;;;'EN 15804+A2';;CH;specific dataset;2021;2026;;;2021-06-29;EPD-DOR-20210151-CBA1-EN;Institut Bauen und Umwelt e.V. (IBU);;;;1;pcs.;;1 piece of the product: star mechanical key system, consisting of the following items: - one star double cylinder - one star reversible key;;;;;;;;;;;C1;;;;;;;;;;0;0;0;0;0;0;0;0;0;0;0;0;0;0;0;0;0;0;0;0;0;0;0;0;0;0;0;0;0;0;0;0;0;0;0;0;0;;;;;;;;;;;;;;;;;;;
a3f79f13-d2f4-4a64-aadc-ca289a90f21c;00.01.000;;Double cylinder - star cross, star, 20 and 8;;;'EN 15804+A2';;CH;specific dataset;2021;2026;;;2021-06-29;EPD-DOR-20210151-CBA1-EN;Institut Bauen und Umwelt e.V. (IBU);;;;1;pcs.;;1 piece of the product: star mechanical key system, consisting of the following items: - one star double cylinder - one star reversible key;;;;;;;;;;;C2;;;;;;;;;;0.00004;0;0.00004;0.0127;0;0.0127;0;0;0;0.0000000717;0.00000000000123;0.0000013;0.0000000136;0;0;0;0;0;0.000000895;0.000936;0.0000413;0.000894;0.0000000213;0.00899;0.0000000000047;0.000000285;0.000000000191;0.00000317;0.000000000000169;0.00000000000723;0.00000195;0.0000326;0.0000000000000000000944;0.000000805;0.0127;0.0000000000268;0.00000175;;;;;;;;;;;;;;;;;;;
a3f79f13-d2f4-4a64-aadc-ca289a90f21c;00.01.000;;Double cylinder - star cross, star, 20 and 8;;;'EN 15804+A2';;CH;specific dataset;2021;2026;;;2021-06-29;EPD-DOR-20210151-CBA1-EN;Institut Bauen und Umwelt e.V. (IBU);;;;1;pcs.;;1 piece of the product: star mechanical key system, consisting of the following items: - one star double cylinder - one star reversible key;;;;;;;;;;;C3;;;;;;;;;;0.000429;0;0.000429;0.0482;-0.0466;0.00165;0;0;0;0.00000871;0.00000000000629;0.00037;0.0000000612;0;0.213;0;0;0;0.000000633;0.00356;0.0000000829;0.00356;0.000000201;0.000619;0.00000000000808;0.000000143;0.000000000286;0.00000289;0.0000000000000536;0.00000000000543;0.00000552;0.000494;0.00000000000000000179;0.000000395;0.00165;0.0000000000246;0.000364;;;;;;;;;;;;;;;;;;;
a3f79f13-d2f4-4a64-aadc-ca289a90f21c;00.01.000;;Double cylinder - star cross, star, 20 and 8;;;'EN 15804+A2';;CH;specific dataset;2021;2026;;;2021-06-29;EPD-DOR-20210151-CBA1-EN;Institut Bauen und Umwelt e.V. (IBU);;;;1;pcs.;;1 piece of the product: star mechanical key system, consisting of the following items: - one star double cylinder - one star reversible key;;;;;;;;;;;D;;;;;;;;;;-0.163;0;-0.163;-1.19;0;-1.19;0;0;0;-0.000936;-0.0000000256;-0.0202;-0.0000262;0;0;0;0;0;-0.000921;-0.103;0.000224;-0.103;-0.000156;-0.523;-0.00000000867;-0.0000635;-0.000000059;-0.000672;-0.0000000000593;-0.00000000294;-0.00538;-0.564;-0.000000000000000448;-0.000229;-1.19;-0.0000207;-0.0407;;;;;;;;;;;;;;;;;;;
42d79c2a-7947-4581-8f2f-3612ce427b82;00.01.000;;Nonwoven glass fibre wall covering;;;'EN 15804+A2';;DE;specific dataset;2024;2029;;;2024-01-09;EPD-VIT-20230429-CBC1-EN;Institut Bauen und Umwelt e.V. (IBU);;;;1;qm;;1 m2 of nonwoven glass fibre wall covering with an average grammage of around 0.124 kg/m2.;;;;;;;;;;;A1-A3;;;;;;;;;;1.9;0.351;2.25;11.2;0.0479;11.2;0.0106;0;0;0.00758;0.00000000506;0.0936;0.000347;0;0;0;0;0;0.0022;0.511;-0.05;0.561;0.000254;3.77;0.0000000228;0.000441;0.00000793;0.00473;0.00000000152;0.000000148;0.0456;9.26;0.00000000000217;0.00132;11.2;0.000000164;0.183;;;;;;;;;;;;;;;;;;;
42d79c2a-7947-4581-8f2f-3612ce427b82;00.01.000;;Nonwoven glass fibre wall covering;;;'EN 15804+A2';;DE;specific dataset;2024;2029;;;2024-01-09;EPD-VIT-20230429-CBC1-EN;Institut Bauen und Umwelt e.V. (IBU);;;;1;qm;;1 m2 of nonwoven glass fibre wall covering with an average grammage of around 0.124 kg/m2.;;;;;;;;;;;A4;;;;;;;;;;0.000841;0;0.000841;0.0122;0;0.0122;0;0;0;0.000000972;0.0000000000000645;0.00000199;0.0000000226;0;0;0;0;0;0.000000997;0.000917;0.00000381;0.000907;0.00000623;0.0086;0.00000000000701;0.000000314;0.0000000033;0.00000378;0.000000000000177;0.00000000000958;0.00000342;0.00514;0.0000000000000000908;0.000000854;0.0121;0.0000000000932;0.0000103;;;;;;;;;;;;;;;;;;;
42d79c2a-7947-4581-8f2f-3612ce427b82;00.01.000;;Nonwoven glass fibre wall covering;;;'EN 15804+A2';;DE;specific dataset;2024;2029;;;2024-01-09;EPD-VIT-20230429-CBC1-EN;Institut Bauen und Umwelt e.V. (IBU);;;;1;qm;;1 m2 of nonwoven glass fibre wall covering with an average grammage of around 0.124 kg/m2.;;;;;;;;;;;A5;;;;;;;;;;0.481;-0.351;0.13;0.696;-0.0479;0.648;0.000598;0;0;0.000534;0.000000000287;0.0131;0.0000202;0;0;0;0.0305;0.0546;0.000133;0.0698;0.0334;0.0363;0.0000152;0.219;0.00000000134;0.000028;0.00000045;0.000308;0.0000000000862;0.00000000839;0.00267;0.527;0.000000000000127;0.0000828;0.648;0.00000000938;0.0148;;;;;;;;;;;;;;;;;;;
42d79c2a-7947-4581-8f2f-3612ce427b82;00.01.000;;Nonwoven glass fibre wall covering;;;'EN 15804+A2';;DE;specific dataset;2024;2029;;;2024-01-09;EPD-VIT-20230429-CBC1-EN;Institut Bauen und Umwelt e.V. (IBU);;;;1;qm;;1 m2 of nonwoven glass fibre wall covering with an average grammage of around 0.124 kg/m2.;;;;;;;;;;;C1;;;;;;;;;;0.0128;0;0.0128;0.0231;0;0.0231;0;0;0;0.0000122;0.00000000000199;0.0000174;0.00000368;0;0;0;0;0;0.00000279;0.00128;0.0000114;0.00127;0.000000269;0.0101;0.0000000000231;0.000000626;0.00000000371;0.00000656;0.00000000000029;0.0000000000106;0.000624;0.00831;0.0000000000000186;0.00000169;0.023;0.000000000346;0.00029;;;;;;;;;;;;;;;;;;;
42d79c2a-7947-4581-8f2f-3612ce427b82;00.01.000;;Nonwoven glass fibre wall covering;;;'EN 15804+A2';;DE;specific dataset;2024;2029;;;2024-01-09;EPD-VIT-20230429-CBC1-EN;Institut Bauen und Umwelt e.V. (IBU);;;;1;qm;;1 m2 of nonwoven glass fibre wall covering with an average grammage of around 0.124 kg/m2.;;;;;;;;;;;C2;;;;;;;;;;0.000482;0;0.000482;0.00699;0;0.00699;0;0;0;0.000000557;0.000000000000037;0.00000114;0.000000013;0;0;0;0;0;0.000000627;0.000526;0.00000218;0.00052;0.00000357;0.00493;0.00000000000417;0.000000208;0.00000000189;0.00000248;0.000000000000102;0.00000000000551;0.00000196;0.00295;0.0000000000000000521;0.000000544;0.00696;0.0000000000534;0.00000593;;;;;;;;;;;;;;;;;;;
42d79c2a-7947-4581-8f2f-3612ce427b82;00.01.000;;Nonwoven glass fibre wall covering;;;'EN 15804+A2';;DE;specific dataset;2024;2029;;;2024-01-09;EPD-VIT-20230429-CBC1-EN;Institut Bauen und Umwelt e.V. (IBU);;;;1;qm;;1 m2 of nonwoven glass fibre wall covering with an average grammage of around 0.124 kg/m2.;;;;;;;;;;;C3;;;;;;;;;;0;0;0;0;0;0;0;0;0;0;0;0;0;0;0;0;0;0;0;0;0;0;0;0;0;0;0;0;0;0;0;0;0;0;0;0;0;;;;;;;;;;;;;;;;;;;
42d79c2a-7947-4581-8f2f-3612ce427b82;00.01.000;;Nonwoven glass fibre wall covering;;;'EN 15804+A2';;DE;specific dataset;2024;2029;;;2024-01-09;EPD-VIT-20230429-CBC1-EN;Institut Bauen und Umwelt e.V. (IBU);;;;1;qm;;1 m2 of nonwoven glass fibre wall covering with an average grammage of around 0.124 kg/m2.;;;;;;;;;;;C4;;;;;;;;;;0.00364;0;0.00364;0.0243;0;0.0243;0;0;0;0.00000616;0.00000000000125;0.124;0.00000027;0;0;0;0;0;0.0000131;0.0224;0.0205;0.00185;0.00000342;0.0136;0.000000000161;0.00000335;0.00000000314;0.0000369;0.00000000000207;0.00000000023;0.0000299;0.00504;0.00000000000000435;0.0000102;0.0242;0.00000000019;0.000203;;;;;;;;;;;;;;;;;;;
42d79c2a-7947-4581-8f2f-3612ce427b82;00.01.000;;Nonwoven glass fibre wall covering;;;'EN 15804+A2';;DE;specific dataset;2024;2029;;;2024-01-09;EPD-VIT-20230429-CBC1-EN;Institut Bauen und Umwelt e.V. (IBU);;;;1;qm;;1 m2 of nonwoven glass fibre wall covering with an average grammage of around 0.124 kg/m2.;;;;;;;;;;;D;;;;;;;;;;-0.0299;0;-0.0299;-0.109;0;-0.109;0;0;0;-0.0000288;-0.0000000000147;-0.000055;-0.00000859;0;0;0;0;0;-0.00000843;-0.00643;-0.0000328;-0.0064;-0.000000704;-0.0239;-0.0000000000698;-0.00000228;-0.00000000882;-0.0000245;-0.0000000000011;-0.0000000000422;-0.00145;-0.0194;-0.0000000000000433;-0.00000639;-0.109;-0.000000000967;-0.000683;;;;;;;;;;;;;;;;;;;
0e6feea3-5dee-41e8-a841-8981eb180349;00.01.000;;Impact absorber Kremsbarrier APD P100 - Impact absorber;;;'EN 15804+A2';;AT;specific dataset;2025;2030;;;2025-01-28;EPD-VOE-20240519-IBA1-DE;Institut Bauen und Umwelt e.V. (IBU);;;;1;pcs.;;1 Stk. Anpralldämpfer KB APD P100 mit einer Masse von 922 kg/Stk.;;;;;;;;;;;A1-A3;;;;;;;;;;1230;174;1400;22300;0;22300;186;0;0;11.9;0.011;23;0.0793;0;10.9;0;0;0;5.17;2080;1.27;2070;0.873;;;1.11;0.0225;12;;;;;0.00000522;4.25;22600;0.00591;198;;;;;;;;;;;;;;;;;;;
0e6feea3-5dee-41e8-a841-8981eb180349;00.01.000;;Impact absorber Kremsbarrier APD P100 - Impact absorber;;;'EN 15804+A2';;AT;specific dataset;2025;2030;;;2025-01-28;EPD-VOE-20240519-IBA1-DE;Institut Bauen und Umwelt e.V. (IBU);;;;1;pcs.;;1 Stk. Anpralldämpfer KB APD P100 mit einer Masse von 922 kg/Stk.;;;;;;;;;;;C1;;;;;;;;;;0;0;0;0;0;0;0;0;0;0;0;0;0;0;0;0;0;0;0;0;0;0;0;;;0;0;0;;;;;0;0;0;0;0;;;;;;;;;;;;;;;;;;;
0e6feea3-5dee-41e8-a841-8981eb180349;00.01.000;;Impact absorber Kremsbarrier APD P100 - Impact absorber;;;'EN 15804+A2';;AT;specific dataset;2025;2030;;;2025-01-28;EPD-VOE-20240519-IBA1-DE;Institut Bauen und Umwelt e.V. (IBU);;;;1;pcs.;;1 Stk. Anpralldämpfer KB APD P100 mit einer Masse von 922 kg/Stk.;;;;;;;;;;;C2;;;;;;;;;;3.33;0;3.33;45.9;0;45.9;0;0;0;0.00365;0.000000000109;0.00539;0.0000661;0;0;0;0;0;0.0119;3.36;0.00759;3.32;0.0311;;;0.00546;0.0000123;0.0613;;;;;0.000000000000437;0.0108;45.7;0.000000223;0.0406;;;;;;;;;;;;;;;;;;;
0e6feea3-5dee-41e8-a841-8981eb180349;00.01.000;;Impact absorber Kremsbarrier APD P100 - Impact absorber;;;'EN 15804+A2';;AT;specific dataset;2025;2030;;;2025-01-28;EPD-VOE-20240519-IBA1-DE;Institut Bauen und Umwelt e.V. (IBU);;;;1;pcs.;;1 Stk. Anpralldämpfer KB APD P100 mit einer Masse von 922 kg/Stk.;;;;;;;;;;;C3;;;;;;;;;;0;0;0;0;0;0;0;0;0;0;0;0;0;0;876;0;0;0;0;0;0;0;0;;;0;0;0;;;;;0;0;0;0;0;;;;;;;;;;;;;;;;;;;
0e6feea3-5dee-41e8-a841-8981eb180349;00.01.000;;Impact absorber Kremsbarrier APD P100 - Impact absorber;;;'EN 15804+A2';;AT;specific dataset;2025;2030;;;2025-01-28;EPD-VOE-20240519-IBA1-DE;Institut Bauen und Umwelt e.V. (IBU);;;;1;pcs.;;1 Stk. Anpralldämpfer KB APD P100 mit einer Masse von 922 kg/Stk.;;;;;;;;;;;C4;;;;;;;;;;2.89;0;2.89;32.2;0;32.2;0;0;0;0.000363;0.00000000205;35.5;0.000288;0;0;0;0;0;0.00691;2.16;0.00467;2.15;0.00219;;;0.00174;0.00000195;0.0191;;;;;0.00000000000355;0.00544;32.2;0.000000059;-0.0293;;;;;;;;;;;;;;;;;;;
0e6feea3-5dee-41e8-a841-8981eb180349;00.01.000;;Impact absorber Kremsbarrier APD P100 - Impact absorber;;;'EN 15804+A2';;AT;specific dataset;2025;2030;;;2025-01-28;EPD-VOE-20240519-IBA1-DE;Institut Bauen und Umwelt e.V. (IBU);;;;1;pcs.;;1 Stk. Anpralldämpfer KB APD P100 mit einer Masse von 922 kg/Stk.;;;;;;;;;;;D;;;;;;;;;;495;0;495;-12500;0;-12500;726;0;0;-128;-0.0000724;117;0.00106;0;0;0;0;0;-3.09;-1250;7.44;-1260;-0.168;;;-0.496;-0.000294;-4.44;;;;;0.00000000169;-2.01;-12500;-0.00714;-85.1;;;;;;;;;;;;;;;;;;;
89b7ccd3-a6c8-45f7-acb8-4b441bb7a15b;00.01.000;;FIS EM Plus;;;'EN 15804+A2';;DE;specific dataset;2024;2029;;;2024-04-18;EPD-FIW-20230530-CBA1-DE;Institut Bauen und Umwelt e.V. (IBU);;;;1;kg;;1 kg Injektionsmörtel;;;;;;;;;;;A1-A3;;;;;;;;;;18.4;2.16;20.5;99.7;23.7;123;0;0;0;0.0401;0.00000031;0.0668;0.00104;0;0.000179;0;1.13;2.02;0.00693;4.59;0.0568;4.54;0.00135;39;0.0000000646;0.00202;0.0000293;0.0215;0.00000000207;0.000000138;0.121;31.5;0.000000000019;0.00658;93;0.000000247;1.28;;;;;;;;;;;;;;;;;;;
89b7ccd3-a6c8-45f7-acb8-4b441bb7a15b;00.01.000;;FIS EM Plus;;;'EN 15804+A2';;DE;specific dataset;2024;2029;;;2024-04-18;EPD-FIW-20230530-CBA1-DE;Institut Bauen und Umwelt e.V. (IBU);;;;1;kg;;1 kg Injektionsmörtel;;;;;;;;;;;C1;;;;;;;;;;0.0134;0;0.0134;0.0224;0;0.0224;0;0;0;0.0000108;-0.00000000000175;0.0000164;0.00000356;0;0;0;0;0;0.00000227;0.00107;0.00000925;0.00106;0.000000116;0.00623;0.0000000000191;0.000000544;0.00000000397;0.00000568;0.00000000000033;0.00000000000525;0.000593;0.00879;0.0000000000000196;0.00000145;0.0224;0.000000000165;0.000237;;;;;;;;;;;;;;;;;;;
89b7ccd3-a6c8-45f7-acb8-4b441bb7a15b;00.01.000;;FIS EM Plus;;;'EN 15804+A2';;DE;specific dataset;2024;2029;;;2024-04-18;EPD-FIW-20230530-CBA1-DE;Institut Bauen und Umwelt e.V. (IBU);;;;1;kg;;1 kg Injektionsmörtel;;;;;;;;;;;C2;;;;;;;;;;0.00424;0;0.00424;0.0585;0;0.0585;0;0;0;0.00000464;0.000000000000181;0.00000891;0.000000109;0;0;0;0;0;0.00000728;0.00441;0;0.00437;0.0000396;0.0417;0.0000000000484;0.00000287;0.0000000156;0.0000329;0.000000000000847;0.0000000000377;0.0000163;0.0243;0.000000000000000556;0.0000065;0.0582;0.000000000283;0.0000517;;;;;;;;;;;;;;;;;;;
89b7ccd3-a6c8-45f7-acb8-4b441bb7a15b;00.01.000;;FIS EM Plus;;;'EN 15804+A2';;DE;specific dataset;2024;2029;;;2024-04-18;EPD-FIW-20230530-CBA1-DE;Institut Bauen und Umwelt e.V. (IBU);;;;1;kg;;1 kg Injektionsmörtel;;;;;;;;;;;C3;;;;;;;;;;0;0;0;0;0;0;0;0;0;0;0;0;0;0;0;0;0;0;0;0;0;0;0;0;0;0;0;0;0;0;0;0;0;0;0;0;0;;;;;;;;;;;;;;;;;;;
89b7ccd3-a6c8-45f7-acb8-4b441bb7a15b;00.01.000;;FIS EM Plus;;;'EN 15804+A2';;DE;specific dataset;2024;2029;;;2024-04-18;EPD-FIW-20230530-CBA1-DE;Institut Bauen und Umwelt e.V. (IBU);;;;1;kg;;1 kg Injektionsmörtel;;;;;;;;;;;C4;;;;;;;;;;0.0326;0;0.0326;0.2;0;0.2;0;0;0;0.0000505;0.00000000000436;1;0.00000228;0;0;0;0;0;0.000107;0.0149;0;0.0148;0.0000467;0.108;0.00000000131;0.0000275;0.0000000303;0.000303;0.0000000000168;0.00000000177;0.000264;0.0486;0.0000000000000382;0.0000831;0.2;0.000000000694;0.00165;;;;;;;;;;;;;;;;;;;
89b7ccd3-a6c8-45f7-acb8-4b441bb7a15b;00.01.000;;FIS EM Plus;;;'EN 15804+A2';;DE;specific dataset;2024;2029;;;2024-04-18;EPD-FIW-20230530-CBA1-DE;Institut Bauen und Umwelt e.V. (IBU);;;;1;kg;;1 kg Injektionsmörtel;;;;;;;;;;;D;;;;;;;;;;0;0;0;0;0;0;0;0;0;0;0;0;0;0;0;0;0;0;0;0;0;0;0;0;0;0;0;0;0;0;0;0;0;0;0;0;0;;;;;;;;;;;;;;;;;;;
89907d25-e79a-4229-b2ca-7d059152b717;00.01.000;;best wood wood fibre insulation boards;;;'EN 15804+A2';;DE;specific dataset;2023;2028;;;2023-09-20;EPD-HWS-20230344-IBA2-DE;Institut Bauen und Umwelt e.V. (IBU);;;;1;m3;;1 m³ Holzfaser-Dämmplatte (160 kg/m³);;;;;;;;;;;A1-A3;;;;;;;;;;1290;2630;3910;1460;264;1730;0;0;0;0.639;0.00000383;1.62;0.0453;0;0;0;0;0;0.243;;;78.4;0.235;682;0.00000477;0.0868;0.00132;0.817;0.000000028;0.00000172;4.14;6220;0.0000000572;0.223;1730;0.0000306;6.52;;;;;;;;;;;;;;;;;;;
89907d25-e79a-4229-b2ca-7d059152b717;00.01.000;;best wood wood fibre insulation boards;;;'EN 15804+A2';;DE;specific dataset;2023;2028;;;2023-09-20;EPD-HWS-20230344-IBA2-DE;Institut Bauen und Umwelt e.V. (IBU);;;;1;m3;;1 m³ Holzfaser-Dämmplatte (160 kg/m³);;;;;;;;;;;A4;;;;;;;;;;1.22;0;1.22;21.3;0;21.3;0;0;0;0.0014;0.00000000112;0.00334;0.0000386;0;0;0;0;0;0.00172;1.6;0;1.59;0.013;15.7;0.0000000117;0.000553;0.00000473;0.00655;0.000000000318;0.0000000165;0.00565;7.29;0.000000000000000315;0.00149;21.2;0.000000141;0.0148;;;;;;;;;;;;;;;;;;;
89907d25-e79a-4229-b2ca-7d059152b717;00.01.000;;best wood wood fibre insulation boards;;;'EN 15804+A2';;DE;specific dataset;2023;2028;;;2023-09-20;EPD-HWS-20230344-IBA2-DE;Institut Bauen und Umwelt e.V. (IBU);;;;1;m3;;1 m³ Holzfaser-Dämmplatte (160 kg/m³);;;;;;;;;;;A5;;;;;;;;;;47.9;-8.27;39.6;24.1;-3.89;20.2;0;0;0;0.0167;0.0000000387;0.055;0.000572;0;0;0;6.09;10.9;0.00365;2.09;0.851;1.24;0.00338;8.56;0.0000000536;0.00135;0.0000137;0.0142;0.000000000335;0.0000000196;0.0607;63.1;0.000000000572;0.00334;20.2;0.000000332;0.497;;;;;;;;;;;;;;;;;;;
89907d25-e79a-4229-b2ca-7d059152b717;00.01.000;;best wood wood fibre insulation boards;;;'EN 15804+A2';;DE;specific dataset;2023;2028;;;2023-09-20;EPD-HWS-20230344-IBA2-DE;Institut Bauen und Umwelt e.V. (IBU);;;;1;m3;;1 m³ Holzfaser-Dämmplatte (160 kg/m³);;;;;;;;;;;B1;;;;;;;;;;;;;;;;;;;;;;;0;0;0;0;0;;;;;;0;0;;;;0;0;0;0;;;;;;;;;;;;;;;;;;;;;;;;
89907d25-e79a-4229-b2ca-7d059152b717;00.01.000;;best wood wood fibre insulation boards;;;'EN 15804+A2';;DE;specific dataset;2023;2028;;;2023-09-20;EPD-HWS-20230344-IBA2-DE;Institut Bauen und Umwelt e.V. (IBU);;;;1;m3;;1 m³ Holzfaser-Dämmplatte (160 kg/m³);;;;;;;;;;;B2;;;;;;;;;;;;;;;;;;;;;;;0;0;0;0;0;;;;;;0;0;;;;0;0;0;0;;;;;;;;;;;;;;;;;;;;;;;;
89907d25-e79a-4229-b2ca-7d059152b717;00.01.000;;best wood wood fibre insulation boards;;;'EN 15804+A2';;DE;specific dataset;2023;2028;;;2023-09-20;EPD-HWS-20230344-IBA2-DE;Institut Bauen und Umwelt e.V. (IBU);;;;1;m3;;1 m³ Holzfaser-Dämmplatte (160 kg/m³);;;;;;;;;;;B3;;;;;;;;;;;;;;;;;;;;;;;0;0;0;0;0;;;;;;0;0;;;;0;0;0;0;;;;;;;;;;;;;;;;;;;;;;;;
89907d25-e79a-4229-b2ca-7d059152b717;00.01.000;;best wood wood fibre insulation boards;;;'EN 15804+A2';;DE;specific dataset;2023;2028;;;2023-09-20;EPD-HWS-20230344-IBA2-DE;Institut Bauen und Umwelt e.V. (IBU);;;;1;m3;;1 m³ Holzfaser-Dämmplatte (160 kg/m³);;;;;;;;;;;B4;;;;;;;;;;;;;;;;;;;;;;;0;0;0;0;0;;;;;;0;0;;;;0;0;0;0;;;;;;;;;;;;;;;;;;;;;;;;
89907d25-e79a-4229-b2ca-7d059152b717;00.01.000;;best wood wood fibre insulation boards;;;'EN 15804+A2';;DE;specific dataset;2023;2028;;;2023-09-20;EPD-HWS-20230344-IBA2-DE;Institut Bauen und Umwelt e.V. (IBU);;;;1;m3;;1 m³ Holzfaser-Dämmplatte (160 kg/m³);;;;;;;;;;;B5;;;;;;;;;;;;;;;;;;;;;;;0;0;0;0;0;;;;;;0;0;;;;0;0;0;0;;;;;;;;;;;;;;;;;;;;;;;;
89907d25-e79a-4229-b2ca-7d059152b717;00.01.000;;best wood wood fibre insulation boards;;;'EN 15804+A2';;DE;specific dataset;2023;2028;;;2023-09-20;EPD-HWS-20230344-IBA2-DE;Institut Bauen und Umwelt e.V. (IBU);;;;1;m3;;1 m³ Holzfaser-Dämmplatte (160 kg/m³);;;;;;;;;;;B6;;;;;;;;;;;;;;;;;;;;;;;0;0;0;0;0;;;;;;0;0;;;;0;0;0;0;;;;;;;;;;;;;;;;;;;;;;;;
89907d25-e79a-4229-b2ca-7d059152b717;00.01.000;;best wood wood fibre insulation boards;;;'EN 15804+A2';;DE;specific dataset;2023;2028;;;2023-09-20;EPD-HWS-20230344-IBA2-DE;Institut Bauen und Umwelt e.V. (IBU);;;;1;m3;;1 m³ Holzfaser-Dämmplatte (160 kg/m³);;;;;;;;;;;B7;;;;;;;;;;;;;;;;;;;;;;;0;0;0;0;0;;;;;;0;0;;;;0;0;0;0;;;;;;;;;;;;;;;;;;;;;;;;
89907d25-e79a-4229-b2ca-7d059152b717;00.01.000;;best wood wood fibre insulation boards;;;'EN 15804+A2';;DE;specific dataset;2023;2028;;;2023-09-20;EPD-HWS-20230344-IBA2-DE;Institut Bauen und Umwelt e.V. (IBU);;;;1;m3;;1 m³ Holzfaser-Dämmplatte (160 kg/m³);;;;;;;;;;;C1;;;;;;;;;;0;0;0;0;0;0;0;0;0;0;0;0;0;0;0;0;0;0;0;0;0;0;0;0;0;0;0;0;0;0;0;0;0;0;0;0;0;;;;;;;;;;;;;;;;;;;
89907d25-e79a-4229-b2ca-7d059152b717;00.01.000;;best wood wood fibre insulation boards;;;'EN 15804+A2';;DE;specific dataset;2023;2028;;;2023-09-20;EPD-HWS-20230344-IBA2-DE;Institut Bauen und Umwelt e.V. (IBU);;;;1;m3;;1 m³ Holzfaser-Dämmplatte (160 kg/m³);;;;;;;;;;;C2;;;;;;;;;;5.47;0;5.47;95.4;0;95.4;0;0;0;0.00626;0.00000000503;0.015;0.000173;0;0;0;0;0;0.0378;7.12;0;7.06;0.0583;70.5;0.000000149;0.0183;0.0000212;0.203;0.00000000143;0.0000000784;0.0253;32.7;0.00000000000000141;0.0356;95.1;0.000000633;0.0662;;;;;;;;;;;;;;;;;;;
89907d25-e79a-4229-b2ca-7d059152b717;00.01.000;;best wood wood fibre insulation boards;;;'EN 15804+A2';;DE;specific dataset;2023;2028;;;2023-09-20;EPD-HWS-20230344-IBA2-DE;Institut Bauen und Umwelt e.V. (IBU);;;;1;m3;;1 m³ Holzfaser-Dämmplatte (160 kg/m³);;;;;;;;;;;C3;;;;;;;;;;;;;323;-260;63;0;0;0;0.704;0.0000000114;2.08;0.00349;0;0;0;419;752;0.0412;256;252;4.28;0.00275;27.2;0.000000206;0.0135;0.0000052;0.196;0.00000000183;0.0000000652;0.554;17.2;0.000000000000038;0.0367;63;0.000000579;29.9;;;;;;;;;;;;;;;;;;;
89907d25-e79a-4229-b2ca-7d059152b717;00.01.000;;best wood wood fibre insulation boards;;;'EN 15804+A2';;DE;specific dataset;2023;2028;;;2023-09-20;EPD-HWS-20230344-IBA2-DE;Institut Bauen und Umwelt e.V. (IBU);;;;1;m3;;1 m³ Holzfaser-Dämmplatte (160 kg/m³);;;;;;;;;;;C4;;;;;;;;;;0;0;0;0;0;0;0;0;0;0;0;0;0;0;0;0;0;0;0;0;0;0;0;0;0;0;0;0;0;0;0;0;0;0;0;0;0;;;;;;;;;;;;;;;;;;;
89907d25-e79a-4229-b2ca-7d059152b717;00.01.000;;best wood wood fibre insulation boards;;;'EN 15804+A2';;DE;specific dataset;2023;2028;;;2023-09-20;EPD-HWS-20230344-IBA2-DE;Institut Bauen und Umwelt e.V. (IBU);;;;1;m3;;1 m³ Holzfaser-Dämmplatte (160 kg/m³);;;;;;;;;;;D;;;;;;;;;;-371;0;-371;-1670;0;-1670;0;0;0;-0.362;-0.000000375;-0.778;-0.119;0;0;0;0;0;-0.125;-96.4;0;-96.4;-0.0658;;-0.00000107;-0.0356;-0.000124;-0.381;-0.0000000159;-0.000000627;-19.5;;-0.00000000000108;-0.1;-1670;-0.0000158;-7.18;;;;;;;;;;;;;;;;;;;
3e2802bb-9c19-4bf6-a580-2c462619a512;00.01.000;;Overhead Door Closer TS Match Series - Door closer;;;'EN 15804+A2';;Singapore;specific dataset;2026;2031;;;2026-03-16;EPD-DOR-20260198-CBA1-EN;Institut Bauen und Umwelt e.V. (IBU);;;;1;pcs.;;1 piece Overhead Door Closer TS Match Series;;;;;;;;;;;A1-A3;;;;;;;;;;46.7;2.97;49.6;253;0.904;254;0.649;0;0;0.0777;0.000000776;4.01;0.00246;0;0.699;0;0;0;0.0987;24;-0.362;24.4;0.00742;200;0.00000163;0.0194;0.0000128;0.212;0.00575;0.000000136;0.298;58.5;0.0000000000861;0.0586;254;0.0000754;2.93;;;;;;;;;;;;;;;;;;;
3e2802bb-9c19-4bf6-a580-2c462619a512;00.01.000;;Overhead Door Closer TS Match Series - Door closer;;;'EN 15804+A2';;Singapore;specific dataset;2026;2031;;;2026-03-16;EPD-DOR-20260198-CBA1-EN;Institut Bauen und Umwelt e.V. (IBU);;;;1;pcs.;;1 piece Overhead Door Closer TS Match Series;;;;;;;;;;;A4;;;;;;;;;;0.0155;0;0.0155;3.18;0;3.18;0;0;0;0.000019;0.0000000000985;0.000305;0.00000359;0;0;0;0;0;0.00367;0.251;0.00598;0.245;0.00000891;2.35;0.0000000646;0.000917;0.0000000638;0.0101;0.0000000000426;0.00000000134;0.000492;0.0111;0.0000000000000202;0.00262;3.18;0.00000000591;0.000471;;;;;;;;;;;;;;;;;;;
3e2802bb-9c19-4bf6-a580-2c462619a512;00.01.000;;Overhead Door Closer TS Match Series - Door closer;;;'EN 15804+A2';;Singapore;specific dataset;2026;2031;;;2026-03-16;EPD-DOR-20260198-CBA1-EN;Institut Bauen und Umwelt e.V. (IBU);;;;1;pcs.;;1 piece Overhead Door Closer TS Match Series;;;;;;;;;;;A5;;;;;;;;;;3;-2.97;0.0294;0.108;0;0.108;0;0;0;0.00102;0.0000000000614;0.011;0.00000543;0;0;0;0.53;0.961;0.0000975;0.399;0.39;0.00816;0.00000542;0.0471;0.000000000536;0.0000359;0.0000000136;0.000446;0.0000000000028;0.0000000000553;0.000854;0.0329;0.0000000000000478;0.0000951;0.108;0.000000000505;0.0434;;;;;;;;;;;;;;;;;;;
3e2802bb-9c19-4bf6-a580-2c462619a512;00.01.000;;Overhead Door Closer TS Match Series - Door closer;;;'EN 15804+A2';;Singapore;specific dataset;2026;2031;;;2026-03-16;EPD-DOR-20260198-CBA1-EN;Institut Bauen und Umwelt e.V. (IBU);;;;1;pcs.;;1 piece Overhead Door Closer TS Match Series;;;;;;;;;;;C1;;;;;;;;;;0;0;0;0;0;0;0;0;0;0;0;0;0;0;0;0;0;0;0;0;0;0;0;0;0;0;0;0;0;0;0;0;0;0;0;0;0;;;;;;;;;;;;;;;;;;;
3e2802bb-9c19-4bf6-a580-2c462619a512;00.01.000;;Overhead Door Closer TS Match Series - Door closer;;;'EN 15804+A2';;Singapore;specific dataset;2026;2031;;;2026-03-16;EPD-DOR-20260198-CBA1-EN;Institut Bauen und Umwelt e.V. (IBU);;;;1;pcs.;;1 piece Overhead Door Closer TS Match Series;;;;;;;;;;;C2;;;;;;;;;;0.000675;0;0.000675;0.14;0;0.14;0;0;0;0.000000823;0.00000000000432;0.0000134;0.000000156;0;0;0;0;0;0.0000111;0.0105;0.000437;0.0101;0.000000393;0.104;0.000000000101;0.00000396;0.00000000256;0.0000449;0.00000000000188;0.0000000000589;0.0000213;0.000483;0.000000000000000876;0.0000116;0.14;0.000000000261;0.0000202;;;;;;;;;;;;;;;;;;;
3e2802bb-9c19-4bf6-a580-2c462619a512;00.01.000;;Overhead Door Closer TS Match Series - Door closer;;;'EN 15804+A2';;Singapore;specific dataset;2026;2031;;;2026-03-16;EPD-DOR-20260198-CBA1-EN;Institut Bauen und Umwelt e.V. (IBU);;;;1;pcs.;;1 piece Overhead Door Closer TS Match Series;;;;;;;;;;;C3;;;;;;;;;;0.0819;0;0.0819;1.13;-0.904;0.228;0;0;0;0.00103;0.000000000185;0.0458;0.00000716;0;1.85;0;0.7;1.62;0.0000774;0.458;-0.00000248;0.458;0.0000295;0.0871;0.000000000892;0.0000171;0.0000000387;0.000359;0.00000000000708;0.000000000535;0.000762;0.0748;0.000000000000166;0.0000477;0.228;0.0000000015;0.0429;;;;;;;;;;;;;;;;;;;
3e2802bb-9c19-4bf6-a580-2c462619a512;00.01.000;;Overhead Door Closer TS Match Series - Door closer;;;'EN 15804+A2';;Singapore;specific dataset;2026;2031;;;2026-03-16;EPD-DOR-20260198-CBA1-EN;Institut Bauen und Umwelt e.V. (IBU);;;;1;pcs.;;1 piece Overhead Door Closer TS Match Series;;;;;;;;;;;C4;;;;;;;;;;0;0;0;0;0;0;0;0;0;0;0;0;0;0;0;0;0;0;0;0;0;0;0;0;0;0;0;0;0;0;0;0;0;0;0;0;0;;;;;;;;;;;;;;;;;;;
3e2802bb-9c19-4bf6-a580-2c462619a512;00.01.000;;Overhead Door Closer TS Match Series - Door closer;;;'EN 15804+A2';;Singapore;specific dataset;2026;2031;;;2026-03-16;EPD-DOR-20260198-CBA1-EN;Institut Bauen und Umwelt e.V. (IBU);;;;1;pcs.;;1 piece Overhead Door Closer TS Match Series;;;;;;;;;;;D;;;;;;;;;;-40.5;0;-40.5;-101;0;-101;1.28;0;0;-0.121;-0.0000000715;-1.55;-0.00979;0;0;0;0;0;-0.0263;-7.64;-0.0151;-7.62;-0.00147;-21.6;-0.000000414;-0.00374;-0.00000355;-0.0403;-0.0000000632;-0.0000000317;-1.98;-2.34;-0.0000000000461;-0.0121;-101;-0.0000251;-0.323;;;;;;;;;;;;;;;;;;;
fba84d5d-2548-42e0-af94-c3817ff87450;00.01.000;;Extension module 90 30 / 90 31;;;'EN 15804+A2';;DE;specific dataset;2021;2026;;;2021-10-07;EPD-DOR-20210195-CBA2-EN;Institut Bauen und Umwelt e.V. (IBU);;;;1;pcs.;;1 piece;;;;;;;;;;;A1-A3;;;;;;;;;;8.81;0.719;9.53;27.2;1.97;29.1;0;0;0;0.013;0.00000175;0.06;0.00056;;;;;;0.0181;2.38;-0.0168;2.39;0.00308;;;0.00304;0.0000124;0.0334;;;;;0.000000000219;0.00911;29.1;0.00097;0.5;;;;;;;;;;;;;;;;;;;
fba84d5d-2548-42e0-af94-c3817ff87450;00.01.000;;Extension module 90 30 / 90 31;;;'EN 15804+A2';;DE;specific dataset;2021;2026;;;2021-10-07;EPD-DOR-20210195-CBA2-EN;Institut Bauen und Umwelt e.V. (IBU);;;;1;pcs.;;1 piece;;;;;;;;;;;A4;;;;;;;;;;0.000566;0;0.000566;0.179;0;0.179;0;0;0;0.00000102;0.0000000000174;0.0000183;0.000000193;;;;;;0.0000354;;;;;;;0.00000999;0.00000000273;0.00011;;;;;0.00000000000000000134;0.0000281;0.179;0.000000000379;0.0000249;;;;;;;;;;;;;;;;;;;
fba84d5d-2548-42e0-af94-c3817ff87450;00.01.000;;Extension module 90 30 / 90 31;;;'EN 15804+A2';;DE;specific dataset;2021;2026;;;2021-10-07;EPD-DOR-20210195-CBA2-EN;Institut Bauen und Umwelt e.V. (IBU);;;;1;pcs.;;1 piece;;;;;;;;;;;A5;;;;;;;;;;0.575;-0.571;0.004;0.021;0;0.021;0;0;0;0.000197;0.0000000000314;0.002;0.00000112;;;;;;0.0000189;0.067;0.066;0.002;0.00000111;;;0.00000682;0.00000000238;0.0000851;;;;;0.0000000000000000122;0.0000181;0.021;0.000000000192;0.008;;;;;;;;;;;;;;;;;;;
fba84d5d-2548-42e0-af94-c3817ff87450;00.01.000;;Extension module 90 30 / 90 31;;;'EN 15804+A2';;DE;specific dataset;2021;2026;;;2021-10-07;EPD-DOR-20210195-CBA2-EN;Institut Bauen und Umwelt e.V. (IBU);;;;1;pcs.;;1 piece;;;;;;;;;;;B6;;;;;;;;;;796;0;796;2400;0;2400;0;0;0;1.1;0.00000127;1.39;0.268;;;;;;1.01;167;0.282;167;0.163;;;0.148;0.000267;1.6;;;;;0.00000000000226;0.43;2400;0.0000297;29.5;;;;;;;;;;;;;;;;;;;
fba84d5d-2548-42e0-af94-c3817ff87450;00.01.000;;Extension module 90 30 / 90 31;;;'EN 15804+A2';;DE;specific dataset;2021;2026;;;2021-10-07;EPD-DOR-20210195-CBA2-EN;Institut Bauen und Umwelt e.V. (IBU);;;;1;pcs.;;1 piece;;;;;;;;;;;C1;;;;;;;;;;0;0;0;0;0;0;0;0;0;0;0;0;0;;;;;;0;0;0;0;0;;;0;0;0;;;;;0;0;0;0;0;;;;;;;;;;;;;;;;;;;
fba84d5d-2548-42e0-af94-c3817ff87450;00.01.000;;Extension module 90 30 / 90 31;;;'EN 15804+A2';;DE;specific dataset;2021;2026;;;2021-10-07;EPD-DOR-20210195-CBA2-EN;Institut Bauen und Umwelt e.V. (IBU);;;;1;pcs.;;1 piece;;;;;;;;;;;C2;;;;;;;;;;0.0000186;0;0.0000186;0.006;0;0.006;0;0;0;0.0000000333;0.000000000000571;0.000000602;;;;;;;0.000000415;0.000434;0.0000192;0.000415;0.00000000988;;;0.000000132;0.0000000000888;0.00000147;;;;;0.0000000000000000000438;0.000000374;0.006;0.0000000000125;0.000000813;;;;;;;;;;;;;;;;;;;
fba84d5d-2548-42e0-af94-c3817ff87450;00.01.000;;Extension module 90 30 / 90 31;;;'EN 15804+A2';;DE;specific dataset;2021;2026;;;2021-10-07;EPD-DOR-20210195-CBA2-EN;Institut Bauen und Umwelt e.V. (IBU);;;;1;pcs.;;1 piece;;;;;;;;;;;C3;;;;;;;;;;;;;2.02;-1.97;0.052;0;0;0;0.000273;0.000000000197;0.012;0.00000192;;;;;;0.0000199;0.112;0.0000026;0.112;0.00000631;;;0.00000448;0.00000000898;0.0000905;;;;;0.0000000000000000563;0.0000124;0.052;0.000000000772;0.011;;;;;;;;;;;;;;;;;;;
fba84d5d-2548-42e0-af94-c3817ff87450;00.01.000;;Extension module 90 30 / 90 31;;;'EN 15804+A2';;DE;specific dataset;2021;2026;;;2021-10-07;EPD-DOR-20210195-CBA2-EN;Institut Bauen und Umwelt e.V. (IBU);;;;1;pcs.;;1 piece;;;;;;;;;;;C4;;;;;;;;;;0.000322;0;0.000322;0.002;0;0.002;0;0;0;0.00000062;0.0000000000375;0.012;0.000000028;;;;;;0.00000134;0.000189;0.00000064;0.000187;0.000000539;;;0.000000346;0.000000000322;0.0000038;;;;;0.000000000000000000695;0.00000105;0.002;0.0000000000168;0.0000196;;;;;;;;;;;;;;;;;;;
fba84d5d-2548-42e0-af94-c3817ff87450;00.01.000;;Extension module 90 30 / 90 31;;;'EN 15804+A2';;DE;specific dataset;2021;2026;;;2021-10-07;EPD-DOR-20210195-CBA2-EN;Institut Bauen und Umwelt e.V. (IBU);;;;1;pcs.;;1 piece;;;;;;;;;;;D;;;;;;;;;;-0.292;0;-0.292;-1.75;0;-1.75;0;0;0;-0.00035;-0.00000000247;0.002;-0.0000938;;;;;;-0.000495;-0.088;-0.000172;-0.088;-0.0000788;;;-0.0000644;-0.000000102;-0.000687;;;;;-0.000000000000000809;-0.000198;-1.75;-0.0000232;-0.011;;;;;;;;;;;;;;;;;;;
53a4a112-37c6-49a3-869d-8e432c18b4ad;00.01.000;;ADAGIO Acoustic+ (19 mm);;;'EN 15804+A2';;DE;specific dataset;2024;2029;;;2024-11-26;EPD-KNA-20240281-IBA1-EN;Institut Bauen und Umwelt e.V. (IBU);;;;1;qm;;1 m² ADAGIO Acoustic+ mineral ceiling tiles with a surface weight of 5.08 kg/m²;;;;;;;;;;;A1-A3;;;;;;;;;;1.09;10.4;11.5;76.2;0.612;76.8;0.853;0;0;2.59;0.0000127;0.471;0.00173;0;0;0;0;0;0.0157;3.92;-0.906;4.82;0.00204;13.7;0.000000149;0.00379;0.0000896;0.0507;0.00000000208;0.0000000494;0.194;56.5;0.00000000024;0.00734;76.8;0.000000711;3.17;;;;;;;;;;;;;;;;;;;
53a4a112-37c6-49a3-869d-8e432c18b4ad;00.01.000;;ADAGIO Acoustic+ (19 mm);;;'EN 15804+A2';;DE;specific dataset;2024;2029;;;2024-11-26;EPD-KNA-20240281-IBA1-EN;Institut Bauen und Umwelt e.V. (IBU);;;;1;qm;;1 m² ADAGIO Acoustic+ mineral ceiling tiles with a surface weight of 5.08 kg/m²;;;;;;;;;;;C1;;;;;;;;;;0;0;0;0;0;0;0;0;0;0;0;0;0;0;0;0;0;0;0;0;0;0;0;0;0;0;0;0;0;0;0;0;0;0;0;0;0;;;;;;;;;;;;;;;;;;;
53a4a112-37c6-49a3-869d-8e432c18b4ad;00.01.000;;ADAGIO Acoustic+ (19 mm);;;'EN 15804+A2';;DE;specific dataset;2024;2029;;;2024-11-26;EPD-KNA-20240281-IBA1-EN;Institut Bauen und Umwelt e.V. (IBU);;;;1;qm;;1 m² ADAGIO Acoustic+ mineral ceiling tiles with a surface weight of 5.08 kg/m²;;;;;;;;;;;C2;;;;;;;;;;0.0183;0;0.0183;0.253;0;0.253;0;0;0;0.0000201;0.000000000000783;0.0000386;0.000000473;0;0;0;0;0;0.0000656;0.0185;0.0000418;0.0183;0.000171;0.181;0.000000000393;0.0000301;0.0000000676;0.000338;0.00000000000366;0.000000000163;0.0000706;0.105;0.00000000000000241;0.0000594;0.252;0.00000000123;0.000224;;;;;;;;;;;;;;;;;;;
53a4a112-37c6-49a3-869d-8e432c18b4ad;00.01.000;;ADAGIO Acoustic+ (19 mm);;;'EN 15804+A2';;DE;specific dataset;2024;2029;;;2024-11-26;EPD-KNA-20240281-IBA1-EN;Institut Bauen und Umwelt e.V. (IBU);;;;1;qm;;1 m² ADAGIO Acoustic+ mineral ceiling tiles with a surface weight of 5.08 kg/m²;;;;;;;;;;;C3;;;;;;;;;;0;0;0;0;0;0;0;0;0;0;0;0;0;0;0;0;0;0;0;0;0;0;0;0;0;0;0;0;0;0;0;0;0;0;0;0;0;;;;;;;;;;;;;;;;;;;
53a4a112-37c6-49a3-869d-8e432c18b4ad;00.01.000;;ADAGIO Acoustic+ (19 mm);;;'EN 15804+A2';;DE;specific dataset;2024;2029;;;2024-11-26;EPD-KNA-20240281-IBA1-EN;Institut Bauen und Umwelt e.V. (IBU);;;;1;qm;;1 m² ADAGIO Acoustic+ mineral ceiling tiles with a surface weight of 5.08 kg/m²;;;;;;;;;;;C4;;;;;;;;;;0.166;0;0.166;1.02;0;1.02;0;0;0;0.000257;0.0000000000221;5.08;0.0000116;0;0;0;0;0;0.000541;0.702;0.626;0.0752;0.000237;0.55;0.00000000666;0.00014;0.000000154;0.00154;0.0000000000853;0.00000000901;0.00134;0.247;0.000000000000194;0.000422;1.02;0.00000000353;0.00838;;;;;;;;;;;;;;;;;;;
53a4a112-37c6-49a3-869d-8e432c18b4ad;00.01.000;;ADAGIO Acoustic+ (19 mm);;;'EN 15804+A2';;DE;specific dataset;2024;2029;;;2024-11-26;EPD-KNA-20240281-IBA1-EN;Institut Bauen und Umwelt e.V. (IBU);;;;1;qm;;1 m² ADAGIO Acoustic+ mineral ceiling tiles with a surface weight of 5.08 kg/m²;;;;;;;;;;;D;;;;;;;;;;0;0;0;0;0;0;0;0;0;0;0;0;0;0;0;0;0;0;0;0;0;0;0;0;0;0;0;0;0;0;0;0;0;0;0;0;0;;;;;;;;;;;;;;;;;;;
6ab32fab-ba73-4ddf-948c-dd4c49e52c2d;00.01.000;;gypsum fibre board;;;'EN 15804+A2';;Münchehof, Siglingen, Wijchen/Niederlande, Orejo/Spanien;specific dataset;2022;2027;;;2022-10-17;EPD-JAM-20220071-CBD1-DE;Institut Bauen und Umwelt e.V. (IBU);;;;1;qm;;1 m² fermacell® Gipsfaser-Platte;;;;;;;;;;;A1-A3;;;;;;;;;;3.62;32.3;35.9;50.7;0.008;50.7;2.52;0;0;0.0125;0.00000000909;0.0198;0.00173;0;0;0;0;0;0.00312;-0.458;-3.58;3.12;0.00107;7.53;0.000000115;0.00115;0.00000115;0.0127;0.000000000484;0.0000000319;0.126;31.6;0.0000000000000249;0.00332;50.7;0.000000195;0.347;;;;;;;;;;;;;;;;;;;
6ab32fab-ba73-4ddf-948c-dd4c49e52c2d;00.01.000;;gypsum fibre board;;;'EN 15804+A2';;Münchehof, Siglingen, Wijchen/Niederlande, Orejo/Spanien;specific dataset;2022;2027;;;2022-10-17;EPD-JAM-20220071-CBD1-DE;Institut Bauen und Umwelt e.V. (IBU);;;;1;qm;;1 m² fermacell® Gipsfaser-Platte;;;;;;;;;;;A4;;;;;;;;;;0.00496;0;0.00496;1.58;0;1.58;0;0;0;0.0000089;0.000000000153;0.000161;0.00000169;0;0;0;0;0;0.000104;0.116;0.00513;0.111;0.00000264;1.12;0.000000000563;0.0000316;0.0000000238;0.000351;0.000000000021;0.000000000892;0.000242;0.00405;0.0000000000000000117;0.0000927;1.57;0.00000000333;0.000218;;;;;;;;;;;;;;;;;;;
6ab32fab-ba73-4ddf-948c-dd4c49e52c2d;00.01.000;;gypsum fibre board;;;'EN 15804+A2';;Münchehof, Siglingen, Wijchen/Niederlande, Orejo/Spanien;specific dataset;2022;2027;;;2022-10-17;EPD-JAM-20220071-CBD1-DE;Institut Bauen und Umwelt e.V. (IBU);;;;1;qm;;1 m² fermacell® Gipsfaser-Platte;;;;;;;;;;;A5;;;;;;;;;;0.00392;-0.558;-0.555;0.0171;-0.008;0.00916;0;0;0;0.000173;0.00000000000381;0.000484;0.000000481;0;0;0;0.0891;0.209;0.000013;0.0721;0.0683;0.00387;0.00000131;0.00679;0.0000000000697;0.0000036;0.00000000221;0.0000624;0.000000000000484;0.0000000000182;0.0000445;0.00504;0.0000000000000000161;0.00000945;0.0171;0.00000000023;0.00734;;;;;;;;;;;;;;;;;;;
6ab32fab-ba73-4ddf-948c-dd4c49e52c2d;00.01.000;;gypsum fibre board;;;'EN 15804+A2';;Münchehof, Siglingen, Wijchen/Niederlande, Orejo/Spanien;specific dataset;2022;2027;;;2022-10-17;EPD-JAM-20220071-CBD1-DE;Institut Bauen und Umwelt e.V. (IBU);;;;1;qm;;1 m² fermacell® Gipsfaser-Platte;;;;;;;;;;;C1;;;;;;;;;;0;0;0;0;0;0;0;0;0;0;0;0;0;0;0;0;0;0;0;0;0;0;0;0;0;0;0;0;0;0;0;0;0;0;0;0;0;;;;;;;;;;;;;;;;;;;
6ab32fab-ba73-4ddf-948c-dd4c49e52c2d;00.01.000;;gypsum fibre board;;;'EN 15804+A2';;Münchehof, Siglingen, Wijchen/Niederlande, Orejo/Spanien;specific dataset;2022;2027;;;2022-10-17;EPD-JAM-20220071-CBD1-DE;Institut Bauen und Umwelt e.V. (IBU);;;;1;qm;;1 m² fermacell® Gipsfaser-Platte;;;;;;;;;;;C2;;;;;;;;;;0.00248;0;0.00248;0.786;0;0.786;0;0;0;0.00000444;0.0000000000762;0.0000804;0.000000844;0;0;0;0;0;0.0000517;0.0581;0.00256;0.0555;0.00000132;0.557;0.000000000281;0.0000158;0.0000000118;0.000175;0.0000000000105;0.000000000445;0.000121;0.00202;0.00000000000000000584;0.0000462;0.785;0.00000000166;0.000108;;;;;;;;;;;;;;;;;;;
6ab32fab-ba73-4ddf-948c-dd4c49e52c2d;00.01.000;;gypsum fibre board;;;'EN 15804+A2';;Münchehof, Siglingen, Wijchen/Niederlande, Orejo/Spanien;specific dataset;2022;2027;;;2022-10-17;EPD-JAM-20220071-CBD1-DE;Institut Bauen und Umwelt e.V. (IBU);;;;1;qm;;1 m² fermacell® Gipsfaser-Platte;;;;;;;;;;;C3;;;;;;;;;;0.419;-31.7;-31.3;4.07;0;4.07;0;0;0;0.000916;0.000000000489;0.000764;0.000658;0;10.7;0;0;0;0.000317;0.196;0.00011;0.196;0.0000336;1.25;0.00000000289;0.0000839;0.0000000789;0.000899;0.0000000000209;0.00000000115;0.0962;0.337;0.00000000000000221;0.000238;4.07;0.0000000243;0.0157;;;;;;;;;;;;;;;;;;;
6ab32fab-ba73-4ddf-948c-dd4c49e52c2d;00.01.000;;gypsum fibre board;;;'EN 15804+A2';;Münchehof, Siglingen, Wijchen/Niederlande, Orejo/Spanien;specific dataset;2022;2027;;;2022-10-17;EPD-JAM-20220071-CBD1-DE;Institut Bauen und Umwelt e.V. (IBU);;;;1;qm;;1 m² fermacell® Gipsfaser-Platte;;;;;;;;;;;C4;;;;;;;;;;0.109;0;0.109;0.81;0;0.81;0;0;0;0.0002;0.000000000086;4.04;0.0000085;0;0;0;0;0;0.000434;3.44;3.38;0.061;0.000179;0.461;0.0000000054;0.000113;0.000000102;0.00124;0.000000000068;0.00000000751;0.000894;0.163;0.000000000000000237;0.000342;0.809;0.00000000576;0.00655;;;;;;;;;;;;;;;;;;;
6ab32fab-ba73-4ddf-948c-dd4c49e52c2d;00.01.000;;gypsum fibre board;;;'EN 15804+A2';;Münchehof, Siglingen, Wijchen/Niederlande, Orejo/Spanien;specific dataset;2022;2027;;;2022-10-17;EPD-JAM-20220071-CBD1-DE;Institut Bauen und Umwelt e.V. (IBU);;;;1;qm;;1 m² fermacell® Gipsfaser-Platte;;;;;;;;;;;D;;;;;;;;;;-0.0496;0;-0.0496;-1.15;0;-1.15;8.19;0;0;-0.00014;-0.0000000211;-0.000305;-0.0000314;0;0;0;0;0;-0.000194;-0.0857;0.0000645;-0.0855;-0.000227;-0.408;-0.0000000511;-0.0000697;-0.000000107;-0.000783;-0.0000000000106;-0.000000000625;-0.00315;-0.138;-0.0000000000000000993;-0.000184;-1.15;-0.00000000466;-0.00395;;;;;;;;;;;;;;;;;;;
1892b89d-c42f-487c-8dd6-7ebd20c5419d;00.01.000;;Steel strip made from scrap-based electrical steel;;;'EN 15804+A2';;DE;specific dataset;2024;2029;;;2024-01-30;EPD-SAL-20230558-IBA1-DE;Institut Bauen und Umwelt e.V. (IBU);;;;1;t;;1 Tonne Bandblech aus schrottbasiertem Elektrostahl;;;;;;;;;;;A1-A3;;;;;;;;;;1080;0;1080;8780;0;8780;1070;0;0;2.6;0.916;63.6;0.571;0;0;0;0;173;1.7;686;1.25;685;0.161;;;0.578;0.0118;6.29;;;;;0.00000123;1.56;8770;0.000101;40.4;;;;;;;;;;;;;;;;;;;
1892b89d-c42f-487c-8dd6-7ebd20c5419d;00.01.000;;Steel strip made from scrap-based electrical steel;;;'EN 15804+A2';;DE;specific dataset;2024;2029;;;2024-01-30;EPD-SAL-20230558-IBA1-DE;Institut Bauen und Umwelt e.V. (IBU);;;;1;t;;1 Tonne Bandblech aus schrottbasiertem Elektrostahl;;;;;;;;;;;C1;;;;;;;;;;0;0;0;0;0;0;0;0;0;0;0;0;0;0;0;0;0;0;0;0;0;0;0;;;0;0;0;;;;;0;0;0;0;0;;;;;;;;;;;;;;;;;;;
1892b89d-c42f-487c-8dd6-7ebd20c5419d;00.01.000;;Steel strip made from scrap-based electrical steel;;;'EN 15804+A2';;DE;specific dataset;2024;2029;;;2024-01-30;EPD-SAL-20230558-IBA1-DE;Institut Bauen und Umwelt e.V. (IBU);;;;1;t;;1 Tonne Bandblech aus schrottbasiertem Elektrostahl;;;;;;;;;;;C2;;;;;;;;;;7.81;0;7.81;121;0;121;0;0;0;0.00711;0.000000000324;0.0176;0.000126;0;0;0;0;0;0.0454;8.95;-0.0328;8.93;0.0533;;;0.0221;0.0000208;0.246;;;;;0.00000000000156;0.0431;121;0.000000631;0.0463;;;;;;;;;;;;;;;;;;;
1892b89d-c42f-487c-8dd6-7ebd20c5419d;00.01.000;;Steel strip made from scrap-based electrical steel;;;'EN 15804+A2';;DE;specific dataset;2024;2029;;;2024-01-30;EPD-SAL-20230558-IBA1-DE;Institut Bauen und Umwelt e.V. (IBU);;;;1;t;;1 Tonne Bandblech aus schrottbasiertem Elektrostahl;;;;;;;;;;;C3;;;;;;;;;;294;0;294;313;0;313;0;0;0;0.103;-0.0000000611;0.287;0.0305;53;916;0;0;0;0.0339;22.7;0.389;22.3;0.00353;;;0.0111;0.000133;0.115;;;;;0.000000000607;0.0266;313;0.00000405;0.636;;;;;;;;;;;;;;;;;;;
1892b89d-c42f-487c-8dd6-7ebd20c5419d;00.01.000;;Steel strip made from scrap-based electrical steel;;;'EN 15804+A2';;DE;specific dataset;2024;2029;;;2024-01-30;EPD-SAL-20230558-IBA1-DE;Institut Bauen und Umwelt e.V. (IBU);;;;1;t;;1 Tonne Bandblech aus schrottbasiertem Elektrostahl;;;;;;;;;;;C4;;;;;;;;;;0;0;0;0;0;0;0;0;0;0;0;0;0;0;0;0;0;0;0;0;0;0;0;;;0;0;0;;;;;0;0;0;0;0;;;;;;;;;;;;;;;;;;;
1892b89d-c42f-487c-8dd6-7ebd20c5419d;00.01.000;;Steel strip made from scrap-based electrical steel;;;'EN 15804+A2';;DE;specific dataset;2024;2029;;;2024-01-30;EPD-SAL-20230558-IBA1-DE;Institut Bauen und Umwelt e.V. (IBU);;;;1;t;;1 Tonne Bandblech aus schrottbasiertem Elektrostahl;;;;;;;;;;;D;;;;;;;;;;-57.4;0;-57.4;-465;0;-465;-56.9;0;0;-0.138;-0.0485;-3.37;-0.0303;0;0;0;22.3;0;-0.0902;-36.4;-0.0664;-36.3;-0.00852;;;-0.0306;-0.000626;-0.333;;;;;-0.000000065;-0.0827;-465;-0.00000534;-2.14;;;;;;;;;;;;;;;;;;;
f218ccdd-e21e-47a5-a0cc-0794e5870930;00.01.000;;EcoWorx S? Carpet Tile with EcoSolution Q®, Solution Q®, or Solution Q Extreme® Face Fibre;;;'EN 15804+A2';;UK;specific dataset;2023;2028;;;2023-11-06;EPD-SHA-20230441-CBA1-EN;Institut Bauen und Umwelt e.V. (IBU);;;;1;qm;;1 m2 of installed EcoWorx STM Carpet Tile;;;;;;;;;;;A1-A3;;;;;;;;;;10.5;5.31;15.8;162;51.6;212;0.785;0;0;0.0364;0.0000000102;0.281;0.00435;0;0;0;0;0;0.0253;8.68;-0.339;9.01;0.00274;91.1;0.00000025;0.00708;0.0000192;0.0719;0.0000000021;0.000000068;0.413;12.2;0.00000000828;0.022;199;0.00000401;1.03;;;;;;;;;;;;;;;;;;;
f218ccdd-e21e-47a5-a0cc-0794e5870930;00.01.000;;EcoWorx S? Carpet Tile with EcoSolution Q®, Solution Q®, or Solution Q Extreme® Face Fibre;;;'EN 15804+A2';;UK;specific dataset;2023;2028;;;2023-11-06;EPD-SHA-20230441-CBA1-EN;Institut Bauen und Umwelt e.V. (IBU);;;;1;qm;;1 m2 of installed EcoWorx STM Carpet Tile;;;;;;;;;;;A4;;;;;;;;;;0.141;0;0.141;2.48;0;2.48;0;0;0;0.000151;0.0000000000113;0.000338;0.0000029;0;0;0;0;0;0.000181;0.177;-0.000243;0.176;0.000981;1.63;0.00000000105;0.0000593;0.000000525;0.000706;0.0000000000329;0.00000000171;0.000426;0.81;0.0000000000000105;0.00016;2.35;0.0000000147;0.00158;;;;;;;;;;;;;;;;;;;
f218ccdd-e21e-47a5-a0cc-0794e5870930;00.01.000;;EcoWorx S? Carpet Tile with EcoSolution Q®, Solution Q®, or Solution Q Extreme® Face Fibre;;;'EN 15804+A2';;UK;specific dataset;2023;2028;;;2023-11-06;EPD-SHA-20230441-CBA1-EN;Institut Bauen und Umwelt e.V. (IBU);;;;1;qm;;1 m2 of installed EcoWorx STM Carpet Tile;;;;;;;;;;;A5;;;;;;;;;;5.1;-4.19;0.916;1.51;-0.317;1.19;0.0413;0;0;0.00998;0.00000000297;0.186;0.000248;0;0.181;0;0.0637;0.0977;0.00173;0.554;-0.00419;0.558;0.00023;5.75;0.0000000179;0.000443;0.0000148;0.00519;0.000000000144;0.00000000556;0.0242;11;0.000000000436;0.00148;11.7;0.000000236;0.124;;;;;;;;;;;;;;;;;;;
f218ccdd-e21e-47a5-a0cc-0794e5870930;00.01.000;;EcoWorx S? Carpet Tile with EcoSolution Q®, Solution Q®, or Solution Q Extreme® Face Fibre;;;'EN 15804+A2';;UK;specific dataset;2023;2028;;;2023-11-06;EPD-SHA-20230441-CBA1-EN;Institut Bauen und Umwelt e.V. (IBU);;;;1;qm;;1 m2 of installed EcoWorx STM Carpet Tile;;;;;;;;;;;B1;;;;;;;;;;0;0;0;0;0;0;0;0;0;0;0;0;0;0;0;0;0;0;0;0.000254;0;0.000254;0;0.000115;0;0;0;0;0;0.00000000000307;0;0;0;0.0000141;0;0;0;;;;;;;;;;;;;;;;;;;
f218ccdd-e21e-47a5-a0cc-0794e5870930;00.01.000;;EcoWorx S? Carpet Tile with EcoSolution Q®, Solution Q®, or Solution Q Extreme® Face Fibre;;;'EN 15804+A2';;UK;specific dataset;2023;2028;;;2023-11-06;EPD-SHA-20230441-CBA1-EN;Institut Bauen und Umwelt e.V. (IBU);;;;1;qm;;1 m2 of installed EcoWorx STM Carpet Tile;;;;;;;;;;;B2;;;;;;;;;;2.88;0;2.88;5.19;0;5.19;0;0;0;0.00275;0.000000000449;0.00477;0.00083;0;0;0;0;0;0.000629;0.289;0.00305;0.286;0.0000606;2.35;0.00000000521;0.000143;0.0000014;0.00148;0.0000000000679;0.00000000265;0.141;1.87;0.00000000000419;0.000382;5.19;0.000000078;0.0654;;;;;;;;;;;;;;;;;;;
f218ccdd-e21e-47a5-a0cc-0794e5870930;00.01.000;;EcoWorx S? Carpet Tile with EcoSolution Q®, Solution Q®, or Solution Q Extreme® Face Fibre;;;'EN 15804+A2';;UK;specific dataset;2023;2028;;;2023-11-06;EPD-SHA-20230441-CBA1-EN;Institut Bauen und Umwelt e.V. (IBU);;;;1;qm;;1 m2 of installed EcoWorx STM Carpet Tile;;;;;;;;;;;C1;;;;;;;;;;0;0;0;0;0;0;0;0;0;0;0;0;0;0;0;0;0;0;0;0;0;0;0;0;0;0;0;0;0;0;0;0;0;0;0;0;0;;;;;;;;;;;;;;;;;;;
f218ccdd-e21e-47a5-a0cc-0794e5870930;00.01.000;;EcoWorx S? Carpet Tile with EcoSolution Q®, Solution Q®, or Solution Q Extreme® Face Fibre;;;'EN 15804+A2';;UK;specific dataset;2023;2028;;;2023-11-06;EPD-SHA-20230441-CBA1-EN;Institut Bauen und Umwelt e.V. (IBU);;;;1;qm;;1 m2 of installed EcoWorx STM Carpet Tile;;;;;;;;;;;C2;;;;;;;;;;0.0279;0;0.0279;0.491;0;0.491;0;0;0;0.0000315;0.00000000000235;0.0000704;0.000000605;0;0;0;0;0;0.0000378;0.0368;-0.0000507;0.0367;0.000205;0.34;0.000000000218;0.0000124;0.00000011;0.000147;0.00000000000686;0.000000000356;0.0000887;0.169;0.0000000000000022;0.0000333;0.49;0.00000000307;0.000329;;;;;;;;;;;;;;;;;;;
f218ccdd-e21e-47a5-a0cc-0794e5870930;00.01.000;;EcoWorx S? Carpet Tile with EcoSolution Q®, Solution Q®, or Solution Q Extreme® Face Fibre;;;'EN 15804+A2';;UK;specific dataset;2023;2028;;;2023-11-06;EPD-SHA-20230441-CBA1-EN;Institut Bauen und Umwelt e.V. (IBU);;;;1;qm;;1 m2 of installed EcoWorx STM Carpet Tile;;;;;;;;;;;C3;;;;;;;;;;0;0;0;0;0;0;0;0;0;0;0;0;0;0;0;0;0;0;0;0;0;0;0;0;0;0;0;0;0;0;0;0;0;0;0;0;0;;;;;;;;;;;;;;;;;;;
f218ccdd-e21e-47a5-a0cc-0794e5870930;00.01.000;;EcoWorx S? Carpet Tile with EcoSolution Q®, Solution Q®, or Solution Q Extreme® Face Fibre;;;'EN 15804+A2';;UK;specific dataset;2023;2028;;;2023-11-06;EPD-SHA-20230441-CBA1-EN;Institut Bauen und Umwelt e.V. (IBU);;;;1;qm;;1 m2 of installed EcoWorx STM Carpet Tile;;;;;;;;;;;C4;;;;;;;;;;0.225;0;0.225;2.74;0;2.74;0;0;0;0.0000354;0.000000000422;2.71;0.0000336;0;0;0;0;0;0.000571;0.191;-0.00205;0.193;0.0000938;2.68;0.00000000549;0.000126;0.000036;0.00139;0.00000000012;0.0000000101;0.00496;0.197;0.000000000000259;0.000406;2.73;0.0000000134;-0.0019;;;;;;;;;;;;;;;;;;;
f218ccdd-e21e-47a5-a0cc-0794e5870930;00.01.000;;EcoWorx S? Carpet Tile with EcoSolution Q®, Solution Q®, or Solution Q Extreme® Face Fibre;;;'EN 15804+A2';;UK;specific dataset;2023;2028;;;2023-11-06;EPD-SHA-20230441-CBA1-EN;Institut Bauen und Umwelt e.V. (IBU);;;;1;qm;;1 m2 of installed EcoWorx STM Carpet Tile;;;;;;;;;;;D;;;;;;;;;;-0.0535;0;-0.0535;0.63;0;0.63;-0.826;0;0;0.00000411;0.0000000000692;-0.000081;-0.0000112;0;0;0;0;0;0.0000757;0.0398;0.00411;0.0357;0.0000114;0.317;0.00000000533;0.0000243;0.00000003;0.000205;0.0000000000095;0.000000000368;-0.000914;-0.584;0.0000000000000187;0.0000739;0.629;0.00000000253;-0.00132;;;;;;;;;;;;;;;;;;;
927343ae-ac82-4b32-bf76-6cb5e784c421;00.01.000;;Duripanel A2;;;'EN 15804+A2';;DE;specific dataset;2021;2026;;;2021-04-01;EPD-ETE-20200284-IBC1-EN;Institut Bauen und Umwelt e.V. (IBU);;;;1;qm;;1 m² Duripanel A2 with thickness 19mm;;;;;;;;;;;A1-A3;;;;;;;;;;26.7;54.2;80.9;146;0.562;146;0;0;0;0.018;0.000000345;3.79;0.00179;0;1.19;0.236;0.00281;0.00648;0.0266;17.3;-5.2;22.5;0.00697;68.4;0.000000528;0.00886;0.0000375;0.0964;0.00000000219;0.00000017;0.179;588;;0.027;146;0.000000988;0.383;;;;;;;;;;;;;;;;;;;
927343ae-ac82-4b32-bf76-6cb5e784c421;00.01.000;;Duripanel A2;;;'EN 15804+A2';;DE;specific dataset;2021;2026;;;2021-04-01;EPD-ETE-20200284-IBC1-EN;Institut Bauen und Umwelt e.V. (IBU);;;;1;qm;;1 m² Duripanel A2 with thickness 19mm;;;;;;;;;;;A4;;;;;;;;;;0.469;0;0.469;8.14;0;8.14;0;0;0;0.000546;0.000000376;0.00129;0.000015;0;0;0;0;0;0.000702;0.612;;0.608;0.00492;6.07;0.00000000466;0.000216;0.00000185;0.00256;;0.0000000064;0.00221;2.85;;0.000582;8.11;0.0000000491;0.00593;;;;;;;;;;;;;;;;;;;
927343ae-ac82-4b32-bf76-6cb5e784c421;00.01.000;;Duripanel A2;;;'EN 15804+A2';;DE;specific dataset;2021;2026;;;2021-04-01;EPD-ETE-20200284-IBC1-EN;Institut Bauen und Umwelt e.V. (IBU);;;;1;qm;;1 m² Duripanel A2 with thickness 19mm;;;;;;;;;;;A5;;;;;;;;;;17.6;-8.49;9.11;20.4;-0.562;19.8;0.149;0;0;0.00552;0.0000000456;2.82;0.000392;0;0.126;0.0236;1.79;2.76;0.00418;4.17;1.35;2.82;0.00114;9.4;0.0000000685;0.00141;0.0000237;0.014;;0.0000000287;0.0445;59.8;;0.00416;19.8;0.0000219;0.165;;;;;;;;;;;;;;;;;;;
927343ae-ac82-4b32-bf76-6cb5e784c421;00.01.000;;Duripanel A2;;;'EN 15804+A2';;DE;specific dataset;2021;2026;;;2021-04-01;EPD-ETE-20200284-IBC1-EN;Institut Bauen und Umwelt e.V. (IBU);;;;1;qm;;1 m² Duripanel A2 with thickness 19mm;;;;;;;;;;;B1;;;;;;;;;;0;0;0;0;0;0;0;0;0;0;0;0;0;0;0;0;0;0;0;0;0;0;0;0;0;0;0;0;0;0;0;0;0;0;0;0;0;;;;;;;;;;;;;;;;;;;
927343ae-ac82-4b32-bf76-6cb5e784c421;00.01.000;;Duripanel A2;;;'EN 15804+A2';;DE;specific dataset;2021;2026;;;2021-04-01;EPD-ETE-20200284-IBC1-EN;Institut Bauen und Umwelt e.V. (IBU);;;;1;qm;;1 m² Duripanel A2 with thickness 19mm;;;;;;;;;;;B2;;;;;;;;;;0;0;0;0;0;0;0;0;0;0;0;0;0;0;0;0;0;0;0;0;0;0;0;0;0;0;0;0;0;0;0;0;0;0;0;0;0;;;;;;;;;;;;;;;;;;;
927343ae-ac82-4b32-bf76-6cb5e784c421;00.01.000;;Duripanel A2;;;'EN 15804+A2';;DE;specific dataset;2021;2026;;;2021-04-01;EPD-ETE-20200284-IBC1-EN;Institut Bauen und Umwelt e.V. (IBU);;;;1;qm;;1 m² Duripanel A2 with thickness 19mm;;;;;;;;;;;B6;;;;;;;;;;0;0;0;0;0;0;0;0;0;0;0;0;0;0;0;0;0;0;0;0;0;0;0;0;0;0;0;0;0;0;0;0;0;0;0;0;0;;;;;;;;;;;;;;;;;;;
927343ae-ac82-4b32-bf76-6cb5e784c421;00.01.000;;Duripanel A2;;;'EN 15804+A2';;DE;specific dataset;2021;2026;;;2021-04-01;EPD-ETE-20200284-IBC1-EN;Institut Bauen und Umwelt e.V. (IBU);;;;1;qm;;1 m² Duripanel A2 with thickness 19mm;;;;;;;;;;;B7;;;;;;;;;;0;0;0;0;0;0;0;0;0;0;0;0;0;0;0;0;0;0;0;0;0;0;0;0;0;0;0;0;0;0;0;0;0;0;0;0;0;;;;;;;;;;;;;;;;;;;
927343ae-ac82-4b32-bf76-6cb5e784c421;00.01.000;;Duripanel A2;;;'EN 15804+A2';;DE;specific dataset;2021;2026;;;2021-04-01;EPD-ETE-20200284-IBC1-EN;Institut Bauen und Umwelt e.V. (IBU);;;;1;qm;;1 m² Duripanel A2 with thickness 19mm;;;;;;;;;;;C1;;;;;;;;;;0.235;0;0.235;0.531;0;0.531;0;0;0;0.000272;0.00000000022;0.000377;0.0000806;0;0;0;0;0;0.0000666;0.0303;0.000101;0.0302;0.0000438;0.227;;0.0000148;0.0000000806;0.000156;;;0.0132;0.169;;0.0000406;0.531;0.00000000874;0.00658;;;;;;;;;;;;;;;;;;;
927343ae-ac82-4b32-bf76-6cb5e784c421;00.01.000;;Duripanel A2;;;'EN 15804+A2';;DE;specific dataset;2021;2026;;;2021-04-01;EPD-ETE-20200284-IBC1-EN;Institut Bauen und Umwelt e.V. (IBU);;;;1;qm;;1 m² Duripanel A2 with thickness 19mm;;;;;;;;;;;C2;;;;;;;;;;0.0766;0;0.0766;1.33;0;1.33;0;0;0;0.0000893;0.0000000615;0.000211;0.00000245;0;0;0;0;0;0.000115;0.1;;0.0993;0.000804;0.991;;0.0000353;0.000000303;0.000419;;0.00000000105;0.000362;0.465;;0.0000951;1.33;0.00000000803;0.000968;;;;;;;;;;;;;;;;;;;
927343ae-ac82-4b32-bf76-6cb5e784c421;00.01.000;;Duripanel A2;;;'EN 15804+A2';;DE;specific dataset;2021;2026;;;2021-04-01;EPD-ETE-20200284-IBC1-EN;Institut Bauen und Umwelt e.V. (IBU);;;;1;qm;;1 m² Duripanel A2 with thickness 19mm;;;;;;;;;;;C3/1;;;;;;;;;;57.1;-45.7;11.4;25.6;0;25.6;0;0;0;0.0131;0.0000000106;0.0182;0.00389;0;21.9;4.3;0;0;0.00322;1.47;0.00486;1.46;0.00211;11;0.000000027;0.000715;0.0000039;0.00751;;0.0000000112;0.638;8.17;;0.00196;25.6;0.000000422;0.318;;;;;;;;;;;;;;;;;;;
927343ae-ac82-4b32-bf76-6cb5e784c421;00.01.000;;Duripanel A2;;;'EN 15804+A2';;DE;specific dataset;2021;2026;;;2021-04-01;EPD-ETE-20200284-IBC1-EN;Institut Bauen und Umwelt e.V. (IBU);;;;1;qm;;1 m² Duripanel A2 with thickness 19mm;;;;;;;;;;;C3/2;;;;;;;;;;0;0;0;0;0;0;0;0;0;0;0;0;0;0;0.0998;0;0;0;0;0;0;0;0;0;0;0;0;0;0;0;0;0;0;0;0;0;0;;;;;;;;;;;;;;;;;;;
927343ae-ac82-4b32-bf76-6cb5e784c421;00.01.000;;Duripanel A2;;;'EN 15804+A2';;DE;specific dataset;2021;2026;;;2021-04-01;EPD-ETE-20200284-IBC1-EN;Institut Bauen und Umwelt e.V. (IBU);;;;1;qm;;1 m² Duripanel A2 with thickness 19mm;;;;;;;;;;;C4/1;;;;;;;;;;0;0;0;0;0;0;0;0;0;0;0;0;0;0;0;2.71;0;0;0;0;0;0;0;12.5;0.0000000488;0;0;0;;0.0000000682;0.0163;1.26;0;0;0;0;0;;;;;;;;;;;;;;;;;;;
927343ae-ac82-4b32-bf76-6cb5e784c421;00.01.000;;Duripanel A2;;;'EN 15804+A2';;DE;specific dataset;2021;2026;;;2021-04-01;EPD-ETE-20200284-IBC1-EN;Institut Bauen und Umwelt e.V. (IBU);;;;1;qm;;1 m² Duripanel A2 with thickness 19mm;;;;;;;;;;;C4/2;;;;;;;;;;;;;10.7;0;10.7;0;0;0;0.00185;0.0000000822;24.3;0.000126;0;0;0;0;0;0.00442;10.2;8.88;1.32;0.00121;0;0;0.00265;0.000192;0.0144;0;0;0;0;;0.00667;10.7;0.0000000576;0.0602;;;;;;;;;;;;;;;;;;;
927343ae-ac82-4b32-bf76-6cb5e784c421;00.01.000;;Duripanel A2;;;'EN 15804+A2';;DE;specific dataset;2021;2026;;;2021-04-01;EPD-ETE-20200284-IBC1-EN;Institut Bauen und Umwelt e.V. (IBU);;;;1;qm;;1 m² Duripanel A2 with thickness 19mm;;;;;;;;;;;D/1;;;;;;;;;;-1.96;0;-1.96;-63.7;0;-63.7;0;0;0;-0.00235;-0.0000000526;-0.0186;-0.000575;0;0;0;0;0;;-3.99;;-3.99;;;-0.000000221;;;;;-0.0000000207;-0.092;-2.08;;;;;;;;;;;;;;;;;;;;;;;;
927343ae-ac82-4b32-bf76-6cb5e784c421;00.01.000;;Duripanel A2;;;'EN 15804+A2';;DE;specific dataset;2021;2026;;;2021-04-01;EPD-ETE-20200284-IBC1-EN;Institut Bauen und Umwelt e.V. (IBU);;;;1;qm;;1 m² Duripanel A2 with thickness 19mm;;;;;;;;;;;D/2;;;;;;;;;;-3.81;0;-3.81;-16;0;-16;0;0;0;-0.00468;-0.0000000085;-0.0101;-0.00132;0;0;0;0;0;;-1.04;;-1.04;;-4.14;-0.0000000272;;;;;-0.00000000669;-0.219;;;;-16;;;;;;;;;;;;;;;;;;;;;
26d93253-209b-4684-a48a-64f74c9a4b8a;00.01.000;;Access manager 92 00;;;'EN 15804+A2';;DE;specific dataset;2021;2026;;;2021-10-07;EPD-DOR-20210193-CBA2-EN;Institut Bauen und Umwelt e.V. (IBU);;;;1;pcs.;;1 piece Access manager 92 00;;;;;;;;;;;A1-A3;;;;;;;;;;17.3;0.877;18.2;69;3.76;72.7;0;0;0;0.0366;0.00000615;0.207;0.00167;0;0;0;0.107;0.195;0.0333;5.92;-0.0166;5.93;0.00899;39.1;0.000000335;0.00584;0.000043;0.0622;0.00000000194;0.000000109;0.161;24;0.000000000777;0.0171;72.7;0.0114;1.42;;;;;;;;;;;;;;;;;;;
26d93253-209b-4684-a48a-64f74c9a4b8a;00.01.000;;Access manager 92 00;;;'EN 15804+A2';;DE;specific dataset;2021;2026;;;2021-10-07;EPD-DOR-20210193-CBA2-EN;Institut Bauen und Umwelt e.V. (IBU);;;;1;pcs.;;1 piece Access manager 92 00;;;;;;;;;;;A4;;;;;;;;;;0.000733;0;0.000733;0.232;0;0.232;0;0;0;0.00000132;0.0000000000226;0.0000238;0.00000025;0;0;0;0;0;0.0000458;0.0172;0.000726;0.0165;0.00000039;0.165;0.000000000597;0.0000129;0.00000000354;0.000143;0.0000000000031;0.000000000133;0.0000357;0.000598;0.00000000000000000173;0.0000363;0.000000000491;0.232;0.0000322;;;;;;;;;;;;;;;;;;;
26d93253-209b-4684-a48a-64f74c9a4b8a;00.01.000;;Access manager 92 00;;;'EN 15804+A2';;DE;specific dataset;2021;2026;;;2021-10-07;EPD-DOR-20210193-CBA2-EN;Institut Bauen und Umwelt e.V. (IBU);;;;1;pcs.;;1 piece Access manager 92 00;;;;;;;;;;;A5;;;;;;;;;;0.865;-0.859;0.00582;0.0321;0;0.0321;0;0;0;0.000296;0.0000000000472;0.00318;0.00000168;0;0;0;0.154;0.279;0.0000284;0.102;0.099;0.00254;0.00000167;0.0152;0.000000000157;0.0000103;0.00000000358;0.000128;0.000000000000804;0.0000000000349;0.000261;0.0085;0.0000000000000000183;0.0000272;0.000000000289;0.032;0.0126;;;;;;;;;;;;;;;;;;;
26d93253-209b-4684-a48a-64f74c9a4b8a;00.01.000;;Access manager 92 00;;;'EN 15804+A2';;DE;specific dataset;2021;2026;;;2021-10-07;EPD-DOR-20210193-CBA2-EN;Institut Bauen und Umwelt e.V. (IBU);;;;1;pcs.;;1 piece Access manager 92 00;;;;;;;;;;;B6;;;;;;;;;;2320;0;2320;6200;0;6200;0;0;0;3.16;0.00000287;3.87;0.718;0;0;0;0;0;1.83;413;0.816;411;0.578;2280;0.0000256;0.3;0.000783;3.23;0.0000000834;0.00000332;116;1710;0.0000000000062;0.867;0.0000848;6190;87.4;;;;;;;;;;;;;;;;;;;
26d93253-209b-4684-a48a-64f74c9a4b8a;00.01.000;;Access manager 92 00;;;'EN 15804+A2';;DE;specific dataset;2021;2026;;;2021-10-07;EPD-DOR-20210193-CBA2-EN;Institut Bauen und Umwelt e.V. (IBU);;;;1;pcs.;;1 piece Access manager 92 00;;;;;;;;;;;C2;;;;;;;;;;0.0000334;0;0.0000334;0.0106;0;0.0106;0;0;0;0.0000000599;0.00000000000103;0.00000108;0.0000000114;0;0;0;0;0;0.000000748;0.000782;0.0000345;0.000747;0.0000000178;0.00751;0.00000000000393;0.000000238;0.00000000016;0.00000264;0.000000000000141;0.00000000000604;0.00000163;0.0000272;0.0000000000000000000789;0.000000673;0.0000000000224;0.0106;0.00000146;;;;;;;;;;;;;;;;;;;
26d93253-209b-4684-a48a-64f74c9a4b8a;00.01.000;;Access manager 92 00;;;'EN 15804+A2';;DE;specific dataset;2021;2026;;;2021-10-07;EPD-DOR-20210193-CBA2-EN;Institut Bauen und Umwelt e.V. (IBU);;;;1;pcs.;;1 piece Access manager 92 00;;;;;;;;;;;C3;;;;;;;;;;0.0446;-0.018;0.0266;3.86;-3.76;0.102;0;0;0;0.000539;0.000000000389;0.0229;0.00000379;0;0.0876;0;0;0;0.0000392;0.22;0.00000513;0.22;0.0000125;0.0383;0.000000000501;0.00000885;0.0000000177;0.000179;0.00000000000332;0.000000000336;0.000342;0.0306;0.000000000000000111;0.0000245;0.00000000152;0.102;0.0225;;;;;;;;;;;;;;;;;;;
26d93253-209b-4684-a48a-64f74c9a4b8a;00.01.000;;Access manager 92 00;;;'EN 15804+A2';;DE;specific dataset;2021;2026;;;2021-10-07;EPD-DOR-20210193-CBA2-EN;Institut Bauen und Umwelt e.V. (IBU);;;;1;pcs.;;1 piece Access manager 92 00;;;;;;;;;;;C4;;;;;;;;;;0.000117;0;0.000117;0.000896;0;0.000896;0;0;0;0.000000226;0.0000000000137;0.0045;0.0000000102;0;0;0;0;0;0.00000049;0.0000687;0.000000233;0.0000683;0.000000196;0.000512;0.00000000000606;0.000000126;0.000000000117;0.00000138;0.0000000000000758;0.00000000000836;0.00000105;0.000187;0.000000000000000000253;0.000000382;0.00000000000613;0.000896;0.00000716;;;;;;;;;;;;;;;;;;;
26d93253-209b-4684-a48a-64f74c9a4b8a;00.01.000;;Access manager 92 00;;;'EN 15804+A2';;DE;specific dataset;2021;2026;;;2021-10-07;EPD-DOR-20210193-CBA2-EN;Institut Bauen und Umwelt e.V. (IBU);;;;1;pcs.;;1 piece Access manager 92 00;;;;;;;;;;;D;;;;;;;;;;-0.78;0;-0.78;-4.93;0;-4.93;0;0;0;-0.00249;-0.0000000132;-0.0539;-0.000167;0;0;0;0;0;-0.00434;-0.359;0.000305;-0.359;-0.000483;-2.27;-0.0000000351;-0.000339;-0.000000321;-0.00365;-0.000000000153;-0.0000000122;-0.0261;-2.1;-0.0000000000000021;-0.00113;-0.000195;-4.93;-0.126;;;;;;;;;;;;;;;;;;;
ea6e2a16-fd3d-45ea-b3c6-6be97acc7747;00.01.000;;Tufted tiles, Polyamid 6 with a maximum total pile weight of 592 g/m2 , a CQuest Bio heavy backing and a PET acoustic cover Sone;;;'EN 15804+A2';;RER;specific dataset;2023;2028;;;2023-02-17;EPD-INT-20220228-CBB1-EN;Institut Bauen und Umwelt e.V. (IBU);;;;1;qm;;1 m² tufted modular carpet tiles with Sone acoustic felt covered CQuest Bio (CQB) heavy backing and a pile material of PA 6;;;;;;;;;;;A1-A3;;;;;;;;;;37.2;13.7;50.9;138;24.8;163;2.67;0;0;0.318;0.000000203;0.223;0.00451;0;0;0;0;0;0.018;7.51;-1.05;8.56;0.00537;132;0.000000145;0.00513;0.0000993;0.0507;0.00000000267;0.000000107;0.719;;0.0000000117;0.0149;163;0.00000217;12.6;;;;;;;;;;;;;;;;;;;
ea6e2a16-fd3d-45ea-b3c6-6be97acc7747;00.01.000;;Tufted tiles, Polyamid 6 with a maximum total pile weight of 592 g/m2 , a CQuest Bio heavy backing and a PET acoustic cover Sone;;;'EN 15804+A2';;RER;specific dataset;2023;2028;;;2023-02-17;EPD-INT-20220228-CBB1-EN;Institut Bauen und Umwelt e.V. (IBU);;;;1;qm;;1 m² tufted modular carpet tiles with Sone acoustic felt covered CQuest Bio (CQB) heavy backing and a pile material of PA 6;;;;;;;;;;;A4;;;;;;;;;;0.183;0;0.183;3.23;0;3.23;0;0;0;0.000207;0.0000000000155;0.000462;0.00000397;0;0;0;0;0;0.00143;0.242;0.00307;0.237;0.00134;2.23;0.00000000829;0.000704;0.000000719;0.00779;0.0000000000452;0.00000000268;0.000582;;;0.00133;3.22;0.0000000201;0.00215;;;;;;;;;;;;;;;;;;;
ea6e2a16-fd3d-45ea-b3c6-6be97acc7747;00.01.000;;Tufted tiles, Polyamid 6 with a maximum total pile weight of 592 g/m2 , a CQuest Bio heavy backing and a PET acoustic cover Sone;;;'EN 15804+A2';;RER;specific dataset;2023;2028;;;2023-02-17;EPD-INT-20220228-CBB1-EN;Institut Bauen und Umwelt e.V. (IBU);;;;1;qm;;1 m² tufted modular carpet tiles with Sone acoustic felt covered CQuest Bio (CQB) heavy backing and a pile material of PA 6;;;;;;;;;;;A5;;;;;;;;;;1.81;-0.26;1.55;5.47;-0.396;5.08;0.0802;0;0;0.01;0.0000000061;0.0397;0.000139;0;0.121;0;0.205;0.38;0.000689;0.449;0.0241;0.424;0.000212;4.08;0.00000000519;0.000225;0.00000303;0.00232;0.0000000000837;0.00000000344;0.0221;;;0.000616;5.08;0.0000000665;0.397;;;;;;;;;;;;;;;;;;;
ea6e2a16-fd3d-45ea-b3c6-6be97acc7747;00.01.000;;Tufted tiles, Polyamid 6 with a maximum total pile weight of 592 g/m2 , a CQuest Bio heavy backing and a PET acoustic cover Sone;;;'EN 15804+A2';;RER;specific dataset;2023;2028;;;2023-02-17;EPD-INT-20220228-CBB1-EN;Institut Bauen und Umwelt e.V. (IBU);;;;1;qm;;1 m² tufted modular carpet tiles with Sone acoustic felt covered CQuest Bio (CQB) heavy backing and a pile material of PA 6;;;;;;;;;;;B1;;;;;;;;;;0;0;0;0;0;0;0;0;0;0;0;0;0;0;0;0;0;0;0;0;0;0;0;0.0036;0;0;0;0;0;0.000000000026;0;;0;0.000418;0;0;0;;;;;;;;;;;;;;;;;;;
ea6e2a16-fd3d-45ea-b3c6-6be97acc7747;00.01.000;;Tufted tiles, Polyamid 6 with a maximum total pile weight of 592 g/m2 , a CQuest Bio heavy backing and a PET acoustic cover Sone;;;'EN 15804+A2';;RER;specific dataset;2023;2028;;;2023-02-17;EPD-INT-20220228-CBB1-EN;Institut Bauen und Umwelt e.V. (IBU);;;;1;qm;;1 m² tufted modular carpet tiles with Sone acoustic felt covered CQuest Bio (CQB) heavy backing and a pile material of PA 6;;;;;;;;;;;B2;;;;;;;;;;3.69;0;3.69;5.9;0;5.9;0;0;0;0.00334;0.0000419;0.0073;0.000376;0;0;0;0;0;0.000832;0.416;0.00416;0.215;0.196;2.69;0.0000000684;0.000197;0.00000519;0.00283;0.000000000621;0.00000000946;0.0678;;0.0000000342;0.000983;5.9;0.00000023;0.0999;;;;;;;;;;;;;;;;;;;
ea6e2a16-fd3d-45ea-b3c6-6be97acc7747;00.01.000;;Tufted tiles, Polyamid 6 with a maximum total pile weight of 592 g/m2 , a CQuest Bio heavy backing and a PET acoustic cover Sone;;;'EN 15804+A2';;RER;specific dataset;2023;2028;;;2023-02-17;EPD-INT-20220228-CBB1-EN;Institut Bauen und Umwelt e.V. (IBU);;;;1;qm;;1 m² tufted modular carpet tiles with Sone acoustic felt covered CQuest Bio (CQB) heavy backing and a pile material of PA 6;;;;;;;;;;;C1;;;;;;;;;;0;0;0;0;0;0;0;0;0;0;0;0;0;0;0;0;0;0;0;0;0;0;0;0;0;0;0;0;0;0;0;0;0;0;0;0;0;;;;;;;;;;;;;;;;;;;
ea6e2a16-fd3d-45ea-b3c6-6be97acc7747;00.01.000;;Tufted tiles, Polyamid 6 with a maximum total pile weight of 592 g/m2 , a CQuest Bio heavy backing and a PET acoustic cover Sone;;;'EN 15804+A2';;RER;specific dataset;2023;2028;;;2023-02-17;EPD-INT-20220228-CBB1-EN;Institut Bauen und Umwelt e.V. (IBU);;;;1;qm;;1 m² tufted modular carpet tiles with Sone acoustic felt covered CQuest Bio (CQB) heavy backing and a pile material of PA 6;;;;;;;;;;;C2;;;;;;;;;;0.0101;0;0.0101;0.179;0;0.179;0;0;0;0.0000114;0.000000000000855;0.0000256;0.00000022;0;0;0;0;0;0.0000793;0.0134;0.00017;0.0131;0.0000743;0.124;0.000000000458;0.0000389;0.0000000398;0.000431;0.0000000000025;0.000000000148;0.0000322;0.0611;;0.0000736;0.178;0.00000000111;0.000119;;;;;;;;;;;;;;;;;;;
ea6e2a16-fd3d-45ea-b3c6-6be97acc7747;00.01.000;;Tufted tiles, Polyamid 6 with a maximum total pile weight of 592 g/m2 , a CQuest Bio heavy backing and a PET acoustic cover Sone;;;'EN 15804+A2';;RER;specific dataset;2023;2028;;;2023-02-17;EPD-INT-20220228-CBB1-EN;Institut Bauen und Umwelt e.V. (IBU);;;;1;qm;;1 m² tufted modular carpet tiles with Sone acoustic felt covered CQuest Bio (CQB) heavy backing and a pile material of PA 6;;;;;;;;;;;D;;;;;;;;;;-0.177;0;-0.177;-0.644;0;-0.644;0;0;0;-0.000169;-0.0000000000873;-0.000325;-0.0000506;0;0;0;0;0;-0.0000498;-0.0381;-0.000194;-0.0379;-0.00000416;-0.141;;-0.0000135;-0.000000052;-0.000145;;;-0.00857;;;-0.0000378;-0.644;-0.00000000571;-0.00398;;;;;;;;;;;;;;;;;;;
ea6e2a16-fd3d-45ea-b3c6-6be97acc7747;00.01.000;;Tufted tiles, Polyamid 6 with a maximum total pile weight of 592 g/m2 , a CQuest Bio heavy backing and a PET acoustic cover Sone;;;'EN 15804+A2';;RER;specific dataset;2023;2028;;;2023-02-17;EPD-INT-20220228-CBB1-EN;Institut Bauen und Umwelt e.V. (IBU);;;;1;qm;;1 m² tufted modular carpet tiles with Sone acoustic felt covered CQuest Bio (CQB) heavy backing and a pile material of PA 6;;;;;;;;;;;C3/2;;;;;;;;;;;;;27;-24.4;2.61;0;0;0;0.0143;0.000000000382;1.1;0.000101;0;0;0;4.78;9.04;0.00334;4.38;0.949;3.43;0.000223;1.42;0.0000000186;0.00159;0.000000778;0.0178;0.0000000000664;0.00000000471;0.0153;0.649;;0.0041;2.61;0.0000000228;0.606;;;;;;;;;;;;;;;;;;;
ea6e2a16-fd3d-45ea-b3c6-6be97acc7747;00.01.000;;Tufted tiles, Polyamid 6 with a maximum total pile weight of 592 g/m2 , a CQuest Bio heavy backing and a PET acoustic cover Sone;;;'EN 15804+A2';;RER;specific dataset;2023;2028;;;2023-02-17;EPD-INT-20220228-CBB1-EN;Institut Bauen und Umwelt e.V. (IBU);;;;1;qm;;1 m² tufted modular carpet tiles with Sone acoustic felt covered CQuest Bio (CQB) heavy backing and a pile material of PA 6;;;;;;;;;;;C3/3;;;;;;;;;;14.1;-13.4;0.686;27.9;-24.4;3.42;0;0;0;0.0146;0.000000000416;1.1;0.00016;0;1.25;0;0;50.3;0.00358;4.43;0.949;3.48;0.000413;1.89;0.0000000201;0.0017;0.000000936;0.019;0.0000000000773;0.00000000525;0.0253;0.933;;0.00431;3.42;0.000000031;0.61;;;;;;;;;;;;;;;;;;;
ea6e2a16-fd3d-45ea-b3c6-6be97acc7747;00.01.000;;Tufted tiles, Polyamid 6 with a maximum total pile weight of 592 g/m2 , a CQuest Bio heavy backing and a PET acoustic cover Sone;;;'EN 15804+A2';;RER;specific dataset;2023;2028;;;2023-02-17;EPD-INT-20220228-CBB1-EN;Institut Bauen und Umwelt e.V. (IBU);;;;1;qm;;1 m² tufted modular carpet tiles with Sone acoustic felt covered CQuest Bio (CQB) heavy backing and a pile material of PA 6;;;;;;;;;;;C4/1;;;;;;;;;;0.325;0;0.325;3.96;0;3.96;0;0;0;0.0000464;0.000000000611;3.92;0.0000486;0;0;0;0;0;0.000827;1.22;0.948;0.276;0.000136;3.87;0.00000000795;0.000183;0.0000521;0.00201;0.000000000174;0.0000000146;0.00718;0.284;;0.000588;3.96;0.0000000194;-0.00296;;;;;;;;;;;;;;;;;;;
ea6e2a16-fd3d-45ea-b3c6-6be97acc7747;00.01.000;;Tufted tiles, Polyamid 6 with a maximum total pile weight of 592 g/m2 , a CQuest Bio heavy backing and a PET acoustic cover Sone;;;'EN 15804+A2';;RER;specific dataset;2023;2028;;;2023-02-17;EPD-INT-20220228-CBB1-EN;Institut Bauen und Umwelt e.V. (IBU);;;;1;qm;;1 m² tufted modular carpet tiles with Sone acoustic felt covered CQuest Bio (CQB) heavy backing and a pile material of PA 6;;;;;;;;;;;D/1;;;;;;;;;;0;0;0;0;0;0;0;0;0;0;0;0;0;0;0;0;0;0;0;0;0;0;0;0;0;0;0;0;0;0;0;;0;0;0;0;0;;;;;;;;;;;;;;;;;;;
ea6e2a16-fd3d-45ea-b3c6-6be97acc7747;00.01.000;;Tufted tiles, Polyamid 6 with a maximum total pile weight of 592 g/m2 , a CQuest Bio heavy backing and a PET acoustic cover Sone;;;'EN 15804+A2';;RER;specific dataset;2023;2028;;;2023-02-17;EPD-INT-20220228-CBB1-EN;Institut Bauen und Umwelt e.V. (IBU);;;;1;qm;;1 m² tufted modular carpet tiles with Sone acoustic felt covered CQuest Bio (CQB) heavy backing and a pile material of PA 6;;;;;;;;;;;D/2;;;;;;;;;;-3.76;0;-3.76;-13.8;0;-13.8;0;0;0;-0.00359;-0.00000000187;-0.00693;-0.00108;0;0;0;0;0;-0.00106;-0.814;-0.00412;-0.809;-0.0000885;0;0;-0.000288;-0.00000111;-0.00309;0;0;0;;;-0.000807;-13.8;-0.000000122;-0.0847;;;;;;;;;;;;;;;;;;;
ea6e2a16-fd3d-45ea-b3c6-6be97acc7747;00.01.000;;Tufted tiles, Polyamid 6 with a maximum total pile weight of 592 g/m2 , a CQuest Bio heavy backing and a PET acoustic cover Sone;;;'EN 15804+A2';;RER;specific dataset;2023;2028;;;2023-02-17;EPD-INT-20220228-CBB1-EN;Institut Bauen und Umwelt e.V. (IBU);;;;1;qm;;1 m² tufted modular carpet tiles with Sone acoustic felt covered CQuest Bio (CQB) heavy backing and a pile material of PA 6;;;;;;;;;;;D/3;;;;;;;;;;-0.366;0;-0.366;-34.3;0;-34.3;0.15;0;0;-0.00315;-0.000000000187;-0.0984;-0.0000791;0;0;0;0;0;-0.000976;-0.271;-0.000422;-0.271;-0.000126;-6.07;-0.0000000134;-0.000301;-0.000000285;-0.00329;;-0.00000000425;-0.00894;;;-0.000906;-34.3;-0.0000000256;-0.0404;;;;;;;;;;;;;;;;;;;
bd5f17a7-d991-468b-bba2-d004b5f0b359;00.01.000;;Tufted wall-to-wall carpet, 95% recycled polyamide 6 with a maximum total pile weight of 1215 g/m2 and a foam backing;;;'EN 15804+A2';;DK;specific dataset;2023;2028;;;31.01.2023;EPD-DAN-20220310-CBA1-EN;Institut Bauen und Umwelt e.V. (IBU);;;;1;qm;;1 m² tufted wall-to-wall carpet, PA 6 pile material with a SBR based foam backing;;;;;;;;;;;A1-A3;;;;;;;;;;63.4;0.097;63.5;87.2;18.1;105;1.46;0;0;0.167;0.00357;0.735;0.00132;0;0.0316;0;0;0;0.0205;5.62;-0.0501;5.66;0.00929;52.7;0.000000152;0.0073;0.0000647;0.068;0.00000000319;0.000000153;0.209;;0.0000000143;0.0176;105;0.0000015;6.98;;;;;;;;;;;;;;;;;;;
bd5f17a7-d991-468b-bba2-d004b5f0b359;00.01.000;;Tufted wall-to-wall carpet, 95% recycled polyamide 6 with a maximum total pile weight of 1215 g/m2 and a foam backing;;;'EN 15804+A2';;DK;specific dataset;2023;2028;;;31.01.2023;EPD-DAN-20220310-CBA1-EN;Institut Bauen und Umwelt e.V. (IBU);;;;1;qm;;1 m² tufted wall-to-wall carpet, PA 6 pile material with a SBR based foam backing;;;;;;;;;;;A4;;;;;;;;;;0.154;0;0.154;2.71;0;2.71;0;0;0;0.000174;0.000000000013;0.000388;0.00000334;0;0;0;0;0;0.0012;0.203;0.00258;0.199;0.00113;1.88;0.00000000696;0.000591;0.000000604;0.00654;0.0000000000379;0.00000000225;0.000489;;;0.00112;2.7;0.0000000169;0.00181;;;;;;;;;;;;;;;;;;;
bd5f17a7-d991-468b-bba2-d004b5f0b359;00.01.000;;Tufted wall-to-wall carpet, 95% recycled polyamide 6 with a maximum total pile weight of 1215 g/m2 and a foam backing;;;'EN 15804+A2';;DK;specific dataset;2023;2028;;;31.01.2023;EPD-DAN-20220310-CBA1-EN;Institut Bauen und Umwelt e.V. (IBU);;;;1;qm;;1 m² tufted wall-to-wall carpet, PA 6 pile material with a SBR based foam backing;;;;;;;;;;;A5;;;;;;;;;;5.86;-0.097;5.77;10.4;-0.46;9.97;0.131;0;0;0.0163;0.000321;0.131;0.000127;0;0.0527;0;0.67;1.23;0.00247;1.12;0.172;0.952;0.000955;5.03;0.0000000162;0.000966;0.00000593;0.00955;0.000000000296;0.0000000144;0.0201;;0.00000000128;0.00234;9.95;0.000000139;0.683;;;;;;;;;;;;;;;;;;;
bd5f17a7-d991-468b-bba2-d004b5f0b359;00.01.000;;Tufted wall-to-wall carpet, 95% recycled polyamide 6 with a maximum total pile weight of 1215 g/m2 and a foam backing;;;'EN 15804+A2';;DK;specific dataset;2023;2028;;;31.01.2023;EPD-DAN-20220310-CBA1-EN;Institut Bauen und Umwelt e.V. (IBU);;;;1;qm;;1 m² tufted wall-to-wall carpet, PA 6 pile material with a SBR based foam backing;;;;;;;;;;;B1;;;;;;;;;;0;0;0;0;0;0;0;0;0;0;0;0;0;0;0;0;0;0;0;0;0;0;0;0.0036;0;0;0;0;0;0.000000000026;0;;0;0.000418;0;0;0;;;;;;;;;;;;;;;;;;;
bd5f17a7-d991-468b-bba2-d004b5f0b359;00.01.000;;Tufted wall-to-wall carpet, 95% recycled polyamide 6 with a maximum total pile weight of 1215 g/m2 and a foam backing;;;'EN 15804+A2';;DK;specific dataset;2023;2028;;;31.01.2023;EPD-DAN-20220310-CBA1-EN;Institut Bauen und Umwelt e.V. (IBU);;;;1;qm;;1 m² tufted wall-to-wall carpet, PA 6 pile material with a SBR based foam backing;;;;;;;;;;;B2;;;;;;;;;;3.69;0;3.69;5.9;0;5.9;0;0;0;0.00334;0.0000419;0.0073;0.000376;0;0;0;0;0;0.000832;0.416;0.00416;0.215;0.196;2.69;0.0000000684;0.000197;0.00000519;0.00283;0.000000000621;0.00000000946;0.0678;;0.0000000342;0.000983;5.9;0.00000023;0.0999;;;;;;;;;;;;;;;;;;;
bd5f17a7-d991-468b-bba2-d004b5f0b359;00.01.000;;Tufted wall-to-wall carpet, 95% recycled polyamide 6 with a maximum total pile weight of 1215 g/m2 and a foam backing;;;'EN 15804+A2';;DK;specific dataset;2023;2028;;;31.01.2023;EPD-DAN-20220310-CBA1-EN;Institut Bauen und Umwelt e.V. (IBU);;;;1;qm;;1 m² tufted wall-to-wall carpet, PA 6 pile material with a SBR based foam backing;;;;;;;;;;;C1;;;;;;;;;;0;0;0;0;0;0;0;0;0;0;0;0;0;0;0;0;0;0;0;0;0;0;0;0;0;0;0;0;0;0;0;;0;0;0;0;0;;;;;;;;;;;;;;;;;;;
bd5f17a7-d991-468b-bba2-d004b5f0b359;00.01.000;;Tufted wall-to-wall carpet, 95% recycled polyamide 6 with a maximum total pile weight of 1215 g/m2 and a foam backing;;;'EN 15804+A2';;DK;specific dataset;2023;2028;;;31.01.2023;EPD-DAN-20220310-CBA1-EN;Institut Bauen und Umwelt e.V. (IBU);;;;1;qm;;1 m² tufted wall-to-wall carpet, PA 6 pile material with a SBR based foam backing;;;;;;;;;;;C2;;;;;;;;;;0.00862;0;0.00862;0.152;0;0.152;0;0;0;0.00000975;0.000000000000728;0.0000218;0.000000187;0;0;0;0;0;0.0000676;0.0114;0.000145;0.0112;0.0000633;0.105;0.000000000391;0.0000332;0.0000000339;0.000367;0.00000000000213;0.000000000126;0.0000274;;;0.0000627;0.152;;0.000102;;;;;;;;;;;;;;;;;;;
bd5f17a7-d991-468b-bba2-d004b5f0b359;00.01.000;;Tufted wall-to-wall carpet, 95% recycled polyamide 6 with a maximum total pile weight of 1215 g/m2 and a foam backing;;;'EN 15804+A2';;DK;specific dataset;2023;2028;;;31.01.2023;EPD-DAN-20220310-CBA1-EN;Institut Bauen und Umwelt e.V. (IBU);;;;1;qm;;1 m² tufted wall-to-wall carpet, PA 6 pile material with a SBR based foam backing;;;;;;;;;;;D;;;;;;;;;;-0.155;0;-0.155;-0.592;0;-0.592;0;0;0;-0.000148;-0.0000000000815;-0.000292;-0.0000443;0;0;0;0;0;-0.0000445;-0.0351;-0.000172;-0.0349;-0.00000368;-0.124;;-0.0000122;-0.0000000456;-0.000131;;;-0.0075;;;-0.0000343;-0.591;-0.00000000507;-0.00348;;;;;;;;;;;;;;;;;;;
bd5f17a7-d991-468b-bba2-d004b5f0b359;00.01.000;;Tufted wall-to-wall carpet, 95% recycled polyamide 6 with a maximum total pile weight of 1215 g/m2 and a foam backing;;;'EN 15804+A2';;DK;specific dataset;2023;2028;;;31.01.2023;EPD-DAN-20220310-CBA1-EN;Institut Bauen und Umwelt e.V. (IBU);;;;1;qm;;1 m² tufted wall-to-wall carpet, PA 6 pile material with a SBR based foam backing;;;;;;;;;;;C3/2;;;;;;;;;;0.409;0;0.409;20.2;-17.6;2.6;0;0;0;0.0136;0.000000000403;0.714;0.0000869;0;0;0;6.65;12.2;0.00563;4.34;0.0006;4.34;0.000143;1.15;0.0000000206;0.00281;0.000000559;0.0311;0.0000000000608;0.00000000407;0.0132;;;0.00718;2.6;0.000000021;0.573;;;;;;;;;;;;;;;;;;;
bd5f17a7-d991-468b-bba2-d004b5f0b359;00.01.000;;Tufted wall-to-wall carpet, 95% recycled polyamide 6 with a maximum total pile weight of 1215 g/m2 and a foam backing;;;'EN 15804+A2';;DK;specific dataset;2023;2028;;;31.01.2023;EPD-DAN-20220310-CBA1-EN;Institut Bauen und Umwelt e.V. (IBU);;;;1;qm;;1 m² tufted wall-to-wall carpet, PA 6 pile material with a SBR based foam backing;;;;;;;;;;;C3/3;;;;;;;;;;0.603;0;0.603;20.9;-17.6;3.29;0;0;0;0.0138;0.000000000432;0.714;0.000137;0;0.77;0;0;57.1;0.00584;4.39;0.00112;4.39;0.000305;1.55;0.0000000219;0.0029;0.000000693;0.0321;0.00000000007;0.00000000453;0.0217;;;0.00736;3.29;0.0000000281;0.578;;;;;;;;;;;;;;;;;;;
bd5f17a7-d991-468b-bba2-d004b5f0b359;00.01.000;;Tufted wall-to-wall carpet, 95% recycled polyamide 6 with a maximum total pile weight of 1215 g/m2 and a foam backing;;;'EN 15804+A2';;DK;specific dataset;2023;2028;;;31.01.2023;EPD-DAN-20220310-CBA1-EN;Institut Bauen und Umwelt e.V. (IBU);;;;1;qm;;1 m² tufted wall-to-wall carpet, PA 6 pile material with a SBR based foam backing;;;;;;;;;;;C4/1;;;;;;;;;;0.277;0;0.277;3.38;0;3.38;0;0;0;0.0000395;0.00000000052;3.34;0.0000414;0;0;0;0;0;0.000705;0.238;0;0.238;0.000116;3.3;0.00000000677;0.000156;0.0000444;0.00171;0.000000000148;0.0000000124;0.00612;;;0.000501;3.37;0.0000000165;-0.00252;;;;;;;;;;;;;;;;;;;
bd5f17a7-d991-468b-bba2-d004b5f0b359;00.01.000;;Tufted wall-to-wall carpet, 95% recycled polyamide 6 with a maximum total pile weight of 1215 g/m2 and a foam backing;;;'EN 15804+A2';;DK;specific dataset;2023;2028;;;31.01.2023;EPD-DAN-20220310-CBA1-EN;Institut Bauen und Umwelt e.V. (IBU);;;;1;qm;;1 m² tufted wall-to-wall carpet, PA 6 pile material with a SBR based foam backing;;;;;;;;;;;D/1;;;;;;;;;;0;0;0;0;0;0;0;0;0;0;0;0;0;0;0;0;0;0;0;0;0;0;0;0;0;0;0;0;0;0;0;;0;0;0;0;0;;;;;;;;;;;;;;;;;;;
bd5f17a7-d991-468b-bba2-d004b5f0b359;00.01.000;;Tufted wall-to-wall carpet, 95% recycled polyamide 6 with a maximum total pile weight of 1215 g/m2 and a foam backing;;;'EN 15804+A2';;DK;specific dataset;2023;2028;;;31.01.2023;EPD-DAN-20220310-CBA1-EN;Institut Bauen und Umwelt e.V. (IBU);;;;1;qm;;1 m² tufted wall-to-wall carpet, PA 6 pile material with a SBR based foam backing;;;;;;;;;;;D/2;;;;;;;;;;-0.891;0;-0.891;-3.58;0;-3.58;0;0;0;-0.000852;-0.000000000501;-0.00173;-0.000255;0;0;0;0;0;-0.000263;-0.213;-0.00101;-0.212;-0.0000214;0;0;-0.0000732;-0.000000263;-0.000786;0;0;0;;;-0.000206;-3.58;-0.0000000298;-0.0201;;;;;;;;;;;;;;;;;;;
bd5f17a7-d991-468b-bba2-d004b5f0b359;00.01.000;;Tufted wall-to-wall carpet, 95% recycled polyamide 6 with a maximum total pile weight of 1215 g/m2 and a foam backing;;;'EN 15804+A2';;DK;specific dataset;2023;2028;;;31.01.2023;EPD-DAN-20220310-CBA1-EN;Institut Bauen und Umwelt e.V. (IBU);;;;1;qm;;1 m² tufted wall-to-wall carpet, PA 6 pile material with a SBR based foam backing;;;;;;;;;;;D/3;;;;;;;;;;-0.435;0;-0.435;-17.5;0;-17.5;0.77;0;0;-0.0019;-0.000000000321;-0.222;-0.0000985;0;0;0;0;0;-0.00115;-0.246;-0.00042;-0.245;-0.00014;-3.67;-0.0000000229;-0.000324;-0.00000031;-0.00355;;-0.0000000052;-0.0133;;;-0.000938;-17.5;-0.0000000259;-0.0313;;;;;;;;;;;;;;;;;;;
e7d21542-5368-4fac-8987-1d9b631a8f9e;00.01.000;;Refurbished Raised floor panel Lindner LOOP prime and LOOP aurum - Aufbereitete Gipsfaser-Raumbodenplatte;;;'EN 15804+A2';;DE;specific dataset;2025;2030;;;2025-06-11;EPD-LIN-20240490-CBB1-EN;Institut Bauen und Umwelt e.V. (IBU);;;;1;qm;;1 m² of refurbished raised floor panel LOOP prime/LOOP aurum;;;;;;;;;;;A1-A3;;;;;;;;;;;27;1.89;16;5.56;21.6;61.7;0;0;;;;;;;;;;;1.43;;1.4;;;;;0.0000016;;;;;;;0.00198;21.6;;;;;;;;;;;;;;;;;;;;;
e7d21542-5368-4fac-8987-1d9b631a8f9e;00.01.000;;Refurbished Raised floor panel Lindner LOOP prime and LOOP aurum - Aufbereitete Gipsfaser-Raumbodenplatte;;;'EN 15804+A2';;DE;specific dataset;2025;2030;;;2025-06-11;EPD-LIN-20240490-CBB1-EN;Institut Bauen und Umwelt e.V. (IBU);;;;1;qm;;1 m² of refurbished raised floor panel LOOP prime/LOOP aurum;;;;;;;;;;;A4;;;;;;;;;;;0;;6.67;0;6.67;0;0;0;0.000397;0.0000000000112;;;;;;;;;;;;;;;0.000244;;;;;;;;;6.66;;;;;;;;;;;;;;;;;;;;;
e7d21542-5368-4fac-8987-1d9b631a8f9e;00.01.000;;Refurbished Raised floor panel Lindner LOOP prime and LOOP aurum - Aufbereitete Gipsfaser-Raumbodenplatte;;;'EN 15804+A2';;DE;specific dataset;2025;2030;;;2025-06-11;EPD-LIN-20240490-CBB1-EN;Institut Bauen und Umwelt e.V. (IBU);;;;1;qm;;1 m² of refurbished raised floor panel LOOP prime/LOOP aurum;;;;;;;;;;;A5;;;;;;;;;;;;;;0;;0;0;0;;;;0.0000015;;;;;;;;;;;;;0.00000497;;;;;;;;;;0.000000000098;;;;;;;;;;;;;;;;;;;;
e7d21542-5368-4fac-8987-1d9b631a8f9e;00.01.000;;Refurbished Raised floor panel Lindner LOOP prime and LOOP aurum - Aufbereitete Gipsfaser-Raumbodenplatte;;;'EN 15804+A2';;DE;specific dataset;2025;2030;;;2025-06-11;EPD-LIN-20240490-CBB1-EN;Institut Bauen und Umwelt e.V. (IBU);;;;1;qm;;1 m² of refurbished raised floor panel LOOP prime/LOOP aurum;;;;;;;;;;;C1;;;;;;;;;;0.00196;0;0.00196;;0;;0;0;0;;;;;;;;;;;;;;0.0000051;;;;;;;;;;;;;;0.000197;;;;;;;;;;;;;;;;;;;
e7d21542-5368-4fac-8987-1d9b631a8f9e;00.01.000;;Refurbished Raised floor panel Lindner LOOP prime and LOOP aurum - Aufbereitete Gipsfaser-Raumbodenplatte;;;'EN 15804+A2';;DE;specific dataset;2025;2030;;;2025-06-11;EPD-LIN-20240490-CBB1-EN;Institut Bauen und Umwelt e.V. (IBU);;;;1;qm;;1 m² of refurbished raised floor panel LOOP prime/LOOP aurum;;;;;;;;;;;C2;;;;;;;;;;;0;;6.53;0;6.53;0;0;0;;0.000000000011;;;;;;;;;;;;;;;0.000238;;;;;;;;;6.51;;;;;;;;;;;;;;;;;;;;;
e7d21542-5368-4fac-8987-1d9b631a8f9e;00.01.000;;Refurbished Raised floor panel Lindner LOOP prime and LOOP aurum - Aufbereitete Gipsfaser-Raumbodenplatte;;;'EN 15804+A2';;DE;specific dataset;2025;2030;;;2025-06-11;EPD-LIN-20240490-CBB1-EN;Institut Bauen und Umwelt e.V. (IBU);;;;1;qm;;1 m² of refurbished raised floor panel LOOP prime/LOOP aurum;;;;;;;;;;;C3;;;;;;;;;;0.0462;0;0.0462;12.1;0;12.1;0;0;0;;;;;;;;;;;;0.000097;;0.00012;;;;;;;;;;;;12.1;;;;;;;;;;;;;;;;;;;;;
e7d21542-5368-4fac-8987-1d9b631a8f9e;00.01.000;;Refurbished Raised floor panel Lindner LOOP prime and LOOP aurum - Aufbereitete Gipsfaser-Raumbodenplatte;;;'EN 15804+A2';;DE;specific dataset;2025;2030;;;2025-06-11;EPD-LIN-20240490-CBB1-EN;Institut Bauen und Umwelt e.V. (IBU);;;;1;qm;;1 m² of refurbished raised floor panel LOOP prime/LOOP aurum;;;;;;;;;;;C4;;;;;;;;;;;0;;6.2;-5.56;;0;0;0;0.000117;0.0000000000093;2.05;0.00000497;;;;;;0.00024;0.046;;;0.000195;;;;;;;;;;;0.00019;;;;;;;;;;;;;;;;;;;;;;
e7d21542-5368-4fac-8987-1d9b631a8f9e;00.01.000;;Refurbished Raised floor panel Lindner LOOP prime and LOOP aurum - Aufbereitete Gipsfaser-Raumbodenplatte;;;'EN 15804+A2';;DE;specific dataset;2025;2030;;;2025-06-11;EPD-LIN-20240490-CBB1-EN;Institut Bauen und Umwelt e.V. (IBU);;;;1;qm;;1 m² of refurbished raised floor panel LOOP prime/LOOP aurum;;;;;;;;;;;D;;;;;;;;;;;0;;-1.08;0;-1.08;120;0;0;;;;;;;;;;;;-0.00056;;;;;;;;;;;;;;-1.08;;;;;;;;;;;;;;;;;;;;;
e7d21542-5368-4fac-8987-1d9b631a8f9e;00.01.000;;Refurbished Raised floor panel Lindner LOOP prime and LOOP aurum - Aufbereitete Gipsfaser-Raumbodenplatte;;;'EN 15804+A2';;DE;specific dataset;2025;2030;;;2025-06-11;EPD-LIN-20240490-CBB1-EN;Institut Bauen und Umwelt e.V. (IBU);;;;1;qm;;1 m² of refurbished raised floor panel LOOP prime/LOOP aurum;;;;;;;;;;;C3/1;;;;;;;;;;0;0;0;0;0;0;0;0;0;0;0;0;0;;;;;;0;0;0;0;0;;;0;0;0;;;;;0;0;0;0;0;;;;;;;;;;;;;;;;;;;
e7d21542-5368-4fac-8987-1d9b631a8f9e;00.01.000;;Refurbished Raised floor panel Lindner LOOP prime and LOOP aurum - Aufbereitete Gipsfaser-Raumbodenplatte;;;'EN 15804+A2';;DE;specific dataset;2025;2030;;;2025-06-11;EPD-LIN-20240490-CBB1-EN;Institut Bauen und Umwelt e.V. (IBU);;;;1;qm;;1 m² of refurbished raised floor panel LOOP prime/LOOP aurum;;;;;;;;;;;C3/2;;;;;;;;;;0.101;0;0.101;24.7;0;24.7;0;0;0;;;;;;;;;;;1.56;;1.56;;;;;;;;;;;;;24.7;;;;;;;;;;;;;;;;;;;;;
e7d21542-5368-4fac-8987-1d9b631a8f9e;00.01.000;;Refurbished Raised floor panel Lindner LOOP prime and LOOP aurum - Aufbereitete Gipsfaser-Raumbodenplatte;;;'EN 15804+A2';;DE;specific dataset;2025;2030;;;2025-06-11;EPD-LIN-20240490-CBB1-EN;Institut Bauen und Umwelt e.V. (IBU);;;;1;qm;;1 m² of refurbished raised floor panel LOOP prime/LOOP aurum;;;;;;;;;;;D/1;;;;;;;;;;;0;;-1.08;0;-1.08;60;0;0;;;;;;;;;;;;-0.00056;;;;;;;;;;;;;;-1.08;;;;;;;;;;;;;;;;;;;;;
e7d21542-5368-4fac-8987-1d9b631a8f9e;00.01.000;;Refurbished Raised floor panel Lindner LOOP prime and LOOP aurum - Aufbereitete Gipsfaser-Raumbodenplatte;;;'EN 15804+A2';;DE;specific dataset;2025;2030;;;2025-06-11;EPD-LIN-20240490-CBB1-EN;Institut Bauen und Umwelt e.V. (IBU);;;;1;qm;;1 m² of refurbished raised floor panel LOOP prime/LOOP aurum;;;;;;;;;;;D/2;;;;;;;;;;;0;;-1.08;0;-1.08;120;0;0;;;;;;;;;;;;-0.00056;;;;;;;;;;;;;;-1.08;;;;;;;;;;;;;;;;;;;;;
e7d21542-5368-4fac-8987-1d9b631a8f9e;00.01.000;;Refurbished Raised floor panel Lindner LOOP prime and LOOP aurum - Aufbereitete Gipsfaser-Raumbodenplatte;;;'EN 15804+A2';;DE;specific dataset;2025;2030;;;2025-06-11;EPD-LIN-20240490-CBB1-EN;Institut Bauen und Umwelt e.V. (IBU);;;;1;qm;;1 m² of refurbished raised floor panel LOOP prime/LOOP aurum;;;;;;;;;;;C2/1;;;;;;;;;;;0;;6.53;0;6.53;0;0;0;;0.000000000011;;;;;;;;;;;;;;;0.000238;;;;;;;;;6.51;;;;;;;;;;;;;;;;;;;;;
e7d21542-5368-4fac-8987-1d9b631a8f9e;00.01.000;;Refurbished Raised floor panel Lindner LOOP prime and LOOP aurum - Aufbereitete Gipsfaser-Raumbodenplatte;;;'EN 15804+A2';;DE;specific dataset;2025;2030;;;2025-06-11;EPD-LIN-20240490-CBB1-EN;Institut Bauen und Umwelt e.V. (IBU);;;;1;qm;;1 m² of refurbished raised floor panel LOOP prime/LOOP aurum;;;;;;;;;;;C2/2;;;;;;;;;;;0;;6.53;0;6.53;0;0;0;;0.000000000011;;;;;;;;;;;;;;;0.000238;;;;;;;;;6.51;;;;;;;;;;;;;;;;;;;;;
e7d21542-5368-4fac-8987-1d9b631a8f9e;00.01.000;;Refurbished Raised floor panel Lindner LOOP prime and LOOP aurum - Aufbereitete Gipsfaser-Raumbodenplatte;;;'EN 15804+A2';;DE;specific dataset;2025;2030;;;2025-06-11;EPD-LIN-20240490-CBB1-EN;Institut Bauen und Umwelt e.V. (IBU);;;;1;qm;;1 m² of refurbished raised floor panel LOOP prime/LOOP aurum;;;;;;;;;;;C4/1;;;;;;;;;;1.92;0;1.92;17.3;-5.56;11.7;0;0;0;;;58.8;;;;;;;;;;;;;;;;;;;;;;;11.7;;;;;;;;;;;;;;;;;;;;;
e7d21542-5368-4fac-8987-1d9b631a8f9e;00.01.000;;Refurbished Raised floor panel Lindner LOOP prime and LOOP aurum - Aufbereitete Gipsfaser-Raumbodenplatte;;;'EN 15804+A2';;DE;specific dataset;2025;2030;;;2025-06-11;EPD-LIN-20240490-CBB1-EN;Institut Bauen und Umwelt e.V. (IBU);;;;1;qm;;1 m² of refurbished raised floor panel LOOP prime/LOOP aurum;;;;;;;;;;;C4/2;;;;;;;;;;;0;;5.93;-5.56;;0;0;0;0.000067;;1.18;;;;;;;;;;;;;;;;;;;;;;;;;0.00198;;;;;;;;;;;;;;;;;;;
3010405b-0354-4674-b714-769221503f9e;00.01.000;;FIS V Zero;;;'EN 15804+A2';;;specific dataset;2024;2029;;;2024-04-18;EPD-FIW-20230531-CBA1-DE;Institut Bauen und Umwelt e.V. (IBU);;;;1;kg;;1 kg Injektionsmörtel;;;;;;;;;;;A1-A3;;;;;;;;;;8.84;1.34;10.2;60.1;14.4;74.5;0;0;0;0.0336;0.0000000332;0.0411;0.000445;0;0.0156;0;1.11;1.98;0.00448;2.36;-0.000631;2.36;0.00102;15.8;0.0000000412;0.00107;0.0000141;0.0123;0.000000000534;0.0000000187;0.0544;27.3;0.00000000000601;0.00384;53.6;0.000000117;1.18;;;;;;;;;;;;;;;;;;;
3010405b-0354-4674-b714-769221503f9e;00.01.000;;FIS V Zero;;;'EN 15804+A2';;;specific dataset;2024;2029;;;2024-04-18;EPD-FIW-20230531-CBA1-DE;Institut Bauen und Umwelt e.V. (IBU);;;;1;kg;;1 kg Injektionsmörtel;;;;;;;;;;;C1;;;;;;;;;;0.0134;0;0.0134;0.0224;0;0.0224;0;0;0;0.0000108;-0.00000000000175;0.0000164;0.00000356;0;0;0;0;0;0.00000227;0.00107;0.00000925;0.00106;0.000000116;0.00623;0.0000000000191;0.000000544;0.00000000397;0.00000568;0.00000000000033;0.00000000000525;0.000593;0.00879;0.0000000000000196;0.00000145;0.0224;0.000000000165;0.000237;;;;;;;;;;;;;;;;;;;
3010405b-0354-4674-b714-769221503f9e;00.01.000;;FIS V Zero;;;'EN 15804+A2';;;specific dataset;2024;2029;;;2024-04-18;EPD-FIW-20230531-CBA1-DE;Institut Bauen und Umwelt e.V. (IBU);;;;1;kg;;1 kg Injektionsmörtel;;;;;;;;;;;C2;;;;;;;;;;0.00856;0;0.00856;0.118;0;0.118;0;0;0;0.00000938;0.000000000000366;0.000018;0.000000221;0;0;0;0;0;0.0000146;0.00863;-0.000127;0.00868;0.00008;0.0843;0.0000000000968;0.00000571;0.0000000316;0.0000655;0.00000000000171;0.0000000000761;0.000033;0.0492;0.00000000000000112;0.000013;0.118;0.000000000573;0.000104;;;;;;;;;;;;;;;;;;;
3010405b-0354-4674-b714-769221503f9e;00.01.000;;FIS V Zero;;;'EN 15804+A2';;;specific dataset;2024;2029;;;2024-04-18;EPD-FIW-20230531-CBA1-DE;Institut Bauen und Umwelt e.V. (IBU);;;;1;kg;;1 kg Injektionsmörtel;;;;;;;;;;;C3;;;;;;;;;;0;0;0;0;0;0;0;0;0;0;0;0;0;0;0;0;0;0;0;0;0;0;0;0;0;0;0;0;0;0;0;0;0;0;0;0;0;;;;;;;;;;;;;;;;;;;
3010405b-0354-4674-b714-769221503f9e;00.01.000;;FIS V Zero;;;'EN 15804+A2';;;specific dataset;2024;2029;;;2024-04-18;EPD-FIW-20230531-CBA1-DE;Institut Bauen und Umwelt e.V. (IBU);;;;1;kg;;1 kg Injektionsmörtel;;;;;;;;;;;C4;;;;;;;;;;0.0326;0;0.0326;0.2;0;0.2;0;0;0;0.0000505;0.00000000000436;1;0.00000228;0;0;0;0;0;0.000107;0.0149;0;0.0148;0.0000467;0.108;0.00000000131;0.0000275;0.0000000303;0.000303;0.0000000000168;0.00000000177;0.000264;0.0486;0.0000000000000382;0.0000831;0.2;0.000000000694;0.00165;;;;;;;;;;;;;;;;;;;
3010405b-0354-4674-b714-769221503f9e;00.01.000;;FIS V Zero;;;'EN 15804+A2';;;specific dataset;2024;2029;;;2024-04-18;EPD-FIW-20230531-CBA1-DE;Institut Bauen und Umwelt e.V. (IBU);;;;1;kg;;1 kg Injektionsmörtel;;;;;;;;;;;D;;;;;;;;;;0;0;0;0;0;0;0;0;0;0;0;0;0;0;0;0;0;0;0;0;0;0;0;0;0;0;0;0;0;0;0;0;0;0;0;0;0;;;;;;;;;;;;;;;;;;;
4b826cac-8d90-4f7c-a55b-1a5152904245;00.01.000;;Gradus Carpet Tile with Nylon Face Fibre;;;'EN 15804+A2';;UK;specific dataset;2023;2028;;;2023-12-18;EPD-SHA-20230476-CBA3-EN;Institut Bauen und Umwelt e.V. (IBU);;;;1;qm;;1 m² of installed Gradus Bitumen Backed Carpet Tile;;;;;;;;;;;A1-A3;;;;;;;;;;12.1;5.31;17.4;131;51;181;0.11;0;0;0.0236;0.000000392;0.294;0.00352;0;0;0;0;0;0.0143;7.58;-0.328;7.9;0.00338;92.8;0.000000136;0.00363;0.0000207;0.0346;0.00000000264;0.000000134;0.376;14;0.00000000828;0.0122;173;0.00000104;0.357;;;;;;;;;;;;;;;;;;;
4b826cac-8d90-4f7c-a55b-1a5152904245;00.01.000;;Gradus Carpet Tile with Nylon Face Fibre;;;'EN 15804+A2';;UK;specific dataset;2023;2028;;;2023-12-18;EPD-SHA-20230476-CBA3-EN;Institut Bauen und Umwelt e.V. (IBU);;;;1;qm;;1 m² of installed Gradus Bitumen Backed Carpet Tile;;;;;;;;;;;A4;;;;;;;;;;0.195;0;0.195;3.44;0;3.44;0;0;0;0.00021;0.0000000000156;0.000468;0.00000402;0;0;0;0;0;0.000251;0.245;-0.000337;0.244;0.00136;2.26;0.00000000145;0.0000822;0.000000728;0.000979;0.0000000000456;0.00000000237;0.00059;1.12;0.0000000000000146;0.000221;3.26;0.0000000204;0.00219;;;;;;;;;;;;;;;;;;;
4b826cac-8d90-4f7c-a55b-1a5152904245;00.01.000;;Gradus Carpet Tile with Nylon Face Fibre;;;'EN 15804+A2';;UK;specific dataset;2023;2028;;;2023-12-18;EPD-SHA-20230476-CBA3-EN;Institut Bauen und Umwelt e.V. (IBU);;;;1;qm;;1 m² of installed Gradus Bitumen Backed Carpet Tile;;;;;;;;;;;A5;;;;;;;;;;5.11;-4.19;0.921;1.57;-0.317;1.26;0.00577;0;0;0.00932;0.0000000231;0.248;0.000205;0;0.181;0;0.0637;0.0977;0.00117;0.505;-0.00364;0.508;0.000287;5.93;0.000000012;0.000266;0.0000157;0.00327;0.000000000176;0.00000000928;0.0224;11.2;0.000000000436;0.000972;10.5;0.0000000799;0.0886;;;;;;;;;;;;;;;;;;;
4b826cac-8d90-4f7c-a55b-1a5152904245;00.01.000;;Gradus Carpet Tile with Nylon Face Fibre;;;'EN 15804+A2';;UK;specific dataset;2023;2028;;;2023-12-18;EPD-SHA-20230476-CBA3-EN;Institut Bauen und Umwelt e.V. (IBU);;;;1;qm;;1 m² of installed Gradus Bitumen Backed Carpet Tile;;;;;;;;;;;B1;;;;;;;;;;0;0;0;0;0;0;0;0;0;0;0;0;0;0;0;0;0;0;0;0.000254;0;0.000254;0;0.000115;0;0;0;0;0;0.00000000000307;0;0;0;0.0000141;0;0;0;;;;;;;;;;;;;;;;;;;
4b826cac-8d90-4f7c-a55b-1a5152904245;00.01.000;;Gradus Carpet Tile with Nylon Face Fibre;;;'EN 15804+A2';;UK;specific dataset;2023;2028;;;2023-12-18;EPD-SHA-20230476-CBA3-EN;Institut Bauen und Umwelt e.V. (IBU);;;;1;qm;;1 m² of installed Gradus Bitumen Backed Carpet Tile;;;;;;;;;;;B2;;;;;;;;;;2.31;0;2.31;4.15;0;4.15;0;0;0;0.0022;0.000000000359;0.00382;0.000664;0;0;0;0;0;0.000503;0.232;0.00244;0.229;0.0000485;1.88;0.00000000417;0.000115;0.00000112;0.00118;0.0000000000543;0.00000000212;0.112;1.5;0.00000000000335;0.000305;4.15;0.0000000624;0.0523;;;;;;;;;;;;;;;;;;;
4b826cac-8d90-4f7c-a55b-1a5152904245;00.01.000;;Gradus Carpet Tile with Nylon Face Fibre;;;'EN 15804+A2';;UK;specific dataset;2023;2028;;;2023-12-18;EPD-SHA-20230476-CBA3-EN;Institut Bauen und Umwelt e.V. (IBU);;;;1;qm;;1 m² of installed Gradus Bitumen Backed Carpet Tile;;;;;;;;;;;C1;;;;;;;;;;0;0;0;0;0;0;0;0;0;0;0;0;0;0;0;0;0;0;0;0;0;0;0;0;0;0;0;0;0;0;0;0;0;0;0;0;0;;;;;;;;;;;;;;;;;;;
4b826cac-8d90-4f7c-a55b-1a5152904245;00.01.000;;Gradus Carpet Tile with Nylon Face Fibre;;;'EN 15804+A2';;UK;specific dataset;2023;2028;;;2023-12-18;EPD-SHA-20230476-CBA3-EN;Institut Bauen und Umwelt e.V. (IBU);;;;1;qm;;1 m² of installed Gradus Bitumen Backed Carpet Tile;;;;;;;;;;;C2;;;;;;;;;;0.0399;0;0.0399;0.704;0;0.704;0;0;0;0.0000452;0.00000000000337;0.000101;0.000000867;0;0;0;0;0;0.0000542;0.0528;-0.0000726;0.0526;0.000293;0.488;0.000000000313;0.0000177;0.000000157;0.000211;0.00000000000983;0.00000000051;0.000127;0.242;0.00000000000000315;0.0000477;0.703;0.0000000044;0.000472;;;;;;;;;;;;;;;;;;;
4b826cac-8d90-4f7c-a55b-1a5152904245;00.01.000;;Gradus Carpet Tile with Nylon Face Fibre;;;'EN 15804+A2';;UK;specific dataset;2023;2028;;;2023-12-18;EPD-SHA-20230476-CBA3-EN;Institut Bauen und Umwelt e.V. (IBU);;;;1;qm;;1 m² of installed Gradus Bitumen Backed Carpet Tile;;;;;;;;;;;C3;;;;;;;;;;0;0;0;0;0;0;0;0;0;0;0;0;0;0;0;0;0;0;0;0;0;0;0;0;0;0;0;0;0;0;0;0;0;0;0;0;0;;;;;;;;;;;;;;;;;;;
4b826cac-8d90-4f7c-a55b-1a5152904245;00.01.000;;Gradus Carpet Tile with Nylon Face Fibre;;;'EN 15804+A2';;UK;specific dataset;2023;2028;;;2023-12-18;EPD-SHA-20230476-CBA3-EN;Institut Bauen und Umwelt e.V. (IBU);;;;1;qm;;1 m² of installed Gradus Bitumen Backed Carpet Tile;;;;;;;;;;;C4;;;;;;;;;;0.322;0;0.322;3.92;0;3.92;0;0;0;0.0000507;0.000000000604;3.88;0.0000481;0;0;0;0;0;0.000818;0.273;-0.00294;0.276;0.000134;3.83;0.00000000787;0.000181;0.0000515;0.00199;0.000000000172;0.0000000144;0.00711;0.282;0.000000000000371;0.000583;3.92;0.0000000192;-0.00272;;;;;;;;;;;;;;;;;;;
4b826cac-8d90-4f7c-a55b-1a5152904245;00.01.000;;Gradus Carpet Tile with Nylon Face Fibre;;;'EN 15804+A2';;UK;specific dataset;2023;2028;;;2023-12-18;EPD-SHA-20230476-CBA3-EN;Institut Bauen und Umwelt e.V. (IBU);;;;1;qm;;1 m² of installed Gradus Bitumen Backed Carpet Tile;;;;;;;;;;;D;;;;;;;;;;-0.129;0;-0.129;-0.502;0;-0.502;-0.115;0;0;-0.000105;-0.0000000000449;-0.000201;-0.0000233;0;0;0;0;0;-0.0000347;-0.0172;0.00388;-0.0211;-0.00000319;-0.194;-0.000000000787;-0.00000964;-0.0000000308;-0.000103;-0.00000000000575;-0.000000000224;-0.00392;-0.647;-0.000000000000122;-0.0000314;-0.501;-0.00000000333;-0.00298;;;;;;;;;;;;;;;;;;;
6aadef6f-a5e6-41de-8fa3-fb326f97bef7;00.01.000;;Access manager 92 90 Wall;;;'EN 15804+A2';;DE;specific dataset;2021;2026;;;2021-05-11;EPD-DOR-20210012-CCA2-EN;Institut Bauen und Umwelt e.V. (IBU);;;;1;pcs.;;1 piece Access manager 92 90 Wall;;;;;;;;;;;A1-A3;;;;;;;;;;156;26.4;183;604;7.24;612;7.49;0;0;0.329;0.0000287;3.11;0.0171;0;0;0;0.858;1.56;0.3;47.6;-2.72;50.2;0.07;296;0.00000307;0.0455;0.000338;0.482;0.0000000417;0.00000108;1.69;544;0.00000000349;0.137;611;0.0106;13.5;;;;;;;;;;;;;;;;;;;
6aadef6f-a5e6-41de-8fa3-fb326f97bef7;00.01.000;;Access manager 92 90 Wall;;;'EN 15804+A2';;DE;specific dataset;2021;2026;;;2021-05-11;EPD-DOR-20210012-CCA2-EN;Institut Bauen und Umwelt e.V. (IBU);;;;1;pcs.;;1 piece Access manager 92 90 Wall;;;;;;;;;;;A4;;;;;;;;;;0.00436;0;0.00436;1.39;0;1.39;0;0;0;0.00000783;0.000000000134;0.000142;0.00000149;0;0;0;0;0;0.0000977;0.102;0.00451;0.0976;0.00000232;0.981;0.000000000514;0.0000311;0.0000000209;0.000346;0.0000000000185;0.000000000789;0.000213;0.00356;0.0000000000000000103;0.0000879;1.38;0.00000000293;0.000191;;;;;;;;;;;;;;;;;;;
6aadef6f-a5e6-41de-8fa3-fb326f97bef7;00.01.000;;Access manager 92 90 Wall;;;'EN 15804+A2';;DE;specific dataset;2021;2026;;;2021-05-11;EPD-DOR-20210012-CCA2-EN;Institut Bauen und Umwelt e.V. (IBU);;;;1;pcs.;;1 piece Access manager 92 90 Wall;;;;;;;;;;;A5;;;;;;;;;;;;;1.87;-0.86;1.01;0;0;0;0.00923;0.00000000154;0.103;0.0000526;0;0;0;4.81;8.77;0.000883;3.17;3.04;0.129;0.0000542;0.476;0.00000000495;0.000317;0.000000114;0.00397;0.0000000000255;0.00000000115;0.00809;0.268;0.000000000000000588;0.000842;1.01;0.00000000923;0.392;;;;;;;;;;;;;;;;;;;
6aadef6f-a5e6-41de-8fa3-fb326f97bef7;00.01.000;;Access manager 92 90 Wall;;;'EN 15804+A2';;DE;specific dataset;2021;2026;;;2021-05-11;EPD-DOR-20210012-CCA2-EN;Institut Bauen und Umwelt e.V. (IBU);;;;1;pcs.;;1 piece Access manager 92 90 Wall;;;;;;;;;;;B6;;;;;;;;;;2540;0;2540;5740;0;5740;0;0;0;2.94;0.00000237;4.07;0.87;0;0;0;0;0;0.72;328;1.09;326;0.473;2450;0.00000604;0.16;0.000871;1.68;0.0000000678;0.0000025;143;1830;0.00000000000718;0.438;5730;0.0000944;71.1;;;;;;;;;;;;;;;;;;;
6aadef6f-a5e6-41de-8fa3-fb326f97bef7;00.01.000;;Access manager 92 90 Wall;;;'EN 15804+A2';;DE;specific dataset;2021;2026;;;2021-05-11;EPD-DOR-20210012-CCA2-EN;Institut Bauen und Umwelt e.V. (IBU);;;;1;pcs.;;1 piece Access manager 92 90 Wall;;;;;;;;;;;C1;;;;;;;;;;0;0;0;0;0;0;0;0;0;0;0;0;0;0;0;0;0;0;0;0;0;0;0;0;0;0;0;0;0;0;0;0;0;0;0;0;0;;;;;;;;;;;;;;;;;;;
6aadef6f-a5e6-41de-8fa3-fb326f97bef7;00.01.000;;Access manager 92 90 Wall;;;'EN 15804+A2';;DE;specific dataset;2021;2026;;;2021-05-11;EPD-DOR-20210012-CCA2-EN;Institut Bauen und Umwelt e.V. (IBU);;;;1;pcs.;;1 piece Access manager 92 90 Wall;;;;;;;;;;;C2;;;;;;;;;;0.00164;0;0.00164;0.52;0;0.52;0;0;0;0.00000294;0.0000000000504;0.0000532;0.000000558;0;0;0;0;0;0.0000367;0.0383;0.00169;0.0366;0.000000872;0.368;0.000000000193;0.0000117;0.00000000784;0.00013;0.00000000000693;0.000000000296;0.0000798;0.00134;0.00000000000000000387;0.000033;0.52;0.0000000011;0.0000718;;;;;;;;;;;;;;;;;;;
6aadef6f-a5e6-41de-8fa3-fb326f97bef7;00.01.000;;Access manager 92 90 Wall;;;'EN 15804+A2';;DE;specific dataset;2021;2026;;;2021-05-11;EPD-DOR-20210012-CCA2-EN;Institut Bauen und Umwelt e.V. (IBU);;;;1;pcs.;;1 piece Access manager 92 90 Wall;;;;;;;;;;;C3;;;;;;;;;;0.0316;-0.0143;0.0173;;;;0;0;0;0.000352;0.000000000254;0.0149;0.00000248;0;7.38;0;0;0;0.0000256;0.144;0.00000335;0.144;0.00000813;0.025;0.000000000327;0.00000578;0.0000000116;0.000117;0.00000000000217;0.000000000219;0.000223;0.02;0.0000000000000000726;0.000016;0.0667;0.000000000995;0.0147;;;;;;;;;;;;;;;;;;;
6aadef6f-a5e6-41de-8fa3-fb326f97bef7;00.01.000;;Access manager 92 90 Wall;;;'EN 15804+A2';;DE;specific dataset;2021;2026;;;2021-05-11;EPD-DOR-20210012-CCA2-EN;Institut Bauen und Umwelt e.V. (IBU);;;;1;pcs.;;1 piece Access manager 92 90 Wall;;;;;;;;;;;C4;;;;;;;;;;0.0479;0;0.0479;0.366;0;0.366;0;0;0;0.0000922;0.00000000557;1.84;0.00000416;0;0;0;0;0;0.0002;0.028;0.0000952;0.0279;0.0000802;0.209;0.00000000247;0.0000514;0.0000000478;0.000565;0.0000000000309;0.00000000341;0.000428;0.0762;0.000000000000000103;0.000156;0.366;0.0000000025;0.00292;;;;;;;;;;;;;;;;;;;
6aadef6f-a5e6-41de-8fa3-fb326f97bef7;00.01.000;;Access manager 92 90 Wall;;;'EN 15804+A2';;DE;specific dataset;2021;2026;;;2021-05-11;EPD-DOR-20210012-CCA2-EN;Institut Bauen und Umwelt e.V. (IBU);;;;1;pcs.;;1 piece Access manager 92 90 Wall;;;;;;;;;;;D;;;;;;;;;;-6.31;0;-6.31;-33.7;0;-33.7;0;0;0;-0.0165;0.000000106;-0.336;-0.00151;0;0;0;0;0;-0.0254;-2.31;0.00126;-2.31;-0.00317;-14.9;-0.000000205;-0.00206;-0.00000234;-0.0222;-0.00000000107;-0.0000000713;-0.244;-13.4;-0.0000000000000171;-0.00672;-33.7;-0.00113;-0.774;;;;;;;;;;;;;;;;;;;
5a34a7f3-80ce-4598-8f55-147df92ab13d;00.01.000;;FAAC A952 Drive for swing doors;;;'EN 15804+A2';;IT;specific dataset;2022;2027;;;2022-04-12;EPD-FAA-20220003-CBB1-EN;Institut Bauen und Umwelt e.V. (IBU);;;;1;pcs.;;1 piece of FAAC A952 Drive for swing doors (backup battery excluded);;;;;;;;;;;A1-A3;;;;;;;;;;223;16.3;239;875;7.51;883;1.39;0;0;0.518;0.0000018;8.36;0.0427;0;0;0;0;0;0.326;66;-1.61;67.6;0.0479;359;0.00000376;0.0526;0.000117;0.568;0.000000642;0.00000112;6.52;153;0.000000000473;0.162;881;0.0107;9.97;;;;;;;;;;;;;;;;;;;
5a34a7f3-80ce-4598-8f55-147df92ab13d;00.01.000;;FAAC A952 Drive for swing doors;;;'EN 15804+A2';;IT;specific dataset;2022;2027;;;2022-04-12;EPD-FAA-20220003-CBB1-EN;Institut Bauen und Umwelt e.V. (IBU);;;;1;pcs.;;1 piece of FAAC A952 Drive for swing doors (backup battery excluded);;;;;;;;;;;A4;;;;;;;;;;1.49;0;1.49;26.1;0;26.1;0;0;0;0.00171;0.00000000137;0.00409;0.0000473;0;0;0;0;0;0.00725;1.98;0.00584;1.96;0.0159;19.3;0.0000000407;0.00338;0.00000579;0.0376;0.00000000039;0.0000000232;0.00692;8.92;0.000000000000000385;0.0123;26;0.000000173;0.0181;;;;;;;;;;;;;;;;;;;
5a34a7f3-80ce-4598-8f55-147df92ab13d;00.01.000;;FAAC A952 Drive for swing doors;;;'EN 15804+A2';;IT;specific dataset;2022;2027;;;2022-04-12;EPD-FAA-20220003-CBB1-EN;Institut Bauen und Umwelt e.V. (IBU);;;;1;pcs.;;1 piece of FAAC A952 Drive for swing doors (backup battery excluded);;;;;;;;;;;A5;;;;;;;;;;;;;0.321;0;0.321;0;0;0;0.000365;0.000000000036;0.0759;0.00000614;0;0.799;0;0.217;0.325;0.000112;1.84;1.8;0.0354;0.000094;0.228;0.000000000763;0.0000525;0.000000856;0.000502;0.00000000000754;0.000000000691;0.000724;0.0674;0.0000000000000000514;0.000264;0.32;0.00000000242;0.015;;;;;;;;;;;;;;;;;;;
5a34a7f3-80ce-4598-8f55-147df92ab13d;00.01.000;;FAAC A952 Drive for swing doors;;;'EN 15804+A2';;IT;specific dataset;2022;2027;;;2022-04-12;EPD-FAA-20220003-CBB1-EN;Institut Bauen und Umwelt e.V. (IBU);;;;1;pcs.;;1 piece of FAAC A952 Drive for swing doors (backup battery excluded);;;;;;;;;;;B6;;;;;;;;;;2290;0;2290;4970;0;4970;0;0;0;2.23;0.00000131;3.52;0.74;0;0;0;0;0;0.581;282;2.37;279;0.395;2090;0.0000049;0.138;0.000749;1.45;0.0000000591;0.00000223;121;1570;0.00000000000668;0.411;4970;0.0000821;44.8;;;;;;;;;;;;;;;;;;;
5a34a7f3-80ce-4598-8f55-147df92ab13d;00.01.000;;FAAC A952 Drive for swing doors;;;'EN 15804+A2';;IT;specific dataset;2022;2027;;;2022-04-12;EPD-FAA-20220003-CBB1-EN;Institut Bauen und Umwelt e.V. (IBU);;;;1;pcs.;;1 piece of FAAC A952 Drive for swing doors (backup battery excluded);;;;;;;;;;;C1;;;;;;;;;;0;0;0;0;0;0;0;0;0;0;0;0;0;0;0;0;0;0;0;0;0;0;0;0;0;0;0;0;0;0;0;0;0;0;0;0;0;;;;;;;;;;;;;;;;;;;
5a34a7f3-80ce-4598-8f55-147df92ab13d;00.01.000;;FAAC A952 Drive for swing doors;;;'EN 15804+A2';;IT;specific dataset;2022;2027;;;2022-04-12;EPD-FAA-20220003-CBB1-EN;Institut Bauen und Umwelt e.V. (IBU);;;;1;pcs.;;1 piece of FAAC A952 Drive for swing doors (backup battery excluded);;;;;;;;;;;C2;;;;;;;;;;0.115;0;0.115;2.01;0;2.01;0;0;0;0.000132;0.000000000106;0.000316;0.00000365;0;0;0;0;0;0.000556;0.153;0.000451;0.151;0.00123;1.49;0.00000000307;0.000259;0.000000447;0.00288;0.0000000000301;0.00000000179;0.000534;0.689;0.0000000000000000297;0.000509;2.01;0.0000000133;0.0014;;;;;;;;;;;;;;;;;;;
5a34a7f3-80ce-4598-8f55-147df92ab13d;00.01.000;;FAAC A952 Drive for swing doors;;;'EN 15804+A2';;IT;specific dataset;2022;2027;;;2022-04-12;EPD-FAA-20220003-CBB1-EN;Institut Bauen und Umwelt e.V. (IBU);;;;1;pcs.;;1 piece of FAAC A952 Drive for swing doors (backup battery excluded);;;;;;;;;;;C3;;;;;;;;;;1.4;0;1.4;4.76;0;4.76;0;0.0000000000000000000000973;0.00000000000000000000114;-0.0103;0.0000000198;2.66;0.00151;0;7.4;0;0;0;-0.0352;-0.267;0.00762;-0.27;-0.0051;-6.81;-0.000000287;-0.00116;0.00000154;-0.012;0.0000000156;0.00000182;0.238;-10.2;0.000000000000355;-0.00349;4.76;-0.00115;-0.725;;;;;;;;;;;;;;;;;;;
5a34a7f3-80ce-4598-8f55-147df92ab13d;00.01.000;;FAAC A952 Drive for swing doors;;;'EN 15804+A2';;IT;specific dataset;2022;2027;;;2022-04-12;EPD-FAA-20220003-CBB1-EN;Institut Bauen und Umwelt e.V. (IBU);;;;1;pcs.;;1 piece of FAAC A952 Drive for swing doors (backup battery excluded);;;;;;;;;;;C4;;;;;;;;;;0.194;0;0.194;1.59;0;1.59;0;0;0;0.000314;0.000000000194;6.58;0.0000171;0;0;0;0.00482;0;0.000745;0.134;0.0146;0.119;0.000297;5.28;0.00000000906;0.000194;0.00000468;0.0021;0.00000000012;0.0000000129;0.00195;0.276;0.000000000000000424;0.00028;1.59;0.0000000105;0.00991;;;;;;;;;;;;;;;;;;;
5a34a7f3-80ce-4598-8f55-147df92ab13d;00.01.000;;FAAC A952 Drive for swing doors;;;'EN 15804+A2';;IT;specific dataset;2022;2027;;;2022-04-12;EPD-FAA-20220003-CBB1-EN;Institut Bauen und Umwelt e.V. (IBU);;;;1;pcs.;;1 piece of FAAC A952 Drive for swing doors (backup battery excluded);;;;;;;;;;;D;;;;;;;;;;-73.8;0;-73.8;-241;0;-241;0;-0.000000000000115;-0.00000000000135;-0.183;-0.0000000584;-3.21;-0.0132;0;0;0;0;0;-0.0775;-19.2;-0.0803;-19.2;-0.0081;-98.3;-0.000000798;-0.0121;-0.000035;-0.13;-0.0000000178;-0.000000656;-2.09;-24.3;-0.000000000109;-0.0659;-240;-0.00426;-2.77;;;;;;;;;;;;;;;;;;;
3a0d1942-11b4-47f7-adcf-7ad99ca4c64f;00.01.000;;"Woven broadloom carpet, pile material solution-dyed polyamide 6.0 with a woven textile or a ""Silent Bac"" backing, both backings with recycled content,  maximum total pile weight 400 g/m²";;;'EN 15804+A2';;RER;specific dataset;2023;2028;;;2023-07-25;EPD-FLE-20230274-CBC1-EN;Institut Bauen und Umwelt e.V. (IBU);;;;1;qm;;"1 m2 woven broadloom carpet having a pile material of polyamide 6 and a woven textile or a ""Silent Bac"" backing.";;;;;;;;;;;A1-A3;;;;;;;;;;26.9;0;26.9;128;30.8;159;0.52;0;0;0.0418;0.000424;0.162;0.00414;0;0;0;0;0;0.0137;8.13;0.0779;8.05;0.00345;72;0.0000000959;0.00418;0.0000413;0.0407;0.00000000264;0.0000000862;0.684;;0.0000000044;0.0132;159;0.00000136;1.04;;;;;;;;;;;;;;;;;;;
3a0d1942-11b4-47f7-adcf-7ad99ca4c64f;00.01.000;;"Woven broadloom carpet, pile material solution-dyed polyamide 6.0 with a woven textile or a ""Silent Bac"" backing, both backings with recycled content,  maximum total pile weight 400 g/m²";;;'EN 15804+A2';;RER;specific dataset;2023;2028;;;2023-07-25;EPD-FLE-20230274-CBC1-EN;Institut Bauen und Umwelt e.V. (IBU);;;;1;qm;;"1 m2 woven broadloom carpet having a pile material of polyamide 6 and a woven textile or a ""Silent Bac"" backing.";;;;;;;;;;;A4;;;;;;;;;;0.0982;0;0.0982;1.73;0;1.73;0;0;0;0.000111;0.00000000000829;0.000248;0.00000213;0;0;0;0;0;0.000769;0.13;0.00165;0.127;0.00072;1.2;0.00000000445;0.000378;0.000000386;0.00418;0.0000000000242;0.00000000144;0.000312;;0.00000000000000774;0.000714;1.73;0.0000000108;0.00116;;;;;;;;;;;;;;;;;;;
3a0d1942-11b4-47f7-adcf-7ad99ca4c64f;00.01.000;;"Woven broadloom carpet, pile material solution-dyed polyamide 6.0 with a woven textile or a ""Silent Bac"" backing, both backings with recycled content,  maximum total pile weight 400 g/m²";;;'EN 15804+A2';;RER;specific dataset;2023;2028;;;2023-07-25;EPD-FLE-20230274-CBC1-EN;Institut Bauen und Umwelt e.V. (IBU);;;;1;qm;;"1 m2 woven broadloom carpet having a pile material of polyamide 6 and a woven textile or a ""Silent Bac"" backing.";;;;;;;;;;;A5;;;;;;;;;;2.46;0;2.46;16.2;-1.58;14.6;0.0468;0;0;0.00484;0.0000382;0.0467;0.000378;0;0;0;0.677;1.22;0.00151;1.17;0.0072;1.16;0.000385;6.66;0.00000000995;0.000509;0.00000378;0.00518;0.000000000244;0.00000000811;0.0625;;0.000000000396;0.00151;14.6;0.000000125;0.139;;;;;;;;;;;;;;;;;;;
3a0d1942-11b4-47f7-adcf-7ad99ca4c64f;00.01.000;;"Woven broadloom carpet, pile material solution-dyed polyamide 6.0 with a woven textile or a ""Silent Bac"" backing, both backings with recycled content,  maximum total pile weight 400 g/m²";;;'EN 15804+A2';;RER;specific dataset;2023;2028;;;2023-07-25;EPD-FLE-20230274-CBC1-EN;Institut Bauen und Umwelt e.V. (IBU);;;;1;qm;;"1 m2 woven broadloom carpet having a pile material of polyamide 6 and a woven textile or a ""Silent Bac"" backing.";;;;;;;;;;;B1;;;;;;;;;;0;0;0;0;0;0;0;0;0;0;0;0;0;0;0;0;0;0;0;0;0;0;0;0.0036;0;0;0;0;0;0.000000000026;0;;0;0.000418;0;0;0;;;;;;;;;;;;;;;;;;;
3a0d1942-11b4-47f7-adcf-7ad99ca4c64f;00.01.000;;"Woven broadloom carpet, pile material solution-dyed polyamide 6.0 with a woven textile or a ""Silent Bac"" backing, both backings with recycled content,  maximum total pile weight 400 g/m²";;;'EN 15804+A2';;RER;specific dataset;2023;2028;;;2023-07-25;EPD-FLE-20230274-CBC1-EN;Institut Bauen und Umwelt e.V. (IBU);;;;1;qm;;"1 m2 woven broadloom carpet having a pile material of polyamide 6 and a woven textile or a ""Silent Bac"" backing.";;;;;;;;;;;B2;;;;;;;;;;3.69;0;3.69;5.9;0;5.9;0;0;0;0.00334;0.0000419;0.0073;0.000376;0;0;0;0;0;0.000832;0.549;0.00416;0.348;0.196;2.69;0.0000000684;0.000197;0.00000519;0.00283;0.000000000621;0.00000000946;0.0678;;0.0000000342;0.000983;5.9;0.00000023;0.0999;;;;;;;;;;;;;;;;;;;
3a0d1942-11b4-47f7-adcf-7ad99ca4c64f;00.01.000;;"Woven broadloom carpet, pile material solution-dyed polyamide 6.0 with a woven textile or a ""Silent Bac"" backing, both backings with recycled content,  maximum total pile weight 400 g/m²";;;'EN 15804+A2';;RER;specific dataset;2023;2028;;;2023-07-25;EPD-FLE-20230274-CBC1-EN;Institut Bauen und Umwelt e.V. (IBU);;;;1;qm;;"1 m2 woven broadloom carpet having a pile material of polyamide 6 and a woven textile or a ""Silent Bac"" backing.";;;;;;;;;;;C1;;;;;;;;;;0;0;0;0;0;0;0;0;0;0;0;0;0;0;0;0;0;0;0;0;0;0;0;0;0;0;0;0;0;0;0;;0;0;0;0;0;;;;;;;;;;;;;;;;;;;
3a0d1942-11b4-47f7-adcf-7ad99ca4c64f;00.01.000;;"Woven broadloom carpet, pile material solution-dyed polyamide 6.0 with a woven textile or a ""Silent Bac"" backing, both backings with recycled content,  maximum total pile weight 400 g/m²";;;'EN 15804+A2';;RER;specific dataset;2023;2028;;;2023-07-25;EPD-FLE-20230274-CBC1-EN;Institut Bauen und Umwelt e.V. (IBU);;;;1;qm;;"1 m2 woven broadloom carpet having a pile material of polyamide 6 and a woven textile or a ""Silent Bac"" backing.";;;;;;;;;;;C2;;;;;;;;;;0.00551;0;0.00551;0.0972;0;0.0972;0;0;0;0.00000623;0.000000000000465;0.0000139;0.00000012;0;0;0;0;0;0.0000432;0.00728;0.0000925;0.00714;0.0000405;0.0673;0.00000000025;0.0000212;0.0000000217;0.000235;0.00000000000136;0.0000000000807;0.0000175;;0.000000000000000435;0.0000401;0.097;0.000000000607;0.0000649;;;;;;;;;;;;;;;;;;;
3a0d1942-11b4-47f7-adcf-7ad99ca4c64f;00.01.000;;"Woven broadloom carpet, pile material solution-dyed polyamide 6.0 with a woven textile or a ""Silent Bac"" backing, both backings with recycled content,  maximum total pile weight 400 g/m²";;;'EN 15804+A2';;RER;specific dataset;2023;2028;;;2023-07-25;EPD-FLE-20230274-CBC1-EN;Institut Bauen und Umwelt e.V. (IBU);;;;1;qm;;"1 m2 woven broadloom carpet having a pile material of polyamide 6 and a woven textile or a ""Silent Bac"" backing.";;;;;;;;;;;D;;;;;;;;;;-0.55;0;-0.55;-2.01;0;-2.01;0;0;0;-0.000526;-0.000000000272;-0.00101;-0.000158;0;0;0;0;0;-0.000155;-0.119;-0.000603;-0.118;-0.000013;-0.44;-0.00000000128;-0.0000421;-0.000000162;-0.000451;-0.0000000000203;-0.000000000778;-0.0267;;-0.000000000000796;-0.000118;-2.01;-0.0000000178;-0.0124;;;;;;;;;;;;;;;;;;;
3a0d1942-11b4-47f7-adcf-7ad99ca4c64f;00.01.000;;"Woven broadloom carpet, pile material solution-dyed polyamide 6.0 with a woven textile or a ""Silent Bac"" backing, both backings with recycled content,  maximum total pile weight 400 g/m²";;;'EN 15804+A2';;RER;specific dataset;2023;2028;;;2023-07-25;EPD-FLE-20230274-CBC1-EN;Institut Bauen und Umwelt e.V. (IBU);;;;1;qm;;"1 m2 woven broadloom carpet having a pile material of polyamide 6 and a woven textile or a ""Silent Bac"" backing.";;;;;;;;;;;C3/2;;;;;;;;;;0.237;0;0.237;;;;0;0;0;0.00901;0.000000000186;0.351;0.0000532;0;0;0;4.73;8.64;0.00219;3.39;0.000315;3.39;0.0000695;0.627;0.0000000092;0.00105;0.000000279;0.0119;0.0000000000353;0.00000000219;0.00827;;0.000000000000273;0.00269;1.33;0.0000000112;0.382;;;;;;;;;;;;;;;;;;;
3a0d1942-11b4-47f7-adcf-7ad99ca4c64f;00.01.000;;"Woven broadloom carpet, pile material solution-dyed polyamide 6.0 with a woven textile or a ""Silent Bac"" backing, both backings with recycled content,  maximum total pile weight 400 g/m²";;;'EN 15804+A2';;RER;specific dataset;2023;2028;;;2023-07-25;EPD-FLE-20230274-CBC1-EN;Institut Bauen und Umwelt e.V. (IBU);;;;1;qm;;"1 m2 woven broadloom carpet having a pile material of polyamide 6 and a woven textile or a ""Silent Bac"" backing.";;;;;;;;;;;C3/3;;;;;;;;;;0.361;0;0.361;31;;1.78;0;0;0;0.00913;0.000000000204;0.351;0.0000853;0;0.34;0;0;40.6;0.00233;3.42;0.000645;3.42;0.000173;0.883;0.00000001;0.00111;0.000000365;0.0125;0.0000000000412;0.00000000248;0.0137;;0.000000000000435;0.00281;1.77;0.0000000157;0.384;;;;;;;;;;;;;;;;;;;
3a0d1942-11b4-47f7-adcf-7ad99ca4c64f;00.01.000;;"Woven broadloom carpet, pile material solution-dyed polyamide 6.0 with a woven textile or a ""Silent Bac"" backing, both backings with recycled content,  maximum total pile weight 400 g/m²";;;'EN 15804+A2';;RER;specific dataset;2023;2028;;;2023-07-25;EPD-FLE-20230274-CBC1-EN;Institut Bauen und Umwelt e.V. (IBU);;;;1;qm;;"1 m2 woven broadloom carpet having a pile material of polyamide 6 and a woven textile or a ""Silent Bac"" backing.";;;;;;;;;;;C4/1;;;;;;;;;;0.177;0;0.177;2.16;0;2.16;0;0;0;0.0000253;0.000000000333;2.14;0.0000265;0;0;0;0;0;0.00045;0.15;-0.0000000247;0.15;0.000074;2.11;0.00000000433;0.0000996;0.0000284;0.00109;0.0000000000948;0.00000000794;0.00391;;0.000000000000204;0.000321;2.16;0.0000000105;-0.00161;;;;;;;;;;;;;;;;;;;
3a0d1942-11b4-47f7-adcf-7ad99ca4c64f;00.01.000;;"Woven broadloom carpet, pile material solution-dyed polyamide 6.0 with a woven textile or a ""Silent Bac"" backing, both backings with recycled content,  maximum total pile weight 400 g/m²";;;'EN 15804+A2';;RER;specific dataset;2023;2028;;;2023-07-25;EPD-FLE-20230274-CBC1-EN;Institut Bauen und Umwelt e.V. (IBU);;;;1;qm;;"1 m2 woven broadloom carpet having a pile material of polyamide 6 and a woven textile or a ""Silent Bac"" backing.";;;;;;;;;;;D/1;;;;;;;;;;0;0;0;0;0;0;0;0;0;0;0;0;0;0;0;0;0;0;0;0;0;0;0;0;0;0;0;0;0;0;0;;0;0;0;0;0;;;;;;;;;;;;;;;;;;;
3a0d1942-11b4-47f7-adcf-7ad99ca4c64f;00.01.000;;"Woven broadloom carpet, pile material solution-dyed polyamide 6.0 with a woven textile or a ""Silent Bac"" backing, both backings with recycled content,  maximum total pile weight 400 g/m²";;;'EN 15804+A2';;RER;specific dataset;2023;2028;;;2023-07-25;EPD-FLE-20230274-CBC1-EN;Institut Bauen und Umwelt e.V. (IBU);;;;1;qm;;"1 m2 woven broadloom carpet having a pile material of polyamide 6 and a woven textile or a ""Silent Bac"" backing.";;;;;;;;;;;D/2;;;;;;;;;;-3.21;0;-3.21;-11.8;0;-11.8;0;0;0;-0.00307;-0.00000000161;-0.00594;-0.000921;0;0;0;0;0;-0.000909;-0.7;-0.00353;-0.696;-0.0000758;0;0;-0.000247;-0.000000946;-0.00265;0;0;0;;-0.00000000000465;-0.000693;-11.8;-0.000000104;-0.0724;;;;;;;;;;;;;;;;;;;
3a0d1942-11b4-47f7-adcf-7ad99ca4c64f;00.01.000;;"Woven broadloom carpet, pile material solution-dyed polyamide 6.0 with a woven textile or a ""Silent Bac"" backing, both backings with recycled content,  maximum total pile weight 400 g/m²";;;'EN 15804+A2';;RER;specific dataset;2023;2028;;;2023-07-25;EPD-FLE-20230274-CBC1-EN;Institut Bauen und Umwelt e.V. (IBU);;;;1;qm;;"1 m2 woven broadloom carpet having a pile material of polyamide 6 and a woven textile or a ""Silent Bac"" backing.";;;;;;;;;;;D/3;;;;;;;;;;-0.285;0;-0.285;-26.4;0;-26.4;0.34;0;0;-0.00242;-0.000000000137;-0.0705;-0.00006;0;0;0;0;0;-0.00074;-0.207;-0.000249;-0.207;-0.0000999;-4.67;-0.0000000137;-0.00023;-0.000000233;-0.00253;-0.0000000000544;-0.00000000323;-0.00671;;-0.000000000000312;-0.000693;-26.4;-0.0000000199;-0.0308;;;;;;;;;;;;;;;;;;;
57c27bbb-7be1-44d5-a92d-5807f2add34b;00.01.000;;best wood FIBRE;;;'EN 15804+A2';;DE;specific dataset;2023;2028;;;2023-09-20;EPD-HWS-20230342-IBA2-DE;Institut Bauen und Umwelt e.V. (IBU);;;;1;kg;;1 kg;;;;;;;;;;;A1-A3;;;;;;;;;;6.33;16.4;22.7;5.61;0.00321;5.62;0;0;0;0.00402;0.0000000202;0.00624;0.000135;0;0;0;0;0;0.00148;-1.3;-1.57;0.277;0.00104;2.94;0.0000000305;0.000453;0.000034;0.00422;0.000000000308;0.00000000673;0.0163;35;0.0000000113;0.00137;5.61;0.000000933;0.122;;;;;;;;;;;;;;;;;;;
57c27bbb-7be1-44d5-a92d-5807f2add34b;00.01.000;;best wood FIBRE;;;'EN 15804+A2';;DE;specific dataset;2023;2028;;;2023-09-20;EPD-HWS-20230342-IBA2-DE;Institut Bauen und Umwelt e.V. (IBU);;;;1;kg;;1 kg;;;;;;;;;;;A4;;;;;;;;;;0.00763;0;0.00763;0.133;0;0.133;0;0;0;0.00000874;0.00000000000701;0.0000209;0.000000241;0;0;0;0;0;0.0000107;0.01;0;0.00995;0.0000814;0.0984;0.000000000073;0.00000346;0.0000000296;0.000041;0.00000000000199;0.000000000103;0.0000353;0.0456;0.00000000000000000197;0.00000934;0.133;0.000000000883;0.0000924;;;;;;;;;;;;;;;;;;;
57c27bbb-7be1-44d5-a92d-5807f2add34b;00.01.000;;best wood FIBRE;;;'EN 15804+A2';;DE;specific dataset;2023;2028;;;2023-09-20;EPD-HWS-20230342-IBA2-DE;Institut Bauen und Umwelt e.V. (IBU);;;;1;kg;;1 kg;;;;;;;;;;;A5;;;;;;;;;;0.0406;-0.0255;0.0151;0.0373;-0.00321;0.0341;0;0;0;0.0000246;0.00000000000872;0.00005;0.00000485;0;0;0;0.00693;0.0124;0.00000474;0.00556;0.00249;0.00306;0.00000324;0.0147;0.0000000000363;0.00000127;0.00000000516;0.0000143;0.000000000000426;0.0000000000163;0.000795;0.0108;0.0000000000000000439;0.00000329;0.0341;0.000000000547;0.000719;;;;;;;;;;;;;;;;;;;
57c27bbb-7be1-44d5-a92d-5807f2add34b;00.01.000;;best wood FIBRE;;;'EN 15804+A2';;DE;specific dataset;2023;2028;;;2023-09-20;EPD-HWS-20230342-IBA2-DE;Institut Bauen und Umwelt e.V. (IBU);;;;1;kg;;1 kg;;;;;;;;;;;B1;;;;;;;;;;0;0;0;0;0;0;0;0;0;0;0;0;0;0;0;0;0;0;0;0;0;0;0;0;0;0;0;0;0;0;0;0;0;0;0;0;0;;;;;;;;;;;;;;;;;;;
57c27bbb-7be1-44d5-a92d-5807f2add34b;00.01.000;;best wood FIBRE;;;'EN 15804+A2';;DE;specific dataset;2023;2028;;;2023-09-20;EPD-HWS-20230342-IBA2-DE;Institut Bauen und Umwelt e.V. (IBU);;;;1;kg;;1 kg;;;;;;;;;;;B2;;;;;;;;;;0;0;0;0;0;0;0;0;0;0;0;0;0;0;0;0;0;0;0;0;0;0;0;0;0;0;0;0;0;0;0;0;0;0;0;0;0;;;;;;;;;;;;;;;;;;;
57c27bbb-7be1-44d5-a92d-5807f2add34b;00.01.000;;best wood FIBRE;;;'EN 15804+A2';;DE;specific dataset;2023;2028;;;2023-09-20;EPD-HWS-20230342-IBA2-DE;Institut Bauen und Umwelt e.V. (IBU);;;;1;kg;;1 kg;;;;;;;;;;;B3;;;;;;;;;;0;0;0;0;0;0;0;0;0;0;0;0;0;0;0;0;0;0;0;0;0;0;0;0;0;0;0;0;0;0;0;0;0;0;0;0;0;;;;;;;;;;;;;;;;;;;
57c27bbb-7be1-44d5-a92d-5807f2add34b;00.01.000;;best wood FIBRE;;;'EN 15804+A2';;DE;specific dataset;2023;2028;;;2023-09-20;EPD-HWS-20230342-IBA2-DE;Institut Bauen und Umwelt e.V. (IBU);;;;1;kg;;1 kg;;;;;;;;;;;B4;;;;;;;;;;0;0;0;0;0;0;0;0;0;0;0;0;0;0;0;0;0;0;0;0;0;0;0;0;0;0;0;0;0;0;0;0;0;0;0;0;0;;;;;;;;;;;;;;;;;;;
57c27bbb-7be1-44d5-a92d-5807f2add34b;00.01.000;;best wood FIBRE;;;'EN 15804+A2';;DE;specific dataset;2023;2028;;;2023-09-20;EPD-HWS-20230342-IBA2-DE;Institut Bauen und Umwelt e.V. (IBU);;;;1;kg;;1 kg;;;;;;;;;;;B5;;;;;;;;;;0;0;0;0;0;0;0;0;0;0;0;0;0;0;0;0;0;0;0;0;0;0;0;0;0;0;0;0;0;0;0;0;0;0;0;0;0;;;;;;;;;;;;;;;;;;;
57c27bbb-7be1-44d5-a92d-5807f2add34b;00.01.000;;best wood FIBRE;;;'EN 15804+A2';;DE;specific dataset;2023;2028;;;2023-09-20;EPD-HWS-20230342-IBA2-DE;Institut Bauen und Umwelt e.V. (IBU);;;;1;kg;;1 kg;;;;;;;;;;;B6;;;;;;;;;;0;0;0;0;0;0;0;0;0;0;0;0;0;0;0;0;0;0;0;0;0;0;0;0;0;0;0;0;0;0;0;0;0;0;0;0;0;;;;;;;;;;;;;;;;;;;
57c27bbb-7be1-44d5-a92d-5807f2add34b;00.01.000;;best wood FIBRE;;;'EN 15804+A2';;DE;specific dataset;2023;2028;;;2023-09-20;EPD-HWS-20230342-IBA2-DE;Institut Bauen und Umwelt e.V. (IBU);;;;1;kg;;1 kg;;;;;;;;;;;B7;;;;;;;;;;0;0;0;0;0;0;0;0;0;0;0;0;0;0;0;0;0;0;0;0;0;0;0;0;0;0;0;0;0;0;0;0;0;0;0;0;0;;;;;;;;;;;;;;;;;;;
57c27bbb-7be1-44d5-a92d-5807f2add34b;00.01.000;;best wood FIBRE;;;'EN 15804+A2';;DE;specific dataset;2023;2028;;;2023-09-20;EPD-HWS-20230342-IBA2-DE;Institut Bauen und Umwelt e.V. (IBU);;;;1;kg;;1 kg;;;;;;;;;;;C1;;;;;;;;;;0;0;0;0;0;0;0;0;0;0;0;0;0;0;0;0;0;0;0;0;0;0;0;0;0;0;0;0;0;0;0;0;0;0;0;0;0;;;;;;;;;;;;;;;;;;;
57c27bbb-7be1-44d5-a92d-5807f2add34b;00.01.000;;best wood FIBRE;;;'EN 15804+A2';;DE;specific dataset;2023;2028;;;2023-09-20;EPD-HWS-20230342-IBA2-DE;Institut Bauen und Umwelt e.V. (IBU);;;;1;kg;;1 kg;;;;;;;;;;;C2;;;;;;;;;;0.0342;0;0.0342;0.596;0;0.596;0;0;0;0.0000392;0.0000000000314;0.0000935;0.00000108;0;0;0;0;0;0.000236;0.0445;0;0.0441;0.000365;0.441;0.00000000093;0.000114;0.000000133;0.00127;0.00000000000892;0.00000000049;0.000158;0.204;0.00000000000000000881;0.000222;0.594;0.00000000395;0.000414;;;;;;;;;;;;;;;;;;;
57c27bbb-7be1-44d5-a92d-5807f2add34b;00.01.000;;best wood FIBRE;;;'EN 15804+A2';;DE;specific dataset;2023;2028;;;2023-09-20;EPD-HWS-20230342-IBA2-DE;Institut Bauen und Umwelt e.V. (IBU);;;;1;kg;;1 kg;;;;;;;;;;;C3;;;;;;;;;;;;;0.394;0;0.394;0;0;0;0.0044;0.000000000071;0.013;0.0000218;0;0;0;2.62;4.7;0.000257;1.6;1.57;0.0267;0.0000172;0.17;0.00000000129;0.0000845;0.0000000325;0.00123;0.0000000000114;0.000000000408;0.00346;0.108;0.000000000000000237;0.00023;0.393;0.00000000362;0.187;;;;;;;;;;;;;;;;;;;
57c27bbb-7be1-44d5-a92d-5807f2add34b;00.01.000;;best wood FIBRE;;;'EN 15804+A2';;DE;specific dataset;2023;2028;;;2023-09-20;EPD-HWS-20230342-IBA2-DE;Institut Bauen und Umwelt e.V. (IBU);;;;1;kg;;1 kg;;;;;;;;;;;C4;;;;;;;;;;0;0;0;0;0;0;0;0;0;0;0;0;0;0;0;0;0;0;0;0;0;0;0;0;0;0;0;0;0;0;0;0;0;0;0;0;0;;;;;;;;;;;;;;;;;;;
57c27bbb-7be1-44d5-a92d-5807f2add34b;00.01.000;;best wood FIBRE;;;'EN 15804+A2';;DE;specific dataset;2023;2028;;;2023-09-20;EPD-HWS-20230342-IBA2-DE;Institut Bauen und Umwelt e.V. (IBU);;;;1;kg;;1 kg;;;;;;;;;;;D;;;;;;;;;;-2.29;0;-2.29;-10.3;0;-10.3;0;0;0;-0.00223;-0.00000000232;-0.00481;-0.000735;0;0;0;0;0;-0.000769;-0.596;0;-0.595;-0.000407;-2.12;-0.00000000662;-0.00022;-0.000000769;-0.00236;-0.0000000000979;-0.00000000387;-0.12;-1.58;-0.00000000000000669;-0.000617;-10.3;-0.0000000979;-0.0443;;;;;;;;;;;;;;;;;;;
6765d201-bbad-4017-a70f-2a87bcbc2f8a;00.01.000;;Astron PRS Product (galvanized steel elements made of welded sections);;;'EN 15804+A2';;DE;specific dataset;2024;2029;;;2024-07-02;EPD-AST-20240035-IBI1-EN;Institut Bauen und Umwelt e.V. (IBU);;;;1;t;;1 t of PRS galvanized structural steel;;;;;;;;;;;A1-A3;;;;;;;;;;2930;112;3040;30300;0;30300;168;0;0;33.3;0.369;1430;0.0896;0;0;0;0;0;10.8;2550;-10.8;2560;1.49;17600;0.000185;2.25;0.115;26;0.0000174;0.0000361;70;11000;0.0000539;11.9;30300;0.0453;823;;;;;;;;;;;;;;;;;;;
6765d201-bbad-4017-a70f-2a87bcbc2f8a;00.01.000;;Astron PRS Product (galvanized steel elements made of welded sections);;;'EN 15804+A2';;DE;specific dataset;2024;2029;;;2024-07-02;EPD-AST-20240035-IBI1-EN;Institut Bauen und Umwelt e.V. (IBU);;;;1;t;;1 t of PRS galvanized structural steel;;;;;;;;;;;A5;;;;;;;;;;;;;78;0;78;0;0;0;0.0131;0.000521;0.6;0.0000203;0;0;0;16.4;31.3;0.0487;16.6;10.8;5.89;0.000948;37.6;0.00000136;0.0222;0.0000248;0.241;0.00000000189;0.0000000185;0.0204;10.4;0.0000000986;0.0728;78;0.0000044;0.187;;;;;;;;;;;;;;;;;;;
6765d201-bbad-4017-a70f-2a87bcbc2f8a;00.01.000;;Astron PRS Product (galvanized steel elements made of welded sections);;;'EN 15804+A2';;DE;specific dataset;2024;2029;;;2024-07-02;EPD-AST-20240035-IBI1-EN;Institut Bauen und Umwelt e.V. (IBU);;;;1;t;;1 t of PRS galvanized structural steel;;;;;;;;;;;C1;;;;;;;;;;0.373;0;0.373;66.4;0;66.4;0;0;0;0.0105;0.000447;0.118;0.0000122;120;0;0;0;0;0.047;5.07;0;5.07;0.000571;31.7;0.00000131;0.0218;0.0000183;0.237;0.00000000155;0.0000000108;0.0136;4.47;0.0000000806;0.0701;66.4;0.00000177;0.143;;;;;;;;;;;;;;;;;;;
6765d201-bbad-4017-a70f-2a87bcbc2f8a;00.01.000;;Astron PRS Product (galvanized steel elements made of welded sections);;;'EN 15804+A2';;DE;specific dataset;2024;2029;;;2024-07-02;EPD-AST-20240035-IBI1-EN;Institut Bauen und Umwelt e.V. (IBU);;;;1;t;;1 t of PRS galvanized structural steel;;;;;;;;;;;C2;;;;;;;;;;1.81;0;1.81;117;0;117;0;0;0;0.0302;0.000743;5.85;0.000067;0;0;0;0;0;0.018;8.23;0;8.22;0.00406;57.7;0.00000061;0.00442;0.0000668;0.0461;0.00000000375;0.0000000829;0.0592;70.6;0.000000179;0.0279;117;0.0000269;0.481;;;;;;;;;;;;;;;;;;;
6765d201-bbad-4017-a70f-2a87bcbc2f8a;00.01.000;;Astron PRS Product (galvanized steel elements made of welded sections);;;'EN 15804+A2';;DE;specific dataset;2024;2029;;;2024-07-02;EPD-AST-20240035-IBI1-EN;Institut Bauen und Umwelt e.V. (IBU);;;;1;t;;1 t of PRS galvanized structural steel;;;;;;;;;;;C3;;;;;;;;;;1.22;0;1.22;194;0;194;0;0;0;0.0391;0.000526;9.33;0.000995;0;881;0;0;0;0.0581;13.2;0;13.2;0.00154;44.4;0.00000108;0.0214;0.000463;0.236;0.00000000285;0.0000000821;0.417;17.4;0.000000167;0.0706;194;0.00000957;0.371;;;;;;;;;;;;;;;;;;;
6765d201-bbad-4017-a70f-2a87bcbc2f8a;00.01.000;;Astron PRS Product (galvanized steel elements made of welded sections);;;'EN 15804+A2';;DE;specific dataset;2024;2029;;;2024-07-02;EPD-AST-20240035-IBI1-EN;Institut Bauen und Umwelt e.V. (IBU);;;;1;t;;1 t of PRS galvanized structural steel;;;;;;;;;;;C4;;;;;;;;;;0;0;0;0;0;0;0;0;0;0;0;0;0;0;0;0;0;0;0;0;0;0;0;0;0;0;0;0;0;0;0;0;0;0;0;0;0;;;;;;;;;;;;;;;;;;;
6765d201-bbad-4017-a70f-2a87bcbc2f8a;00.01.000;;Astron PRS Product (galvanized steel elements made of welded sections);;;'EN 15804+A2';;DE;specific dataset;2024;2029;;;2024-07-02;EPD-AST-20240035-IBI1-EN;Institut Bauen und Umwelt e.V. (IBU);;;;1;t;;1 t of PRS galvanized structural steel;;;;;;;;;;;D;;;;;;;;;;-991;0;-991;-11500;0;-11500;-18.5;0;0;-12.5;-0.125;-517;0.0119;0;0;0;0;0;-5.08;-1210;0;-1210;-0.272;-2040;-0.0000815;-1.04;-0.0545;-12.1;0.00000684;-0.00000875;5.6;-3360;-0.0000254;-6.28;-11600;-0.0112;-149;;;;;;;;;;;;;;;;;;;
a969f141-2b9f-4c30-8237-f331c844444d;00.01.000;;CEM II/B-S 52,5 R;;;'EN 15804+A2';;DE;specific dataset;2024;2029;;;2024-11-26;EPD-CEM-20240342-CAA1-DE;Institut Bauen und Umwelt e.V. (IBU);;;;1000;kg;;1000 kg;;;;;;;;;;;A1-A3;;;;;;;;;;44.4;0;44.4;2590;0;2590;321;849;609;0.916;0.0534;0.841;;0;0;0;0;0;2.02;564;0.047;564;0.048;59.3;0.0000188;0.00495;0.0745;3;0.000000895;0.0000125;15.8;616;0.0000137;0.906;2590;0.000118;36;;;;;;;;;;;;;;;;;;;
a8d821ea-1137-4ed6-a485-6541ed79cb92;00.01.000;;Floor Spring BTS 80 Series - Floor Spring;;;'EN 15804+A2';;SG;specific dataset;2025;2030;;;2025-07-16;EPD-DOR-20250371-CBA1-EN;Institut Bauen und Umwelt e.V. (IBU);;;;1;pcs.;;1 piece Floor Spring BTS 80 Series;;;;;;;;;;;A1-A3;;;;;;;;;;44.7;3.47;48.2;219;0.281;220;6.85;0;0;0.0802;0.000000334;0.499;0.00786;0;0;0;0;0;0.0577;15.5;-0.442;16;0.0149;75.4;0.000000736;0.0144;0.0000347;0.156;0.00000000815;0.000000295;0.971;90.1;0.0000000000126;0.0434;219;0.0012;1.96;;;;;;;;;;;;;;;;;;;
a8d821ea-1137-4ed6-a485-6541ed79cb92;00.01.000;;Floor Spring BTS 80 Series - Floor Spring;;;'EN 15804+A2';;SG;specific dataset;2025;2030;;;2025-07-16;EPD-DOR-20250371-CBA1-EN;Institut Bauen und Umwelt e.V. (IBU);;;;1;pcs.;;1 piece Floor Spring BTS 80 Series;;;;;;;;;;;A4;;;;;;;;;;0.0215;0;0.0215;6.69;0;6.69;0;0;0;0.0000387;0.000000000653;0.000684;0.00000731;0;0;0;0;0;0.00951;0.52;0.0122;0.508;0.0000113;4.73;0.000000159;0.00253;0.000000112;0.0277;0.0000000000891;0.000000004;0.00105;0.0175;0.0000000000000000508;0.00706;6.68;0.0000000142;0.000955;;;;;;;;;;;;;;;;;;;
a8d821ea-1137-4ed6-a485-6541ed79cb92;00.01.000;;Floor Spring BTS 80 Series - Floor Spring;;;'EN 15804+A2';;SG;specific dataset;2025;2030;;;2025-07-16;EPD-DOR-20250371-CBA1-EN;Institut Bauen und Umwelt e.V. (IBU);;;;1;pcs.;;1 piece Floor Spring BTS 80 Series;;;;;;;;;;;A5;;;;;;;;;;;;;0.129;0;0.129;0;0;0;0.0012;0.000000000191;0.0128;0.0000068;0;0;0;0.62;1.12;0.000115;0.41;0.399;0.0103;0.00000674;0.0614;0.000000000636;0.0000414;0.0000000144;0.000517;0.00000000000325;0.000000000141;0.00105;0.0343;0.0000000000000000739;0.00011;0.129;0.00000000117;0.0508;;;;;;;;;;;;;;;;;;;
a8d821ea-1137-4ed6-a485-6541ed79cb92;00.01.000;;Floor Spring BTS 80 Series - Floor Spring;;;'EN 15804+A2';;SG;specific dataset;2025;2030;;;2025-07-16;EPD-DOR-20250371-CBA1-EN;Institut Bauen und Umwelt e.V. (IBU);;;;1;pcs.;;1 piece Floor Spring BTS 80 Series;;;;;;;;;;;C1;;;;;;;;;;0;0;0;0;0;0;0;0;0;0;0;0;0;0;0;0;0;0;0;0;0;0;0;0;0;0;0;0;0;0;0;0;0;0;0;0;0;;;;;;;;;;;;;;;;;;;
a8d821ea-1137-4ed6-a485-6541ed79cb92;00.01.000;;Floor Spring BTS 80 Series - Floor Spring;;;'EN 15804+A2';;SG;specific dataset;2025;2030;;;2025-07-16;EPD-DOR-20250371-CBA1-EN;Institut Bauen und Umwelt e.V. (IBU);;;;1;pcs.;;1 piece Floor Spring BTS 80 Series;;;;;;;;;;;C2;;;;;;;;;;0.00138;0;0.00138;0.439;0;0.439;0;0;0;0.00000248;0.0000000000426;0.0000449;0.000000471;0;0;0;0;0;0.0000309;0.0323;0.00143;0.0309;0.000000736;0.311;0.000000000163;0.00000984;0.00000000662;0.000109;0.00000000000584;0.00000000025;0.0000673;0.00113;0.00000000000000000326;0.0000278;0.438;0.000000000927;0.0000606;;;;;;;;;;;;;;;;;;;
a8d821ea-1137-4ed6-a485-6541ed79cb92;00.01.000;;Floor Spring BTS 80 Series - Floor Spring;;;'EN 15804+A2';;SG;specific dataset;2025;2030;;;2025-07-16;EPD-DOR-20250371-CBA1-EN;Institut Bauen und Umwelt e.V. (IBU);;;;1;pcs.;;1 piece Floor Spring BTS 80 Series;;;;;;;;;;;C3;;;;;;;;;;0.0814;-0.00552;0.0759;0.573;-0.281;0.292;0;0;0;0.00154;0.00000000111;0.0654;0.0000108;0;7.15;0;1.17;2.68;0.000112;0.63;0.000839;0.629;0.0000356;0.11;0.00000000143;0.0000253;0.0000000506;0.000511;0.00000000000948;0.00000000096;0.000977;0.0874;0.000000000000000317;0.00007;0.292;0.00000000435;0.0644;;;;;;;;;;;;;;;;;;;
a8d821ea-1137-4ed6-a485-6541ed79cb92;00.01.000;;Floor Spring BTS 80 Series - Floor Spring;;;'EN 15804+A2';;SG;specific dataset;2025;2030;;;2025-07-16;EPD-DOR-20250371-CBA1-EN;Institut Bauen und Umwelt e.V. (IBU);;;;1;pcs.;;1 piece Floor Spring BTS 80 Series;;;;;;;;;;;C4;;;;;;;;;;0;0;0;0;0;0;0;0;0;0;0;0;0;0;0;0;0;0;0;0;0;0;0;0;0;0;0;0;0;0;0;0;0;0;0;0;0;;;;;;;;;;;;;;;;;;;
a8d821ea-1137-4ed6-a485-6541ed79cb92;00.01.000;;Floor Spring BTS 80 Series - Floor Spring;;;'EN 15804+A2';;SG;specific dataset;2025;2030;;;2025-07-16;EPD-DOR-20250371-CBA1-EN;Institut Bauen und Umwelt e.V. (IBU);;;;1;pcs.;;1 piece Floor Spring BTS 80 Series;;;;;;;;;;;D;;;;;;;;;;-2.51;0;-2.51;-24;0;-24;0;0;0;-0.00764;-0.00000139;0.116;-0.000939;0;0;0;0;0;-0.00554;-2.08;-0.00424;-2.08;-0.000585;-4.74;-0.0000000749;-0.000949;-0.00000273;-0.00991;0.00000000249;0.000000245;-0.118;-1.14;-0.000000000000277;-0.00355;-24;-0.000237;-0.232;;;;;;;;;;;;;;;;;;;
3e55207d-4c38-4c2a-a6bb-99db63817b76;00.01.000;;AF/ArmaFlex Evo insulation for industrial and building installation;;;'EN 15804+A2';;DE, ES, PL;specific dataset;2022;2027;;;2022-03-22;EPD-ARM-20220038-IBB1-EN;Institut Bauen und Umwelt e.V. (IBU);;;;1;m3;;1m³ insulation material AF/ArmaFlex Evo;;;;;;;;;;;A1-A3;;;;;;;;;;1580;104;1680;2760;906;3670;31.4;0;0;1.47;0.0000153;20.9;0.0814;0;0;0;0;0;0.682;140;-75.1;214;0.298;3550;0.0000321;0.159;0.0026;1.48;0.0000000677;0.00000573;8.33;5470;0.000000000855;0.623;0.471;3670;22.4;;;;;;;;;;;;;;;;;;;
3e55207d-4c38-4c2a-a6bb-99db63817b76;00.01.000;;AF/ArmaFlex Evo insulation for industrial and building installation;;;'EN 15804+A2';;DE, ES, PL;specific dataset;2022;2027;;;2022-03-22;EPD-ARM-20220038-IBB1-EN;Institut Bauen und Umwelt e.V. (IBU);;;;1;m3;;1m³ insulation material AF/ArmaFlex Evo;;;;;;;;;;;A4;;;;;;;;;;2.82;0;2.82;50.6;0;50.6;0;0;0;0.00323;0.00000000255;0.00751;0.0000612;0;0;0;0;0;0.0111;3.82;-0.00484;3.79;0.0311;36.5;0.0000000616;0.00503;0.0000113;0.0563;0.000000000736;0.0000000429;0.00876;17.3;0.000000000000000485;0.00993;0.000000289;50.5;0.0329;;;;;;;;;;;;;;;;;;;
3e55207d-4c38-4c2a-a6bb-99db63817b76;00.01.000;;AF/ArmaFlex Evo insulation for industrial and building installation;;;'EN 15804+A2';;DE, ES, PL;specific dataset;2022;2027;;;2022-03-22;EPD-ARM-20220038-IBB1-EN;Institut Bauen und Umwelt e.V. (IBU);;;;1;m3;;1m³ insulation material AF/ArmaFlex Evo;;;;;;;;;;;A5;;;;;;;;;;122;-104;18.2;51;-7.51;43.5;0.314;0;0;0.0541;0.000000155;1.19;0.00108;0;40;0;22;39.5;0.00949;80.5;76.3;4.23;0.00378;39.8;0.000000345;0.00248;0.000027;0.0271;0.000000000872;0.0000000711;0.121;56.9;0.00000000000864;0.00864;0.00476;43.4;1.88;;;;;;;;;;;;;;;;;;;
3e55207d-4c38-4c2a-a6bb-99db63817b76;00.01.000;;AF/ArmaFlex Evo insulation for industrial and building installation;;;'EN 15804+A2';;DE, ES, PL;specific dataset;2022;2027;;;2022-03-22;EPD-ARM-20220038-IBB1-EN;Institut Bauen und Umwelt e.V. (IBU);;;;1;m3;;1m³ insulation material AF/ArmaFlex Evo;;;;;;;;;;;C2;;;;;;;;;;0.185;0;0.185;3.32;0;3.32;0;0;0;0.000212;0.000000000168;0.000494;0.00000402;0;0;0;0;0;0.000727;0.251;-0.000318;0.249;0.00204;2.4;0.00000000405;0.000331;0.00000074;0.0037;0.0000000000484;0.00000000282;0.000576;1.14;0.0000000000000000319;0.000653;0.000000019;3.32;0.00217;;;;;;;;;;;;;;;;;;;
3e55207d-4c38-4c2a-a6bb-99db63817b76;00.01.000;;AF/ArmaFlex Evo insulation for industrial and building installation;;;'EN 15804+A2';;DE, ES, PL;specific dataset;2022;2027;;;2022-03-22;EPD-ARM-20220038-IBB1-EN;Institut Bauen und Umwelt e.V. (IBU);;;;1;m3;;1m³ insulation material AF/ArmaFlex Evo;;;;;;;;;;;C3;;;;;;;;;;56.3;0;56.3;1150;-898;252;0;0;0;0.274;0.000000045;83.5;0.00741;0;0;0;137;250;0.0369;136;0.0275;136;0.0305;206;0.000000937;0.0123;0.0000336;0.152;0.00000000829;0.000000879;0.771;55.4;0.000000000000218;0.0358;0.00000311;252;10.5;;;;;;;;;;;;;;;;;;;
3e55207d-4c38-4c2a-a6bb-99db63817b76;00.01.000;;AF/ArmaFlex Evo insulation for industrial and building installation;;;'EN 15804+A2';;DE, ES, PL;specific dataset;2022;2027;;;2022-03-22;EPD-ARM-20220038-IBB1-EN;Institut Bauen und Umwelt e.V. (IBU);;;;1;m3;;1m³ insulation material AF/ArmaFlex Evo;;;;;;;;;;;D;;;;;;;;;;-146;0;-146;-649;0;-649;0;0;0;-0.143;-0.000000146;-0.304;-0.0471;0;0;0;0;0;-0.0488;-37.6;-0.187;-37.4;-0.0258;-136;-0.00000042;-0.0139;-0.0000487;-0.149;-0.00000000618;-0.000000244;-7.72;-100;-0.000000000000426;-0.039;-0.00000621;-649;-2.86;;;;;;;;;;;;;;;;;;;
89770226-9e28-488e-91fb-04a562eeb677;00.01.000;;ADAGIO HD+ (19 mm);;;'EN 15804+A2';;DE;specific dataset;2024;2029;;;2024-11-26;EPD-KNA-20240280-IBA1-EN;Institut Bauen und Umwelt e.V. (IBU);;;;1;qm;;1 m² ADAGIO HD+ mineral ceiling tiles with a surface weight of 5.12 kg/m² and a thickness of 19 mm;;;;;;;;;;;A1-A3;;;;;;;;;;2;8.8;10.8;87.8;0.612;88.4;1.25;0;0;2.6;0.00000953;1.15;0.00224;;;;;;0.0261;5.08;-0.757;5.83;0.00269;;;0.00517;0.000128;0.0831;;;;;0.000000000252;0.00988;88.4;0.000000931;3.26;;;;;;;;;;;;;;;;;;;
89770226-9e28-488e-91fb-04a562eeb677;00.01.000;;ADAGIO HD+ (19 mm);;;'EN 15804+A2';;DE;specific dataset;2024;2029;;;2024-11-26;EPD-KNA-20240280-IBA1-EN;Institut Bauen und Umwelt e.V. (IBU);;;;1;qm;;1 m² ADAGIO HD+ mineral ceiling tiles with a surface weight of 5.12 kg/m² and a thickness of 19 mm;;;;;;;;;;;C1;;;;;;;;;;0;0;0;0;0;0;0;0;0;0;0;0;0;;;;;;0;0;0;0;0;;;0;0;0;;;;;0;0;0;0;0;;;;;;;;;;;;;;;;;;;
89770226-9e28-488e-91fb-04a562eeb677;00.01.000;;ADAGIO HD+ (19 mm);;;'EN 15804+A2';;DE;specific dataset;2024;2029;;;2024-11-26;EPD-KNA-20240280-IBA1-EN;Institut Bauen und Umwelt e.V. (IBU);;;;1;qm;;1 m² ADAGIO HD+ mineral ceiling tiles with a surface weight of 5.12 kg/m² and a thickness of 19 mm;;;;;;;;;;;C2;;;;;;;;;;0.0185;0;0.0185;0.255;0;0.255;0;0;0;0.0000202;0.000000000000789;0.0000388;0.000000477;;;;;;0.000066;0.0186;0.0000421;0.0184;0.000173;;;0.0000303;0.0000000681;0.00034;;;;;0.00000000000000242;0.0000598;0.254;0.00000000124;0.000225;;;;;;;;;;;;;;;;;;;
89770226-9e28-488e-91fb-04a562eeb677;00.01.000;;ADAGIO HD+ (19 mm);;;'EN 15804+A2';;DE;specific dataset;2024;2029;;;2024-11-26;EPD-KNA-20240280-IBA1-EN;Institut Bauen und Umwelt e.V. (IBU);;;;1;qm;;1 m² ADAGIO HD+ mineral ceiling tiles with a surface weight of 5.12 kg/m² and a thickness of 19 mm;;;;;;;;;;;C3;;;;;;;;;;0;0;0;0;0;0;0;0;0;0;0;0;0;;;;;;0;0;0;0;0;;;0;0;0;;;;;0;0;0;0;0;;;;;;;;;;;;;;;;;;;
89770226-9e28-488e-91fb-04a562eeb677;00.01.000;;ADAGIO HD+ (19 mm);;;'EN 15804+A2';;DE;specific dataset;2024;2029;;;2024-11-26;EPD-KNA-20240280-IBA1-EN;Institut Bauen und Umwelt e.V. (IBU);;;;1;qm;;1 m² ADAGIO HD+ mineral ceiling tiles with a surface weight of 5.12 kg/m² and a thickness of 19 mm;;;;;;;;;;;C4;;;;;;;;;;0.167;0;0.167;1.02;0;1.02;0;0;0;0.000258;0.0000000000223;5.12;0.0000117;;;;;;0.000545;0.552;0.476;0.0757;0.000239;;;0.000141;0.000000155;0.00155;;;;;0.000000000000195;0.000425;1.02;0.00000000355;0.00843;;;;;;;;;;;;;;;;;;;
89770226-9e28-488e-91fb-04a562eeb677;00.01.000;;ADAGIO HD+ (19 mm);;;'EN 15804+A2';;DE;specific dataset;2024;2029;;;2024-11-26;EPD-KNA-20240280-IBA1-EN;Institut Bauen und Umwelt e.V. (IBU);;;;1;qm;;1 m² ADAGIO HD+ mineral ceiling tiles with a surface weight of 5.12 kg/m² and a thickness of 19 mm;;;;;;;;;;;D;;;;;;;;;;0;0;0;0;0;0;0;0;0;0;0;0;0;;;;;;0;0;0;0;0;;;0;0;0;;;;;0;0;0;0;0;;;;;;;;;;;;;;;;;;;
6128c084-4410-42b6-bad6-cd2470be8243;00.01.000;;ESA 400 Automatic Sliding Door;;;'EN 15804+A2';;US;specific dataset;2022;2027;;;2022-11-29;EPD-DOR-20220217-CBA1-EN;Institut Bauen und Umwelt e.V. (IBU);;;;1;pcs.;;1 piece of the product: ESA 400 Automatic Sliding Door;;;;;;;;;;;A1-A3;;;;;;;;;;4750;45.4;4800;13600;66.5;13600;6.75;0;0;11.9;0.0000182;245;0.719;0;0;0;0;0;5.48;1040;-3.15;1040;0.679;7510;0.0000508;0.871;0.00108;9.68;0.000000642;0.0000116;140;1610;0.00000000109;2.37;13600;0.00443;141;;;;;;;;;;;;;;;;;;;
6128c084-4410-42b6-bad6-cd2470be8243;00.01.000;;ESA 400 Automatic Sliding Door;;;'EN 15804+A2';;US;specific dataset;2022;2027;;;2022-11-29;EPD-DOR-20220217-CBA1-EN;Institut Bauen und Umwelt e.V. (IBU);;;;1;pcs.;;1 piece of the product: ESA 400 Automatic Sliding Door;;;;;;;;;;;A4;;;;;;;;;;0.081;0;0.081;25.8;0;25.8;0;0;0;0.000146;0.00000000251;0.003;0.0000277;0;0;0;0;0;0.002;1.9;0.084;1.82;0.0000433;18.3;0.00000000958;0.00058;0.00000039;0.006;0.000000000344;0.0000000147;0.004;0.066;0.000000000000000192;0.002;25.8;0.0000000546;0.004;;;;;;;;;;;;;;;;;;;
6128c084-4410-42b6-bad6-cd2470be8243;00.01.000;;ESA 400 Automatic Sliding Door;;;'EN 15804+A2';;US;specific dataset;2022;2027;;;2022-11-29;EPD-DOR-20220217-CBA1-EN;Institut Bauen und Umwelt e.V. (IBU);;;;1;pcs.;;1 piece of the product: ESA 400 Automatic Sliding Door;;;;;;;;;;;A5;;;;;;;;;;;;;45.1;-43;2.07;0;0;0;0.014;0.00000000581;0.353;0.0000908;0;0;0;9;18.6;0.001;5.38;2.77;2.61;0.00019;0.867;0.0000000102;0.000389;0.000000304;0.006;0.0000000000608;0.00000000485;0.011;0.59;0.00000000000000179;0.001;2.07;0.0000000257;0.612;;;;;;;;;;;;;;;;;;;
6128c084-4410-42b6-bad6-cd2470be8243;00.01.000;;ESA 400 Automatic Sliding Door;;;'EN 15804+A2';;US;specific dataset;2022;2027;;;2022-11-29;EPD-DOR-20220217-CBA1-EN;Institut Bauen und Umwelt e.V. (IBU);;;;1;pcs.;;1 piece of the product: ESA 400 Automatic Sliding Door;;;;;;;;;;;B2;;;;;;;;;;0;0;0;0;0;0;0;0;0;0;0;0;0;0;0;0;0;0;0;0;0;0;0;0;0;0;0;0;0;0;0;0;0;0;0;0;0;;;;;;;;;;;;;;;;;;;
6128c084-4410-42b6-bad6-cd2470be8243;00.01.000;;ESA 400 Automatic Sliding Door;;;'EN 15804+A2';;US;specific dataset;2022;2027;;;2022-11-29;EPD-DOR-20220217-CBA1-EN;Institut Bauen und Umwelt e.V. (IBU);;;;1;pcs.;;1 piece of the product: ESA 400 Automatic Sliding Door;;;;;;;;;;;B6;;;;;;;;;;2720;0;2720;17200;0;17200;0;0;0;6.3;0.00000663;5.35;1.53;0;0;0;0;0;1.72;1060;0.23;1060;0.321;5130;0.0000154;0.368;0.000581;3.95;0.00000011;0.00000417;127;1570;0.00000000000374;1.05;17200;0.000211;206;;;;;;;;;;;;;;;;;;;
6128c084-4410-42b6-bad6-cd2470be8243;00.01.000;;ESA 400 Automatic Sliding Door;;;'EN 15804+A2';;US;specific dataset;2022;2027;;;2022-11-29;EPD-DOR-20220217-CBA1-EN;Institut Bauen und Umwelt e.V. (IBU);;;;1;pcs.;;1 piece of the product: ESA 400 Automatic Sliding Door;;;;;;;;;;;C1;;;;;;;;;;0;0;0;0;0;0;0;0;0;0;0;0;0;0;0;0;0;0;0;0;0;0;0;0;0;0;0;0;0;0;0;0;0;0;0;0;0;;;;;;;;;;;;;;;;;;;
6128c084-4410-42b6-bad6-cd2470be8243;00.01.000;;ESA 400 Automatic Sliding Door;;;'EN 15804+A2';;US;specific dataset;2022;2027;;;2022-11-29;EPD-DOR-20220217-CBA1-EN;Institut Bauen und Umwelt e.V. (IBU);;;;1;pcs.;;1 piece of the product: ESA 400 Automatic Sliding Door;;;;;;;;;;;C2;;;;;;;;;;0.04;0;0.04;12.7;0;12.7;0;0;0;0.000072;0.00000000124;0.001;0.0000137;0;0;0;0;0;0.000898;0.939;0.041;0.897;0.0000214;9.02;0.00000000472;0.000286;0.000000192;0.003;0.00000000017;0.00000000726;0.002;0.033;0.0000000000000000947;0.000808;12.7;0.0000000269;0.002;;;;;;;;;;;;;;;;;;;
6128c084-4410-42b6-bad6-cd2470be8243;00.01.000;;ESA 400 Automatic Sliding Door;;;'EN 15804+A2';;US;specific dataset;2022;2027;;;2022-11-29;EPD-DOR-20220217-CBA1-EN;Institut Bauen und Umwelt e.V. (IBU);;;;1;pcs.;;1 piece of the product: ESA 400 Automatic Sliding Door;;;;;;;;;;;C3;;;;;;;;;;;;;24.8;-23.5;1.32;0;0;0;0.009;0.00000000439;0.257;0.0000535;0;100;0;0;0;0.000591;4.04;1.62;2.42;0.000145;0.512;0.0000000064;0.000134;0.000000211;0.003;0.0000000000459;0.00000000398;0.006;0.393;0.00000000000000133;0.000376;1.32;0.0000000185;0.391;;;;;;;;;;;;;;;;;;;
6128c084-4410-42b6-bad6-cd2470be8243;00.01.000;;ESA 400 Automatic Sliding Door;;;'EN 15804+A2';;US;specific dataset;2022;2027;;;2022-11-29;EPD-DOR-20220217-CBA1-EN;Institut Bauen und Umwelt e.V. (IBU);;;;1;pcs.;;1 piece of the product: ESA 400 Automatic Sliding Door;;;;;;;;;;;C4;;;;;;;;;;2.96;0;2.96;22.6;0;22.6;0;0;0;0.006;0.000000345;114;0.000258;0;0;0;0;0;0.012;1.74;0.006;1.72;0.005;12.9;0.000000153;0.003;0.00000296;0.035;0.00000000192;0.000000211;0.026;4.72;0.00000000000000639;0.01;22.6;0.000000155;0.181;;;;;;;;;;;;;;;;;;;
6128c084-4410-42b6-bad6-cd2470be8243;00.01.000;;ESA 400 Automatic Sliding Door;;;'EN 15804+A2';;US;specific dataset;2022;2027;;;2022-11-29;EPD-DOR-20220217-CBA1-EN;Institut Bauen und Umwelt e.V. (IBU);;;;1;pcs.;;1 piece of the product: ESA 400 Automatic Sliding Door;;;;;;;;;;;D;;;;;;;;;;-3690;0;-3690;-7630;0;-7630;0;0;0;-6.42;-0.0000129;-145;-0.872;0;0;0;0;0;-2.04;-534;-1.72;-532;-0.079;-2900;-0.0000331;-0.265;-0.000263;-2.88;-0.00000014;-0.00000389;-177;-211;-0.00000000436;-0.837;-7630;-0.000538;-23.5;;;;;;;;;;;;;;;;;;;
f44cadd5-3cd0-45a9-afb8-67b96e779537;00.01.000;;Fine Fissured Hi NRC;;;'EN 15804+A2';;China;specific dataset;2024;2029;;;2024-03-12;EPD-KNA-20240027-IBI1-EN;Institut Bauen und Umwelt e.V. (IBU);;;;1;qm;;1 m² Fine Fissured Hi NRC mineral ceiling tiles with a surface weight of 4.51 kg/m²;;;;;;;;;;;A1-A3;;;;;;;;;;132;13.4;145;342;0.391;343;0.193;0;0;0.217;0.00000243;4.36;0.0143;;;;;;0.0715;21;-1.14;22.1;0.0158;;;0.0156;0.0000471;0.182;;;;;0.000000000186;0.0511;342;0.000335;6.54;;;;;;;;;;;;;;;;;;;
f44cadd5-3cd0-45a9-afb8-67b96e779537;00.01.000;;Fine Fissured Hi NRC;;;'EN 15804+A2';;China;specific dataset;2024;2029;;;2024-03-12;EPD-KNA-20240027-IBI1-EN;Institut Bauen und Umwelt e.V. (IBU);;;;1;qm;;1 m² Fine Fissured Hi NRC mineral ceiling tiles with a surface weight of 4.51 kg/m²;;;;;;;;;;;C1;;;;;;;;;;0;0;0;0;0;0;0;0;0;0;0;0;0;;;;;;0;0;0;0;0;;;0;0;0;;;;;0;0;0;0;0;;;;;;;;;;;;;;;;;;;
f44cadd5-3cd0-45a9-afb8-67b96e779537;00.01.000;;Fine Fissured Hi NRC;;;'EN 15804+A2';;China;specific dataset;2024;2029;;;2024-03-12;EPD-KNA-20240027-IBI1-EN;Institut Bauen und Umwelt e.V. (IBU);;;;1;qm;;1 m² Fine Fissured Hi NRC mineral ceiling tiles with a surface weight of 4.51 kg/m²;;;;;;;;;;;C2;;;;;;;;;;0.00101;0;0.00101;0.187;0;0.187;0;0;0;0.0000029;0.000000000000469;0.00000776;0.000000105;;;;;;0.0000454;0.0141;0.000599;0.0135;0.000000353;;;0.0000206;0.00000000171;0.000226;;;;;0.00000000000000133;0.000041;0.187;0.000000000548;0.000115;;;;;;;;;;;;;;;;;;;
f44cadd5-3cd0-45a9-afb8-67b96e779537;00.01.000;;Fine Fissured Hi NRC;;;'EN 15804+A2';;China;specific dataset;2024;2029;;;2024-03-12;EPD-KNA-20240027-IBI1-EN;Institut Bauen und Umwelt e.V. (IBU);;;;1;qm;;1 m² Fine Fissured Hi NRC mineral ceiling tiles with a surface weight of 4.51 kg/m²;;;;;;;;;;;C3;;;;;;;;;;0;0;0;0;0;0;0;0;0;0;0;0;0;;;;;;0;0;0;0;0;;;0;0;0;;;;;0;0;0;0;0;;;;;;;;;;;;;;;;;;;
f44cadd5-3cd0-45a9-afb8-67b96e779537;00.01.000;;Fine Fissured Hi NRC;;;'EN 15804+A2';;China;specific dataset;2024;2029;;;2024-03-12;EPD-KNA-20240027-IBI1-EN;Institut Bauen und Umwelt e.V. (IBU);;;;1;qm;;1 m² Fine Fissured Hi NRC mineral ceiling tiles with a surface weight of 4.51 kg/m²;;;;;;;;;;;C4;;;;;;;;;;0.132;0;0.132;0.883;0;0.883;0;0;0;0.000224;0.0000000000453;4.51;0.0000098;;;;;;0.000477;1.22;1.15;0.0673;0.000124;;;0.000122;0.000000114;0.00134;;;;;0.000000000000158;0.000371;0.882;0.0000000069;0.00738;;;;;;;;;;;;;;;;;;;
f44cadd5-3cd0-45a9-afb8-67b96e779537;00.01.000;;Fine Fissured Hi NRC;;;'EN 15804+A2';;China;specific dataset;2024;2029;;;2024-03-12;EPD-KNA-20240027-IBI1-EN;Institut Bauen und Umwelt e.V. (IBU);;;;1;qm;;1 m² Fine Fissured Hi NRC mineral ceiling tiles with a surface weight of 4.51 kg/m²;;;;;;;;;;;D;;;;;;;;;;0;0;0;0;0;0;0;0;0;0;0;0;0;;;;;;0;0;0;0;0;;;0;0;0;;;;;0;0;0;0;0;;;;;;;;;;;;;;;;;;;
e8470663-1e3e-4baa-911b-4dade053eaab;00.01.000;;blaugelb insulation panel EPS;;;'EN 15804+A2';;EU-27;specific dataset;2023;2028;;;2023-04-14;EPD-MEN-20230040-IBE1-DE;Institut Bauen und Umwelt e.V. (IBU);;;;1;m3;;1 m³;;;;;;;;;;;A1-A3;;;;;;;;;;510;37.8;547;9430;6910;16300;0.394;0;0;1.46;0.00000207;10.6;0.0735;0;0;0;0;0;0.857;604;6.57;597;0.0864;;;0.273;0.00722;2.7;;;;;0.00000000508;5.57;16200;0.000062;18;;;;;;;;;;;;;;;;;;;
e8470663-1e3e-4baa-911b-4dade053eaab;00.01.000;;blaugelb insulation panel EPS;;;'EN 15804+A2';;EU-27;specific dataset;2023;2028;;;2023-04-14;EPD-MEN-20230040-IBE1-DE;Institut Bauen und Umwelt e.V. (IBU);;;;1;m3;;1 m³;;;;;;;;;;;C1;;;;;;;;;;0;0;0;0;0;0;0;0;0;0;0;0;0;0;0;0;0;0;0;0;0;0;0;;;0;0;0;;;;;0;0;0;0;0;;;;;;;;;;;;;;;;;;;
e8470663-1e3e-4baa-911b-4dade053eaab;00.01.000;;blaugelb insulation panel EPS;;;'EN 15804+A2';;EU-27;specific dataset;2023;2028;;;2023-04-14;EPD-MEN-20230040-IBE1-DE;Institut Bauen und Umwelt e.V. (IBU);;;;1;m3;;1 m³;;;;;;;;;;;C4;;;;;;;;;;0;0;0;0;0;0;0;0;0;0;0;0;0;0;0;0;0;0;0;0;0;0;0;;;0;0;0;;;;;0;0;0;0;0;;;;;;;;;;;;;;;;;;;
e8470663-1e3e-4baa-911b-4dade053eaab;00.01.000;;blaugelb insulation panel EPS;;;'EN 15804+A2';;EU-27;specific dataset;2023;2028;;;2023-04-14;EPD-MEN-20230040-IBE1-DE;Institut Bauen und Umwelt e.V. (IBU);;;;1;m3;;1 m³;;;;;;;;;;;C2/1;;;;;;;;;;0.819;0;0.819;11.9;0;11.9;0;0;0;0.000946;0.0000000000628;0.00193;0.000022;0;0;0;0;0;0.00301;0.909;0;0.903;0.00607;;;0.00138;0.00000322;0.0154;;;;;0.0000000000000884;0.0027;11.8;0.0000000908;0.0101;;;;;;;;;;;;;;;;;;;
e8470663-1e3e-4baa-911b-4dade053eaab;00.01.000;;blaugelb insulation panel EPS;;;'EN 15804+A2';;EU-27;specific dataset;2023;2028;;;2023-04-14;EPD-MEN-20230040-IBE1-DE;Institut Bauen und Umwelt e.V. (IBU);;;;1;m3;;1 m³;;;;;;;;;;;C2/2;;;;;;;;;;0.41;0;0.41;5.93;0;5.93;0;0;0;0.000473;0.0000000000314;0.000967;0.000011;0;0;0;0;0;0.0015;0.454;0;0.451;0.00303;;;0.000688;0.00000161;0.00771;;;;;0.0000000000000442;0.00135;5.91;0.0000000454;0.00504;;;;;;;;;;;;;;;;;;;
e8470663-1e3e-4baa-911b-4dade053eaab;00.01.000;;blaugelb insulation panel EPS;;;'EN 15804+A2';;EU-27;specific dataset;2023;2028;;;2023-04-14;EPD-MEN-20230040-IBE1-DE;Institut Bauen und Umwelt e.V. (IBU);;;;1;m3;;1 m³;;;;;;;;;;;C3/1;;;;;;;;;;111;0;111;7100;-6900;201;0;0;0;0.106;0.0000000174;0.151;0.0321;0;150;0;0;0;0.0243;11.2;0.0996;11.1;0.00234;;;0.00545;0.0000323;0.0572;;;;;0.000000000162;0.0147;201;0.00000301;2.52;;;;;;;;;;;;;;;;;;;
e8470663-1e3e-4baa-911b-4dade053eaab;00.01.000;;blaugelb insulation panel EPS;;;'EN 15804+A2';;EU-27;specific dataset;2023;2028;;;2023-04-14;EPD-MEN-20230040-IBE1-DE;Institut Bauen und Umwelt e.V. (IBU);;;;1;m3;;1 m³;;;;;;;;;;;C3/2;;;;;;;;;;12.9;0;12.9;;;;0;0;0;0.961;0.00000000515;1.83;0.00331;0;0;0;909;1620;0.0443;506;0.0151;506;0.000492;;;0.00965;0.00000468;0.208;;;;;0.0000000000201;0.0285;54.7;0.000000486;41;;;;;;;;;;;;;;;;;;;
e8470663-1e3e-4baa-911b-4dade053eaab;00.01.000;;blaugelb insulation panel EPS;;;'EN 15804+A2';;EU-27;specific dataset;2023;2028;;;2023-04-14;EPD-MEN-20230040-IBE1-DE;Institut Bauen und Umwelt e.V. (IBU);;;;1;m3;;1 m³;;;;;;;;;;;D/1;;;;;;;;;;-264;0;-264;-11300;0;-11300;155;0;0;-1.76;-0.000000738;-2.67;-0.0421;0;0;0;0;0;-0.501;-358;-1.78;-356;-0.0344;;;-0.137;-0.00043;-1.48;;;;;-0.000000000472;-0.521;-11300;-0.0000416;-37.7;;;;;;;;;;;;;;;;;;;
e8470663-1e3e-4baa-911b-4dade053eaab;00.01.000;;blaugelb insulation panel EPS;;;'EN 15804+A2';;EU-27;specific dataset;2023;2028;;;2023-04-14;EPD-MEN-20230040-IBE1-DE;Institut Bauen und Umwelt e.V. (IBU);;;;1;m3;;1 m³;;;;;;;;;;;D/2;;;;;;;;;;-944;0;-944;-3420;0;-3420;0;0;0;-0.908;-0.000000463;-1.73;-0.271;0;0;0;0;0;-0.265;-202;-1.03;-201;-0.0222;;;-0.0719;-0.000278;-0.77;;;;;-0.00000000137;-0.201;-3420;-0.0000305;-21.5;;;;;;;;;;;;;;;;;;;
a9c20232-77a9-48b7-bdc2-5fb77745c613;00.01.000;;ALT 50;;;'EN 15804+A2';;India;specific dataset;2021;2026;;;2021-10-22;EPD-DOR-20210279-CBA2-EN;Institut Bauen und Umwelt e.V. (IBU);;;;1;specific;;1 specific Room Partition System (1 system with a size of 9 m²);;;;;;;;;;;A1-A3;;;;;;;;;;654;26.4;680;4310;13.9;4330;0.338;0;0;1.51;0.0000474;71.2;0.0573;0;0;0;0;0;4.25;399;-3.53;401;0.579;1060;0.0000694;0.518;0.000354;5.68;0.000000666;0.00000336;7.47;1150;0.0000000000253;1.58;4330;0.000124;35.4;;;;;;;;;;;;;;;;;;;
a9c20232-77a9-48b7-bdc2-5fb77745c613;00.01.000;;ALT 50;;;'EN 15804+A2';;India;specific dataset;2021;2026;;;2021-10-22;EPD-DOR-20210279-CBA2-EN;Institut Bauen und Umwelt e.V. (IBU);;;;1;specific;;1 specific Room Partition System (1 system with a size of 9 m²);;;;;;;;;;;A4;;;;;;;;;;0.0077;0;0.0077;2.44;0;2.44;0;0;0;0.0000138;0.000000000237;0.00025;0.00000262;0;0;0;0;0;0.000172;;;;;1.73;0.000000000906;0.0000548;0.0000000368;0.00061;0.0000000000326;0.00000000139;0.000375;0.00627;0.0000000000000000182;0.000155;2.44;0.00000000516;0.000337;;;;;;;;;;;;;;;;;;;
a9c20232-77a9-48b7-bdc2-5fb77745c613;00.01.000;;ALT 50;;;'EN 15804+A2';;India;specific dataset;2021;2026;;;2021-10-22;EPD-DOR-20210279-CBA2-EN;Institut Bauen und Umwelt e.V. (IBU);;;;1;specific;;1 specific Room Partition System (1 system with a size of 9 m²);;;;;;;;;;;A5;;;;;;;;;;;;;1.87;-0.86;1.01;0;0;0;0.00923;0.00000000154;0.103;0.0000526;0;0;0;4.81;8.77;0.000883;;;;;0.476;0.00000000495;0.000317;0.000000114;0.00397;0.0000000000255;0.00000000115;0.00809;0.268;0.000000000000000588;0.000842;1.01;0.00000000923;0.392;;;;;;;;;;;;;;;;;;;
a9c20232-77a9-48b7-bdc2-5fb77745c613;00.01.000;;ALT 50;;;'EN 15804+A2';;India;specific dataset;2021;2026;;;2021-10-22;EPD-DOR-20210279-CBA2-EN;Institut Bauen und Umwelt e.V. (IBU);;;;1;specific;;1 specific Room Partition System (1 system with a size of 9 m²);;;;;;;;;;;C1;;;;;;;;;;0;0;0;0;0;0;0;0;0;0;0;0;0;0;0;0;0;0;0;0;0;0;0;0;0;0;0;0;0;0;0;0;0;0;0;0;0;;;;;;;;;;;;;;;;;;;
a9c20232-77a9-48b7-bdc2-5fb77745c613;00.01.000;;ALT 50;;;'EN 15804+A2';;India;specific dataset;2021;2026;;;2021-10-22;EPD-DOR-20210279-CBA2-EN;Institut Bauen und Umwelt e.V. (IBU);;;;1;specific;;1 specific Room Partition System (1 system with a size of 9 m²);;;;;;;;;;;C2;;;;;;;;;;0.00355;0;0.00355;1.13;0;1.13;0;0;0;0.00000637;0.000000000109;0.000115;0.00000121;0;0;0;0;0;0.0000794;0.083;0.00367;0.0794;0.00000186;0.798;0.000000000418;0.0000253;0.000000017;0.000281;0.000000000015;0.000000000642;0.000173;0.00289;0.00000000000000000838;0.0000715;1.13;0.00000000238;0.000156;;;;;;;;;;;;;;;;;;;
a9c20232-77a9-48b7-bdc2-5fb77745c613;00.01.000;;ALT 50;;;'EN 15804+A2';;India;specific dataset;2021;2026;;;2021-10-22;EPD-DOR-20210279-CBA2-EN;Institut Bauen und Umwelt e.V. (IBU);;;;1;specific;;1 specific Room Partition System (1 system with a size of 9 m²);;;;;;;;;;;C3;;;;;;;;;;0.668;-0.0143;0.654;15.5;-13;2.51;0;0;0;0.0133;0.00000000958;0.563;0.0000933;0;16.9;0;0;0;0.000965;5.42;0.000126;5.42;0.000306;0.943;0.0000000123;0.000218;0.000000436;0.0044;0.0000000000816;0.00000000827;0.0084;0.753;0.00000000000000273;0.000602;2.51;0.0000000375;0.554;;;;;;;;;;;;;;;;;;;
a9c20232-77a9-48b7-bdc2-5fb77745c613;00.01.000;;ALT 50;;;'EN 15804+A2';;India;specific dataset;2021;2026;;;2021-10-22;EPD-DOR-20210279-CBA2-EN;Institut Bauen und Umwelt e.V. (IBU);;;;1;specific;;1 specific Room Partition System (1 system with a size of 9 m²);;;;;;;;;;;C4;;;;;;;;;;0.0000311;0;0.0000311;0.000237;0;0.000237;0;0;0;0.0000000598;0.00000000000362;0.00119;0.0000000027;0;0;0;0;0;0.00000013;0.0000182;0.0000000618;0.0000181;0.0000000521;0.000136;0.00000000000161;0.0000000334;0.0000000000311;0.000000367;0.0000000000000201;0.00000000000221;0.000000278;0.0000495;0.0000000000000000000671;0.000000101;0.000237;0.00000000000162;0.0000019;;;;;;;;;;;;;;;;;;;
a9c20232-77a9-48b7-bdc2-5fb77745c613;00.01.000;;ALT 50;;;'EN 15804+A2';;India;specific dataset;2021;2026;;;2021-10-22;EPD-DOR-20210279-CBA2-EN;Institut Bauen und Umwelt e.V. (IBU);;;;1;specific;;1 specific Room Partition System (1 system with a size of 9 m²);;;;;;;;;;;D;;;;;;;;;;-698;0;-698;-1470;0;-1470;0;0;0;-1.22;-0.000000835;-27.1;-0.165;0;0;0;0;0;-0.383;-102;-0.318;-101;-0.019;-554;-0.00000621;-0.0503;-0.0000525;-0.547;-0.0000000293;-0.000000726;-33.4;-48.7;-0.000000000807;-0.158;-1470;-0.0000704;-5;;;;;;;;;;;;;;;;;;;
ccc9e333-78b3-4abb-b4e4-16d3649ecf0d;00.01.000;;Floor spring BTS 65;;;'EN 15804+A2';;CN;specific dataset;2023;2028;;;2023-06-30;EPD-DOR-20220165-CBA1-EN;Institut Bauen und Umwelt e.V. (IBU);;;;1;piece/product;;1 piece/product;;;;;;;;;;;A1-A3;;;;;;;;;;25.4;1.04;26.5;134;0.119;135;2.04;0;0;0.0548;0.00000015;0.318;0.00467;;;;;;0.0358;11.8;-0.0965;11.9;0.00816;;;0.00731;0.0000179;0.0788;;;;;0.00000000000102;0.0229;134;0.001;1.66;;;;;;;;;;;;;;;;;;;
ccc9e333-78b3-4abb-b4e4-16d3649ecf0d;00.01.000;;Floor spring BTS 65;;;'EN 15804+A2';;CN;specific dataset;2023;2028;;;2023-06-30;EPD-DOR-20220165-CBA1-EN;Institut Bauen und Umwelt e.V. (IBU);;;;1;piece/product;;1 piece/product;;;;;;;;;;;A4;;;;;;;;;;0.00685;0;0.00685;2.11;0;2.11;0;0;0;0.0000124;0.000000000207;0.000216;0.00000233;;;;;;0.00497;0.17;0.00176;0.168;0.00000358;;;0.00131;0.0000000375;0.0144;;;;;0.0000000000000000163;0.00367;2.11;0.00000000447;0.000308;;;;;;;;;;;;;;;;;;;
ccc9e333-78b3-4abb-b4e4-16d3649ecf0d;00.01.000;;Floor spring BTS 65;;;'EN 15804+A2';;CN;specific dataset;2023;2028;;;2023-06-30;EPD-DOR-20220165-CBA1-EN;Institut Bauen und Umwelt e.V. (IBU);;;;1;piece/product;;1 piece/product;;;;;;;;;;;A5;;;;;;;;;;0.906;-0.9;0.0061;0.0336;0;0.0336;0;0;0;0.00031;0.0000000000495;0.00333;0.00000176;;;;;;0.0000298;0.106;0.104;0.00266;0.00000175;;;0.0000108;0.00000000375;0.000134;;;;;0.0000000000000000192;0.0000285;0.0336;0.000000000303;0.0132;;;;;;;;;;;;;;;;;;;
ccc9e333-78b3-4abb-b4e4-16d3649ecf0d;00.01.000;;Floor spring BTS 65;;;'EN 15804+A2';;CN;specific dataset;2023;2028;;;2023-06-30;EPD-DOR-20220165-CBA1-EN;Institut Bauen und Umwelt e.V. (IBU);;;;1;piece/product;;1 piece/product;;;;;;;;;;;C1;;;;;;;;;;0;0;0;0;0;0;0;0;0;0;0;0;0;;;;;;0;0;0;0;0;;;0;0;0;;;;;0;0;0;0;0;;;;;;;;;;;;;;;;;;;
ccc9e333-78b3-4abb-b4e4-16d3649ecf0d;00.01.000;;Floor spring BTS 65;;;'EN 15804+A2';;CN;specific dataset;2023;2028;;;2023-06-30;EPD-DOR-20220165-CBA1-EN;Institut Bauen und Umwelt e.V. (IBU);;;;1;piece/product;;1 piece/product;;;;;;;;;;;C2;;;;;;;;;;0.000751;0;0.000751;0.238;0;0.238;0;0;0;0.00000135;0.0000000000231;0.0000244;0.000000256;;;;;;0.0000168;0.0176;0.000776;0.0168;0.0000004;;;0.00000535;0.00000000359;0.0000594;;;;;0.00000000000000000177;0.0000151;0.238;0.000000000503;0.0000329;;;;;;;;;;;;;;;;;;;
ccc9e333-78b3-4abb-b4e4-16d3649ecf0d;00.01.000;;Floor spring BTS 65;;;'EN 15804+A2';;CN;specific dataset;2023;2028;;;2023-06-30;EPD-DOR-20220165-CBA1-EN;Institut Bauen und Umwelt e.V. (IBU);;;;1;piece/product;;1 piece/product;;;;;;;;;;;C3;;;;;;;;;;;;;;;;0;0;0;0.0000292;0.0000000000211;0.00124;0.000000206;;;;;;0.00000213;0.0119;0.000000278;0.0119;0.000000675;;;0.00000048;0.000000000961;0.00000969;;;;;0.00000000000000000602;0.00000133;0.00554;0.0000000000826;0.00122;;;;;;;;;;;;;;;;;;;
ccc9e333-78b3-4abb-b4e4-16d3649ecf0d;00.01.000;;Floor spring BTS 65;;;'EN 15804+A2';;CN;specific dataset;2023;2028;;;2023-06-30;EPD-DOR-20220165-CBA1-EN;Institut Bauen und Umwelt e.V. (IBU);;;;1;piece/product;;1 piece/product;;;;;;;;;;;C4;;;;;;;;;;0.00338;0;0.00338;0.0258;0;0.0258;0;0;0;0.00000651;0.000000000393;0.13;0.000000294;;;;;;0.0000141;0.00198;0.00000672;0.00197;0.00000566;;;0.00000363;0.00000000338;0.0000399;;;;;0.00000000000000000729;0.000011;0.0258;0.000000000177;0.000206;;;;;;;;;;;;;;;;;;;
ccc9e333-78b3-4abb-b4e4-16d3649ecf0d;00.01.000;;Floor spring BTS 65;;;'EN 15804+A2';;CN;specific dataset;2023;2028;;;2023-06-30;EPD-DOR-20220165-CBA1-EN;Institut Bauen und Umwelt e.V. (IBU);;;;1;piece/product;;1 piece/product;;;;;;;;;;;D;;;;;;;;;;-0.797;0;-0.797;-38.4;0;-38.4;0;0;0;-0.0119;-0.00000377;0.313;-0.000721;;;;;;-0.0109;-4.01;-0.00703;-4.01;-0.000372;;;-0.00181;-0.00000394;-0.0186;;;;;-0.00000000000108;-0.00718;-38.4;-0.000346;-0.389;;;;;;;;;;;;;;;;;;;
3f1d3757-85d8-405e-b392-5820285fead5;00.01.000;;Fibrolith® mineral-bonded wood wool panels (mono-panels of building materials class B1);;;'EN 15804+A2';;DE;specific dataset;2024;2029;;;15/02/2024;EPD-FIB-20230463-IBC1-DE;Institut Bauen und Umwelt e.V. (IBU);;;;1;t;;1 t Fibrolith® mineralisch gebundene Holzwolleplatten (Monoplatten der Baustoffklasse B1);;;;;;;;;;;A1-A3;;;;;;;;;;2050;9770;11800;6820;9.43;6820;1.55;0;0;1.97;0.0227;84.4;0.0254;0;0;0;0;0;1.94;-100;-939;838;1.38;0;0.0000132;0.613;0.0295;6.84;0.000000185;0.0000046;13.5;53900;0.0000101;2.39;6820;0.000704;103;;;;;;;;;;;;;;;;;;;
3f1d3757-85d8-405e-b392-5820285fead5;00.01.000;;Fibrolith® mineral-bonded wood wool panels (mono-panels of building materials class B1);;;'EN 15804+A2';;DE;specific dataset;2024;2029;;;15/02/2024;EPD-FIB-20230463-IBC1-DE;Institut Bauen und Umwelt e.V. (IBU);;;;1;t;;1 t Fibrolith® mineralisch gebundene Holzwolleplatten (Monoplatten der Baustoffklasse B1);;;;;;;;;;;A5;;;;;;;;;;;;;12.4;-9.43;3;0;0;0;0.0107;0.000039;0.288;0.00000218;0;0;0;30.4;58.1;0.00226;20;19;0.926;0.0000921;0;0.0000000296;0.00104;0.00000368;0.0111;0.0000000005;0.0000000222;0.00192;1.38;0.00000000654;0.00304;3;0.000000648;0.0337;;;;;;;;;;;;;;;;;;;
3f1d3757-85d8-405e-b392-5820285fead5;00.01.000;;Fibrolith® mineral-bonded wood wool panels (mono-panels of building materials class B1);;;'EN 15804+A2';;DE;specific dataset;2024;2029;;;15/02/2024;EPD-FIB-20230463-IBC1-DE;Institut Bauen und Umwelt e.V. (IBU);;;;1;t;;1 t Fibrolith® mineralisch gebundene Holzwolleplatten (Monoplatten der Baustoffklasse B1);;;;;;;;;;;B1;;;;;;;;;;;;;;;;;;;;;;;;;;;;;-206;;-206;;;;;;;;;;;;;;;;;;;;;;;;;;;;;;;;;;
3f1d3757-85d8-405e-b392-5820285fead5;00.01.000;;Fibrolith® mineral-bonded wood wool panels (mono-panels of building materials class B1);;;'EN 15804+A2';;DE;specific dataset;2024;2029;;;15/02/2024;EPD-FIB-20230463-IBC1-DE;Institut Bauen und Umwelt e.V. (IBU);;;;1;t;;1 t Fibrolith® mineralisch gebundene Holzwolleplatten (Monoplatten der Baustoffklasse B1);;;;;;;;;;;C1;;;;;;;;;;0;0;0;0;0;0;0;0;0;0;0;0;0;0;0;0;0;0;0;0;0;0;0;0;0;0;0;0;0;0;0;0;0;0;0;0;0;;;;;;;;;;;;;;;;;;;
3f1d3757-85d8-405e-b392-5820285fead5;00.01.000;;Fibrolith® mineral-bonded wood wool panels (mono-panels of building materials class B1);;;'EN 15804+A2';;DE;specific dataset;2024;2029;;;15/02/2024;EPD-FIB-20230463-IBC1-DE;Institut Bauen und Umwelt e.V. (IBU);;;;1;t;;1 t Fibrolith® mineralisch gebundene Holzwolleplatten (Monoplatten der Baustoffklasse B1);;;;;;;;;;;C2;;;;;;;;;;2.03;0;2.03;131;0;131;0;0;0;0.0343;0.000835;6.57;0.0000753;0;0;0;0;0;0.0202;9.24;0;9.24;0.00456;0;0.000000686;0.00497;0.000075;0.0518;0.00000000421;0.0000000931;0.0665;79.3;0.000000201;0.0313;131;0.0000302;0.541;;;;;;;;;;;;;;;;;;;
3f1d3757-85d8-405e-b392-5820285fead5;00.01.000;;Fibrolith® mineral-bonded wood wool panels (mono-panels of building materials class B1);;;'EN 15804+A2';;DE;specific dataset;2024;2029;;;15/02/2024;EPD-FIB-20230463-IBC1-DE;Institut Bauen und Umwelt e.V. (IBU);;;;1;t;;1 t Fibrolith® mineralisch gebundene Holzwolleplatten (Monoplatten der Baustoffklasse B1);;;;;;;;;;;C3;;;;;;;;;;;;;204;0;204;0;0;0;0.512;0.00203;357;0.000145;0;0;0;1350;2580;0.129;935;920;15.4;0.00455;0;0.00000246;0.0591;0.000229;0.631;0.0000000308;0.00000101;0.131;219;0.000000371;0.183;204;0.0000303;2.07;;;;;;;;;;;;;;;;;;;
3f1d3757-85d8-405e-b392-5820285fead5;00.01.000;;Fibrolith® mineral-bonded wood wool panels (mono-panels of building materials class B1);;;'EN 15804+A2';;DE;specific dataset;2024;2029;;;15/02/2024;EPD-FIB-20230463-IBC1-DE;Institut Bauen und Umwelt e.V. (IBU);;;;1;t;;1 t Fibrolith® mineralisch gebundene Holzwolleplatten (Monoplatten der Baustoffklasse B1);;;;;;;;;;;C4;;;;;;;;;;0;0;0;0;0;0;0;0;0;0;0;0;0;0;0;0;0;0;0;0;0;0;0;0;0;0;0;0;0;0;0;0;0;0;0;0;0;;;;;;;;;;;;;;;;;;;
3f1d3757-85d8-405e-b392-5820285fead5;00.01.000;;Fibrolith® mineral-bonded wood wool panels (mono-panels of building materials class B1);;;'EN 15804+A2';;DE;specific dataset;2024;2029;;;15/02/2024;EPD-FIB-20230463-IBC1-DE;Institut Bauen und Umwelt e.V. (IBU);;;;1;t;;1 t Fibrolith® mineralisch gebundene Holzwolleplatten (Monoplatten der Baustoffklasse B1);;;;;;;;;;;D;;;;;;;;;;-551;0;-551;-5440;0;-5440;0;0;0;-1.04;-0.0146;-15.2;-0.0236;0;0;0;0;0;-0.513;-365;0;-365;-0.312;0;-0.00000221;-0.114;-0.0278;-1.37;-0.0000000659;-0.0000014;-10.5;-421;-0.0000101;-0.566;-5380;-0.000349;-9.73;;;;;;;;;;;;;;;;;;;
f4a67da7-61a5-47fc-9c96-ccae2ef5e03a;00.01.000;;Woven carpet tiles, pile material solution-dyed polyamide 6.0 with a TEXtiles heavy backing with recycled content, maximum total pile weight 400 g/m²;;;'EN 15804+A2';;DK;specific dataset;2023;2028;;;2023-07-25;EPD-FLE-20230273-CBC1-EN;Institut Bauen und Umwelt e.V. (IBU);;;;1;qm;;1 m² floor covering;;;;;;;;;;;A1-A3;;;;;;;;;;29;0.185;29.2;142;51;194;0.603;0;0;0.0459;0.000424;0.183;0.00438;0;0;0;0;0;0.0156;8.85;-0.0889;8.93;0.0035;88;0.000000118;0.00469;0.0000248;0.0457;0.00000000289;0.000000102;;;0.00000000139;0.0152;193;0.00000128;1.25;;;;;;;;;;;;;;;;;;;
f4a67da7-61a5-47fc-9c96-ccae2ef5e03a;00.01.000;;Woven carpet tiles, pile material solution-dyed polyamide 6.0 with a TEXtiles heavy backing with recycled content, maximum total pile weight 400 g/m²;;;'EN 15804+A2';;DK;specific dataset;2023;2028;;;2023-07-25;EPD-FLE-20230273-CBC1-EN;Institut Bauen und Umwelt e.V. (IBU);;;;1;qm;;1 m² floor covering;;;;;;;;;;;A4;;;;;;;;;;0.144;0;0.144;2.54;0;2.54;0;0;0;0.000163;0.0000000000121;0.000363;0.00000312;0;0;0;0;0;0.00113;0.19;0.00241;0.186;0.00106;1.76;0.00000000651;0.000553;0.000000565;0.00612;0.0000000000355;0.0000000021;;;0.0000000000000113;0.00105;2.53;0.0000000158;0.00169;;;;;;;;;;;;;;;;;;;
f4a67da7-61a5-47fc-9c96-ccae2ef5e03a;00.01.000;;Woven carpet tiles, pile material solution-dyed polyamide 6.0 with a TEXtiles heavy backing with recycled content, maximum total pile weight 400 g/m²;;;'EN 15804+A2';;DK;specific dataset;2023;2028;;;2023-07-25;EPD-FLE-20230273-CBC1-EN;Institut Bauen und Umwelt e.V. (IBU);;;;1;qm;;1 m² floor covering;;;;;;;;;;;A5;;;;;;;;;;1.07;-0.185;0.889;5.94;0;5.94;0.0181;0;0;0.0018;0.0000127;0.0221;0.000134;0;0.095;0;0.253;0.459;0.000577;0.583;0.149;0.434;0.000143;2.72;0.00000000411;0.000191;0.000000774;0.00195;0.0000000000894;0.00000000322;;;0.0000000000416;0.000575;5.94;0.0000000393;0.0552;;;;;;;;;;;;;;;;;;;
f4a67da7-61a5-47fc-9c96-ccae2ef5e03a;00.01.000;;Woven carpet tiles, pile material solution-dyed polyamide 6.0 with a TEXtiles heavy backing with recycled content, maximum total pile weight 400 g/m²;;;'EN 15804+A2';;DK;specific dataset;2023;2028;;;2023-07-25;EPD-FLE-20230273-CBC1-EN;Institut Bauen und Umwelt e.V. (IBU);;;;1;qm;;1 m² floor covering;;;;;;;;;;;B1;;;;;;;;;;0;0;0;0;0;0;0;0;0;0;0;0;0;0;0;0;0;0;0;0;0;0;0;0.0036;0;0;0;0;0;0.000000000026;;;0;0.000418;0;0;0;;;;;;;;;;;;;;;;;;;
f4a67da7-61a5-47fc-9c96-ccae2ef5e03a;00.01.000;;Woven carpet tiles, pile material solution-dyed polyamide 6.0 with a TEXtiles heavy backing with recycled content, maximum total pile weight 400 g/m²;;;'EN 15804+A2';;DK;specific dataset;2023;2028;;;2023-07-25;EPD-FLE-20230273-CBC1-EN;Institut Bauen und Umwelt e.V. (IBU);;;;1;qm;;1 m² floor covering;;;;;;;;;;;B2;;;;;;;;;;3.69;0;3.69;5.9;0;5.9;0;0;0;0.00334;0.0000419;0.0073;0.000376;0;0;0;0;0;0.000832;0.549;0.00416;0.348;0.196;2.69;0.0000000684;0.000197;0.00000519;0.00283;0.000000000621;0.00000000946;;;0.0000000342;0.000983;5.9;0.00000023;0.0999;;;;;;;;;;;;;;;;;;;
f4a67da7-61a5-47fc-9c96-ccae2ef5e03a;00.01.000;;Woven carpet tiles, pile material solution-dyed polyamide 6.0 with a TEXtiles heavy backing with recycled content, maximum total pile weight 400 g/m²;;;'EN 15804+A2';;DK;specific dataset;2023;2028;;;2023-07-25;EPD-FLE-20230273-CBC1-EN;Institut Bauen und Umwelt e.V. (IBU);;;;1;qm;;1 m² floor covering;;;;;;;;;;;C1;;;;;;;;;;0;0;0;0;0;0;0;0;0;0;0;0;0;0;0;0;0;0;0;0;0;0;0;0;0;0;0;0;0;0;;;0;0;0;0;0;;;;;;;;;;;;;;;;;;;
f4a67da7-61a5-47fc-9c96-ccae2ef5e03a;00.01.000;;Woven carpet tiles, pile material solution-dyed polyamide 6.0 with a TEXtiles heavy backing with recycled content, maximum total pile weight 400 g/m²;;;'EN 15804+A2';;DK;specific dataset;2023;2028;;;2023-07-25;EPD-FLE-20230273-CBC1-EN;Institut Bauen und Umwelt e.V. (IBU);;;;1;qm;;1 m² floor covering;;;;;;;;;;;C2;;;;;;;;;;0.00797;0;0.00797;0.141;0;0.141;0;0;0;0.00000901;0.000000000000673;0.0000201;0.000000173;0;0;0;0;0;0.0000625;0.0105;0.000134;0.0103;0.0000585;0.0974;0.000000000361;0.0000307;0.0000000313;0.00034;0.00000000000197;0.000000000117;;;0.000000000000000629;0.000058;0.14;0.000000000877;0.0000938;;;;;;;;;;;;;;;;;;;
f4a67da7-61a5-47fc-9c96-ccae2ef5e03a;00.01.000;;Woven carpet tiles, pile material solution-dyed polyamide 6.0 with a TEXtiles heavy backing with recycled content, maximum total pile weight 400 g/m²;;;'EN 15804+A2';;DK;specific dataset;2023;2028;;;2023-07-25;EPD-FLE-20230273-CBC1-EN;Institut Bauen und Umwelt e.V. (IBU);;;;1;qm;;1 m² floor covering;;;;;;;;;;;D;;;;;;;;;;-0.212;0;-0.212;-0.775;0;-0.775;0;0;0;-0.000202;-0.000000000105;-0.00039;-0.0000607;0;0;0;0;0;-0.0000597;-0.0458;-0.000232;-0.0456;-0.00000499;-0.169;-0.000000000495;-0.0000162;-0.0000000623;-0.000174;-0.0000000000078;-0.0000000003;;;-0.000000000000306;-0.0000454;-0.775;-0.00000000685;-0.00477;;;;;;;;;;;;;;;;;;;
f4a67da7-61a5-47fc-9c96-ccae2ef5e03a;00.01.000;;Woven carpet tiles, pile material solution-dyed polyamide 6.0 with a TEXtiles heavy backing with recycled content, maximum total pile weight 400 g/m²;;;'EN 15804+A2';;DK;specific dataset;2023;2028;;;2023-07-25;EPD-FLE-20230273-CBC1-EN;Institut Bauen und Umwelt e.V. (IBU);;;;1;qm;;1 m² floor covering;;;;;;;;;;;C3/2;;;;;;;;;;0.33;0;0.33;52.8;-51;1.79;0;0;0;0.014;0.000000000247;0.551;0.0000756;0;0;0;8.43;15.3;0.0024;5.32;0.000426;5.32;0.000115;0.9;0.0000000118;0.00109;0.000000424;0.0128;0.0000000000519;0.0000000029;;;0.000000000000329;0.00283;1.79;0.0000000154;0.592;;;;;;;;;;;;;;;;;;;
f4a67da7-61a5-47fc-9c96-ccae2ef5e03a;00.01.000;;Woven carpet tiles, pile material solution-dyed polyamide 6.0 with a TEXtiles heavy backing with recycled content, maximum total pile weight 400 g/m²;;;'EN 15804+A2';;DK;specific dataset;2023;2028;;;2023-07-25;EPD-FLE-20230273-CBC1-EN;Institut Bauen und Umwelt e.V. (IBU);;;;1;qm;;1 m² floor covering;;;;;;;;;;;C3/3;;;;;;;;;;0.509;0;0.509;53.5;-51;2.43;0;0;0;0.0141;0.000000000273;0.552;0.000122;0;0.63;0;0;62.4;0.00259;5.37;0.000903;5.36;0.000264;1.27;0.000000013;0.00118;0.000000549;0.0138;0.0000000000605;0.00000000332;;;0.000000000000563;0.003;2.43;0.000000022;0.596;;;;;;;;;;;;;;;;;;;
f4a67da7-61a5-47fc-9c96-ccae2ef5e03a;00.01.000;;Woven carpet tiles, pile material solution-dyed polyamide 6.0 with a TEXtiles heavy backing with recycled content, maximum total pile weight 400 g/m²;;;'EN 15804+A2';;DK;specific dataset;2023;2028;;;2023-07-25;EPD-FLE-20230273-CBC1-EN;Institut Bauen und Umwelt e.V. (IBU);;;;1;qm;;1 m² floor covering;;;;;;;;;;;C4/1;;;;;;;;;;0.256;0;0.256;3.12;0;3.12;0;0;0;0.0000365;0.000000000481;3.09;0.0000383;0;0;0;0;0;0.000651;0.218;-0.0000000357;0.217;0.000107;3.05;0.00000000626;0.000144;0.000041;0.00158;0.000000000137;0.0000000115;;;0.000000000000295;0.000463;3.12;0.0000000152;-0.00233;;;;;;;;;;;;;;;;;;;
f4a67da7-61a5-47fc-9c96-ccae2ef5e03a;00.01.000;;Woven carpet tiles, pile material solution-dyed polyamide 6.0 with a TEXtiles heavy backing with recycled content, maximum total pile weight 400 g/m²;;;'EN 15804+A2';;DK;specific dataset;2023;2028;;;2023-07-25;EPD-FLE-20230273-CBC1-EN;Institut Bauen und Umwelt e.V. (IBU);;;;1;qm;;1 m² floor covering;;;;;;;;;;;D/1;;;;;;;;;;0;0;0;0;0;0;0;0;0;0;0;0;0;0;0;0;0;0;0;0;0;0;0;0;0;0;0;0;0;0;;;0;0;0;0;0;;;;;;;;;;;;;;;;;;;
f4a67da7-61a5-47fc-9c96-ccae2ef5e03a;00.01.000;;Woven carpet tiles, pile material solution-dyed polyamide 6.0 with a TEXtiles heavy backing with recycled content, maximum total pile weight 400 g/m²;;;'EN 15804+A2';;DK;specific dataset;2023;2028;;;2023-07-25;EPD-FLE-20230273-CBC1-EN;Institut Bauen und Umwelt e.V. (IBU);;;;1;qm;;1 m² floor covering;;;;;;;;;;;D/2;;;;;;;;;;-7.05;0;-7.05;-25.8;0;-25.8;0;0;0;-0.00674;-0.0000000035;-0.013;-0.00202;0;0;0;0;0;-0.00199;-1.53;-0.00774;-1.52;-0.000166;0;0;-0.000541;-0.00000208;-0.00579;0;0;;;-0.0000000000102;-0.00151;-25.8;-0.000000228;-0.159;;;;;;;;;;;;;;;;;;;
f4a67da7-61a5-47fc-9c96-ccae2ef5e03a;00.01.000;;Woven carpet tiles, pile material solution-dyed polyamide 6.0 with a TEXtiles heavy backing with recycled content, maximum total pile weight 400 g/m²;;;'EN 15804+A2';;DK;specific dataset;2023;2028;;;2023-07-25;EPD-FLE-20230273-CBC1-EN;Institut Bauen und Umwelt e.V. (IBU);;;;1;qm;;1 m² floor covering;;;;;;;;;;;D/3;;;;;;;;;;-0.429;0;-0.429;-45.8;0;-45.8;0.63;0;0;-0.0041;-0.000000000175;-0.0714;-0.0000876;0;0;0;0;0;-0.0011;-0.33;-0.000322;-0.329;-0.000155;-7.93;-0.0000000217;-0.000352;-0.000000369;-0.00386;-0.0000000000839;-0.00000000475;;;-0.000000000000552;-0.00107;-45.8;-0.0000000312;-0.0501;;;;;;;;;;;;;;;;;;;
ca86ad64-342d-4c08-adf5-a905de627c9a;00.01.000;;CEM I 52,5 R (ft);;;'EN 15804+A2';;DE;specific dataset;2024;2029;;;2024-11-22;EPD-CEM-20240352-CAA1-DE;Institut Bauen und Umwelt e.V. (IBU);;;;;;;Zement, lose Siloware (unverpackt) / 1000 kg;;;;;;;;;;;A1-A3;;;;;;;;;;29.5;0;29.5;2470;0;2470;96.9;1160;829;1.02;0.0727;1.14;;0;0;0;0;0;2.16;678;0.0362;678;0.0376;53.3;0.0000208;0.00437;0.0653;3.3;0.000000909;0.0000127;17;526;0.0000137;0.962;2470;0.000119;40.9;;;;;;;;;;;;;;;;;;;
e80aba74-be7c-450d-a695-b7988977b99d;00.01.000;;ARGUS AIR sensor barriers;;;'EN 15804+A2';;DE;specific dataset;2022;2027;;;2022-02-25;EPD-DOR-20210315-CBA8-EN;Institut Bauen und Umwelt e.V. (IBU);;;;1;pcs.;;1 piece of the product: one (1) dormakaba ARGUS Air Lounge sensor barrier;;;;;;;;;;;A1-A3;;;;;;;;;;8170;509;8680;20700;283;21000;13.2;0;0;19.3;0.0000747;372;1.14;0;0;0;0;0;8.19;1540;-57.6;1590;0.883;9760;0.0000864;1.22;0.00185;13.4;0.0000213;0.0000223;219;8970;0.00000000725;3.5;21000;0.0383;253;;;;;;;;;;;;;;;;;;;
e80aba74-be7c-450d-a695-b7988977b99d;00.01.000;;ARGUS AIR sensor barriers;;;'EN 15804+A2';;DE;specific dataset;2022;2027;;;2022-02-25;EPD-DOR-20210315-CBA8-EN;Institut Bauen und Umwelt e.V. (IBU);;;;1;pcs.;;1 piece of the product: one (1) dormakaba ARGUS Air Lounge sensor barrier;;;;;;;;;;;A4;;;;;;;;;;0.11;0;0.11;35;0;35;0;0;0;0.000198;0.00000000339;0.00358;0.0000376;0;0;0;0;0;0.00247;2.58;0.114;2.47;0.0000587;24.8;0.000000013;0.000785;0.000000528;0.00873;0.000000000466;0.0000000199;0.00537;0.0899;0.00000000000000026;0.00222;35;0.0000000739;0.00483;;;;;;;;;;;;;;;;;;;
e80aba74-be7c-450d-a695-b7988977b99d;00.01.000;;ARGUS AIR sensor barriers;;;'EN 15804+A2';;DE;specific dataset;2022;2027;;;2022-02-25;EPD-DOR-20210315-CBA8-EN;Institut Bauen und Umwelt e.V. (IBU);;;;1;pcs.;;1 piece of the product: one (1) dormakaba ARGUS Air Lounge sensor barrier;;;;;;;;;;;A5;;;;;;;;;;;;;143;-125;18.7;0;0;0;0.169;0.0000000332;2.09;0.00096;0;0;0;93.5;176;0.0129;63;54.5;8.53;0.0012;8.54;0.0000000883;0.00401;0.00000221;0.0555;0.000000000596;0.0000000386;0.141;5.19;0.0000000000000125;0.0108;18.7;0.00000019;7.15;;;;;;;;;;;;;;;;;;;
e80aba74-be7c-450d-a695-b7988977b99d;00.01.000;;ARGUS AIR sensor barriers;;;'EN 15804+A2';;DE;specific dataset;2022;2027;;;2022-02-25;EPD-DOR-20210315-CBA8-EN;Institut Bauen und Umwelt e.V. (IBU);;;;1;pcs.;;1 piece of the product: one (1) dormakaba ARGUS Air Lounge sensor barrier;;;;;;;;;;;B6;;;;;;;;;;17900;0;17900;40400;0;40400;0;0;0;20.7;0.0000167;28.7;6.13;0;0;0;0;0;5.07;2310;7.66;2300;3.33;17300;0.0000426;1.13;0.00614;11.8;0.000000477;0.0000176;1010;12900;0.0000000000505;3.09;40400;0.000665;501;;;;;;;;;;;;;;;;;;;
e80aba74-be7c-450d-a695-b7988977b99d;00.01.000;;ARGUS AIR sensor barriers;;;'EN 15804+A2';;DE;specific dataset;2022;2027;;;2022-02-25;EPD-DOR-20210315-CBA8-EN;Institut Bauen und Umwelt e.V. (IBU);;;;1;pcs.;;1 piece of the product: one (1) dormakaba ARGUS Air Lounge sensor barrier;;;;;;;;;;;C1;;;;;;;;;;0;0;0;0;0;0;0;0;0;0;0;0;0;0;0;0;0;0;0;0;0;0;0;0;0;0;0;0;0;0;0;0;0;0;0;0;0;;;;;;;;;;;;;;;;;;;
e80aba74-be7c-450d-a695-b7988977b99d;00.01.000;;ARGUS AIR sensor barriers;;;'EN 15804+A2';;DE;specific dataset;2022;2027;;;2022-02-25;EPD-DOR-20210315-CBA8-EN;Institut Bauen und Umwelt e.V. (IBU);;;;1;pcs.;;1 piece of the product: one (1) dormakaba ARGUS Air Lounge sensor barrier;;;;;;;;;;;C2;;;;;;;;;;0.0479;0;0.0479;15.2;0;15.2;0;0;0;0.000086;0.00000000148;0.00156;0.0000163;0;0;0;0;0;0.00107;1.12;0.0495;1.07;0.0000255;10.8;0.00000000564;0.000341;0.000000229;0.00379;0.000000000203;0.00000000867;0.00233;0.0391;0.000000000000000113;0.000965;15.2;0.0000000321;0.0021;;;;;;;;;;;;;;;;;;;
e80aba74-be7c-450d-a695-b7988977b99d;00.01.000;;ARGUS AIR sensor barriers;;;'EN 15804+A2';;DE;specific dataset;2022;2027;;;2022-02-25;EPD-DOR-20210315-CBA8-EN;Institut Bauen und Umwelt e.V. (IBU);;;;1;pcs.;;1 piece of the product: one (1) dormakaba ARGUS Air Lounge sensor barrier;;;;;;;;;;;C3;;;;;;;;;;56.9;-55.2;1.7;165;-158;7.05;0;0;0;0.048;0.0000000213;1.24;0.000298;0;160;0;0;0;0.00322;19.7;8.24;11.5;0.000721;2.76;0.0000000318;0.000845;0.00000106;0.0148;0.000000000223;0.0000000191;0.0338;2.07;0.00000000000000673;0.00232;7.05;0.0000000946;2.02;;;;;;;;;;;;;;;;;;;
e80aba74-be7c-450d-a695-b7988977b99d;00.01.000;;ARGUS AIR sensor barriers;;;'EN 15804+A2';;DE;specific dataset;2022;2027;;;2022-02-25;EPD-DOR-20210315-CBA8-EN;Institut Bauen und Umwelt e.V. (IBU);;;;1;pcs.;;1 piece of the product: one (1) dormakaba ARGUS Air Lounge sensor barrier;;;;;;;;;;;C4;;;;;;;;;;2.29;0;2.29;17.5;0;17.5;0;0;0;0.0044;0.000000266;87.8;0.000199;0;0;0;0;0;0.00954;1.34;0.00455;1.33;0.00383;9.97;0.000000118;0.00246;0.00000229;0.027;0.00000000148;0.000000163;0.0204;3.64;0.00000000000000493;0.00744;17.5;0.000000119;0.139;;;;;;;;;;;;;;;;;;;
e80aba74-be7c-450d-a695-b7988977b99d;00.01.000;;ARGUS AIR sensor barriers;;;'EN 15804+A2';;DE;specific dataset;2022;2027;;;2022-02-25;EPD-DOR-20210315-CBA8-EN;Institut Bauen und Umwelt e.V. (IBU);;;;1;pcs.;;1 piece of the product: one (1) dormakaba ARGUS Air Lounge sensor barrier;;;;;;;;;;;D;;;;;;;;;;-5970;0;-5970;-13100;0;-13100;0;0;0;-11;-0.0000119;-229;-1.39;0;0;0;0;0;-3.64;-918;-2.47;-915;-0.264;-5030;-0.0000582;-0.486;-0.000529;-5.28;-0.000000271;0.00000194;-279;-512;-0.00000000669;-1.52;-13100;-0.0207;-65.9;;;;;;;;;;;;;;;;;;;
f3873f8c-384e-431b-89b4-0fcc6bb394f7;00.01.000;;Tufted tiles, Polyamid 6 with a maximum total pile weight 720 g/m2, EcoFlex Statera backing;;;'EN 15804+A2';;;specific dataset;2022;2027;;;2022-09-15;EPD-IVC-20220243-CBB1-EN;Institut Bauen und Umwelt e.V. (IBU);;;;1;qm;;1 m²;;;;;;;;;;;A1-A3;;;;;;;;;;20.2;0.238;20.4;167;64;231;0.106;0;0;0.0324;0.000000057;0.197;0.00452;;;;;;0.0164;10;-0.173;10.2;0.00279;;;0.00463;0.0000166;0.0439;;;;;;0.0158;231;0.0000016;0.451;;;;;;;;;;;;;;;;;;;
f3873f8c-384e-431b-89b4-0fcc6bb394f7;00.01.000;;Tufted tiles, Polyamid 6 with a maximum total pile weight 720 g/m2, EcoFlex Statera backing;;;'EN 15804+A2';;;specific dataset;2022;2027;;;2022-09-15;EPD-IVC-20220243-CBB1-EN;Institut Bauen und Umwelt e.V. (IBU);;;;1;qm;;1 m²;;;;;;;;;;;A4;;;;;;;;;;0.21;0;0.21;3.7;0;3.7;0;0;0;0.000237;0.0000000000177;0.00053;0.00000455;;;;;;0.00164;0.277;0.00352;0.272;0.00154;;;0.000806;0.000000823;0.00892;;;;;;0.00152;3.69;0.0000000231;0.00247;;;;;;;;;;;;;;;;;;;
f3873f8c-384e-431b-89b4-0fcc6bb394f7;00.01.000;;Tufted tiles, Polyamid 6 with a maximum total pile weight 720 g/m2, EcoFlex Statera backing;;;'EN 15804+A2';;;specific dataset;2022;2027;;;2022-09-15;EPD-IVC-20220243-CBB1-EN;Institut Bauen und Umwelt e.V. (IBU);;;;1;qm;;1 m²;;;;;;;;;;;A5;;;;;;;;;;0.877;-0.238;0.639;8.89;-1.72;7.17;0.00318;0;0;0.00174;0.00000000173;0.0468;0.00014;;;;;;0.000684;0.777;0.19;0.586;0.000142;;;0.000227;0.000000553;0.00233;;;;;;0.000683;7.16;0.0000000497;0.046;;;;;;;;;;;;;;;;;;;
f3873f8c-384e-431b-89b4-0fcc6bb394f7;00.01.000;;Tufted tiles, Polyamid 6 with a maximum total pile weight 720 g/m2, EcoFlex Statera backing;;;'EN 15804+A2';;;specific dataset;2022;2027;;;2022-09-15;EPD-IVC-20220243-CBB1-EN;Institut Bauen und Umwelt e.V. (IBU);;;;1;qm;;1 m²;;;;;;;;;;;B1;;;;;;;;;;0;0;0;0;0;0;0;0;0;0;0;0;0;;;;;;0;0;0;0;0;;;0;0;0;;;;;0;0.000418;0;0;0;;;;;;;;;;;;;;;;;;;
f3873f8c-384e-431b-89b4-0fcc6bb394f7;00.01.000;;Tufted tiles, Polyamid 6 with a maximum total pile weight 720 g/m2, EcoFlex Statera backing;;;'EN 15804+A2';;;specific dataset;2022;2027;;;2022-09-15;EPD-IVC-20220243-CBB1-EN;Institut Bauen und Umwelt e.V. (IBU);;;;1;qm;;1 m²;;;;;;;;;;;B2;;;;;;;;;;3.69;0;3.69;5.9;0;5.9;0;0;0;0.00334;0.0000419;0.0073;0.000376;;;;;;0.000832;0.549;0.00416;0.348;0.196;;;0.000197;0.00000519;0.00283;;;;;0.0000000342;0.000983;5.9;0.00000023;0.0999;;;;;;;;;;;;;;;;;;;
f3873f8c-384e-431b-89b4-0fcc6bb394f7;00.01.000;;Tufted tiles, Polyamid 6 with a maximum total pile weight 720 g/m2, EcoFlex Statera backing;;;'EN 15804+A2';;;specific dataset;2022;2027;;;2022-09-15;EPD-IVC-20220243-CBB1-EN;Institut Bauen und Umwelt e.V. (IBU);;;;1;qm;;1 m²;;;;;;;;;;;C1;;;;;;;;;;0;0;0;0;0;0;0;0;0;0;0;0;0;;;;;;0;0;0;0;0;;;0;0;0;;;;;0;0;0;0;0;;;;;;;;;;;;;;;;;;;
f3873f8c-384e-431b-89b4-0fcc6bb394f7;00.01.000;;Tufted tiles, Polyamid 6 with a maximum total pile weight 720 g/m2, EcoFlex Statera backing;;;'EN 15804+A2';;;specific dataset;2022;2027;;;2022-09-15;EPD-IVC-20220243-CBB1-EN;Institut Bauen und Umwelt e.V. (IBU);;;;1;qm;;1 m²;;;;;;;;;;;C2;;;;;;;;;;0.0116;0;0.0116;0.204;0;0.204;0;0;0;0.0000131;0.000000000000976;0.0000292;0.000000251;;;;;;0.0000906;0.0153;0.000194;0.015;0.0000848;;;0.0000445;0.0000000454;0.000492;;;;;;0.0000841;0.203;0.00000000127;0.000136;;;;;;;;;;;;;;;;;;;
f3873f8c-384e-431b-89b4-0fcc6bb394f7;00.01.000;;Tufted tiles, Polyamid 6 with a maximum total pile weight 720 g/m2, EcoFlex Statera backing;;;'EN 15804+A2';;;specific dataset;2022;2027;;;2022-09-15;EPD-IVC-20220243-CBB1-EN;Institut Bauen und Umwelt e.V. (IBU);;;;1;qm;;1 m²;;;;;;;;;;;D;;;;;;;;;;-0.434;0;-0.434;-1.59;0;-1.59;0;0;0;-0.000415;-0.000000000216;-0.000802;-0.000124;;;;;;-0.000123;-0.0942;-0.000477;-0.0937;-0.0000102;;;-0.0000334;-0.000000128;-0.000357;;;;;;-0.0000934;-1.59;-0.0000000141;-0.00979;;;;;;;;;;;;;;;;;;;
f3873f8c-384e-431b-89b4-0fcc6bb394f7;00.01.000;;Tufted tiles, Polyamid 6 with a maximum total pile weight 720 g/m2, EcoFlex Statera backing;;;'EN 15804+A2';;;specific dataset;2022;2027;;;2022-09-15;EPD-IVC-20220243-CBB1-EN;Institut Bauen und Umwelt e.V. (IBU);;;;1;qm;;1 m²;;;;;;;;;;;C3/2;;;;;;;;;;0.551;0;0.551;65.4;-62.3;3.16;0;0;0;0.0165;0.000000000461;1.35;0.000119;;;;;;0.00416;4.89;0.000694;4.89;0.000268;;;0.00199;0.000000947;0.0221;;;;;;0.0051;3.15;0.0000000275;0.695;;;;;;;;;;;;;;;;;;;
f3873f8c-384e-431b-89b4-0fcc6bb394f7;00.01.000;;Tufted tiles, Polyamid 6 with a maximum total pile weight 720 g/m2, EcoFlex Statera backing;;;'EN 15804+A2';;;specific dataset;2022;2027;;;2022-09-15;EPD-IVC-20220243-CBB1-EN;Institut Bauen und Umwelt e.V. (IBU);;;;1;qm;;1 m²;;;;;;;;;;;C3/3;;;;;;;;;;0.812;0;0.812;66.3;-62.3;4.08;0;0;0;0.0167;0.000000000499;1.35;0.000187;;;;;;0.00444;4.95;0.00139;4.95;0.000485;;;0.00211;0.00000113;0.0235;;;;;;0.00535;4.08;0.0000000369;0.701;;;;;;;;;;;;;;;;;;;
f3873f8c-384e-431b-89b4-0fcc6bb394f7;00.01.000;;Tufted tiles, Polyamid 6 with a maximum total pile weight 720 g/m2, EcoFlex Statera backing;;;'EN 15804+A2';;;specific dataset;2022;2027;;;2022-09-15;EPD-IVC-20220243-CBB1-EN;Institut Bauen und Umwelt e.V. (IBU);;;;1;qm;;1 m²;;;;;;;;;;;C4/1;;;;;;;;;;0.372;0;0.372;4.52;0;4.52;0;0;0;0.0000529;0.000000000697;4.48;0.0000555;;;;;;0.000944;0.319;0;0.319;0.000155;;;0.000209;0.0000595;0.00229;;;;;;0.000672;4.52;0.0000000221;-0.00338;;;;;;;;;;;;;;;;;;;
f3873f8c-384e-431b-89b4-0fcc6bb394f7;00.01.000;;Tufted tiles, Polyamid 6 with a maximum total pile weight 720 g/m2, EcoFlex Statera backing;;;'EN 15804+A2';;;specific dataset;2022;2027;;;2022-09-15;EPD-IVC-20220243-CBB1-EN;Institut Bauen und Umwelt e.V. (IBU);;;;1;qm;;1 m²;;;;;;;;;;;D/1;;;;;;;;;;0;0;0;0;0;0;0;0;0;0;0;0;0;;;;;;0;0;0;0;0;;;0;0;0;;;;;0;0;0;0;0;;;;;;;;;;;;;;;;;;;
f3873f8c-384e-431b-89b4-0fcc6bb394f7;00.01.000;;Tufted tiles, Polyamid 6 with a maximum total pile weight 720 g/m2, EcoFlex Statera backing;;;'EN 15804+A2';;;specific dataset;2022;2027;;;2022-09-15;EPD-IVC-20220243-CBB1-EN;Institut Bauen und Umwelt e.V. (IBU);;;;1;qm;;1 m²;;;;;;;;;;;D/2;;;;;;;;;;-5.22;0;-5.22;-19.6;0;-19.6;0;0;0;-0.00499;-0.00000000268;-0.00975;-0.0015;;;;;;-0.00149;-1.16;-0.00578;-1.15;-0.000124;;;-0.000408;-0.00000154;-0.00437;;;;;;-0.00114;-19.6;-0.00000017;-0.118;;;;;;;;;;;;;;;;;;;
f3873f8c-384e-431b-89b4-0fcc6bb394f7;00.01.000;;Tufted tiles, Polyamid 6 with a maximum total pile weight 720 g/m2, EcoFlex Statera backing;;;'EN 15804+A2';;;specific dataset;2022;2027;;;2022-09-15;EPD-IVC-20220243-CBB1-EN;Institut Bauen und Umwelt e.V. (IBU);;;;1;qm;;1 m²;;;;;;;;;;;D/3;;;;;;;;;;-0.433;0;-0.433;-55.1;0;-55.1;1.44;0;0;-0.00481;-0.0000000000992;-0.00115;-0.0000803;;;;;;-0.00103;-0.35;-0.0000188;-0.35;-0.000168;;;-0.000357;-0.000000433;-0.00391;;;;;;-0.00109;-55.1;-0.0000000336;-0.0552;;;;;;;;;;;;;;;;;;;
bd432f49-3903-403f-bb1b-743ba8521e92;00.01.000;;EL 301 Series Sliding Door Operator;;;'EN 15804+A2';;Australia;specific dataset;2022;2027;;;2022-11-29;EPD-DOR-20220260-CBA1-EN;Institut Bauen und Umwelt e.V. (IBU);;;;1;pcs.;;1 piece of the product: EL 301 Series Sliding Door Operator;;;;;;;;;;;A1-A3;;;;;;;;;;2400;29.6;2430;6740;36.3;6780;4.53;0;0;6.03;0.0000151;115;0.361;0;0;0;0;0;2.72;531;-2.7;533;0.385;2450;0.0000289;0.368;0.000718;4.01;0.000000295;0.00000709;68.1;1120;0.00000000374;1.15;6770;0.0235;81.1;;;;;;;;;;;;;;;;;;;
bd432f49-3903-403f-bb1b-743ba8521e92;00.01.000;;EL 301 Series Sliding Door Operator;;;'EN 15804+A2';;Australia;specific dataset;2022;2027;;;2022-11-29;EPD-DOR-20220260-CBA1-EN;Institut Bauen und Umwelt e.V. (IBU);;;;1;pcs.;;1 piece of the product: EL 301 Series Sliding Door Operator;;;;;;;;;;;A4;;;;;;;;;;0.027;0;0.027;8.68;0;8.68;0;0;0;0.000049;0.000000000842;0.000887;0.00000932;0;0;0;0;0;0.000612;0.64;0.028;0.611;0.0000146;6.15;0.00000000322;0.000195;0.000000131;0.002;0.000000000116;0.00000000494;0.001;0.022;0.0000000000000000646;0.000551;8.67;0.0000000183;0.001;;;;;;;;;;;;;;;;;;;
bd432f49-3903-403f-bb1b-743ba8521e92;00.01.000;;EL 301 Series Sliding Door Operator;;;'EN 15804+A2';;Australia;specific dataset;2022;2027;;;2022-11-29;EPD-DOR-20220260-CBA1-EN;Institut Bauen und Umwelt e.V. (IBU);;;;1;pcs.;;1 piece of the product: EL 301 Series Sliding Door Operator;;;;;;;;;;;A5;;;;;;;;;;;;;0.855;-0.215;0.64;0;0;0;0.006;0.000000000957;0.064;0.0000335;0;0;0;3.06;5.56;0.000565;2.02;1.96;0.063;0.0000338;0.303;0.00000000314;0.000204;0.0000000718;0.003;0.0000000000161;0.000000000709;0.005;0.17;0.000000000000000368;0.00054;0.64;0.0000000058;0.25;;;;;;;;;;;;;;;;;;;
bd432f49-3903-403f-bb1b-743ba8521e92;00.01.000;;EL 301 Series Sliding Door Operator;;;'EN 15804+A2';;Australia;specific dataset;2022;2027;;;2022-11-29;EPD-DOR-20220260-CBA1-EN;Institut Bauen und Umwelt e.V. (IBU);;;;1;pcs.;;1 piece of the product: EL 301 Series Sliding Door Operator;;;;;;;;;;;B6;;;;;;;;;;1590;0;1590;10400;0;10400;0;0;0;5.01;0.00000169;2.69;0.002;0;0;0;0;0;4.52;942;0.846;941;0.225;1430;0.000046;0.967;0.000438;10.6;0.000000084;0.00000309;0.253;975;0.0000000000043;2.69;10400;0.0000631;357;;;;;;;;;;;;;;;;;;;
bd432f49-3903-403f-bb1b-743ba8521e92;00.01.000;;EL 301 Series Sliding Door Operator;;;'EN 15804+A2';;Australia;specific dataset;2022;2027;;;2022-11-29;EPD-DOR-20220260-CBA1-EN;Institut Bauen und Umwelt e.V. (IBU);;;;1;pcs.;;1 piece of the product: EL 301 Series Sliding Door Operator;;;;;;;;;;;C1;;;;;;;;;;0;0;0;0;0;0;0;0;0;0;0;0;0;0;0;0;0;0;0;0;0;0;0;0;0;0;0;0;0;0;0;0;0;0;0;0;0;;;;;;;;;;;;;;;;;;;
bd432f49-3903-403f-bb1b-743ba8521e92;00.01.000;;EL 301 Series Sliding Door Operator;;;'EN 15804+A2';;Australia;specific dataset;2022;2027;;;2022-11-29;EPD-DOR-20220260-CBA1-EN;Institut Bauen und Umwelt e.V. (IBU);;;;1;pcs.;;1 piece of the product: EL 301 Series Sliding Door Operator;;;;;;;;;;;C2;;;;;;;;;;0.013;0;0.013;4.22;0;4.22;0;0;0;0.0000239;0.00000000041;0.000432;0.00000453;0;0;0;0;0;0.000298;0.311;0.014;0.298;0.00000708;2.99;0.00000000157;0.0000948;0.0000000637;0.001;0.0000000000563;0.00000000241;0.000648;0.011;0.0000000000000000314;0.000268;4.22;0.00000000893;0.000583;;;;;;;;;;;;;;;;;;;
bd432f49-3903-403f-bb1b-743ba8521e92;00.01.000;;EL 301 Series Sliding Door Operator;;;'EN 15804+A2';;Australia;specific dataset;2022;2027;;;2022-11-29;EPD-DOR-20220260-CBA1-EN;Institut Bauen und Umwelt e.V. (IBU);;;;1;pcs.;;1 piece of the product: EL 301 Series Sliding Door Operator;;;;;;;;;;;C3;;;;;;;;;;;;;37.8;-36.1;1.65;0;0;0;0.01;0.0000000058;0.34;0.0000646;0;61.1;0;0;0;0.000691;4.3;1.07;3.23;0.000189;0.631;0.00000000797;0.00016;0.000000272;0.003;0.000000000055;0.00000000512;0.006;0.492;0.00000000000000171;0.000444;1.65;0.0000000237;0.428;;;;;;;;;;;;;;;;;;;
bd432f49-3903-403f-bb1b-743ba8521e92;00.01.000;;EL 301 Series Sliding Door Operator;;;'EN 15804+A2';;Australia;specific dataset;2022;2027;;;2022-11-29;EPD-DOR-20220260-CBA1-EN;Institut Bauen und Umwelt e.V. (IBU);;;;1;pcs.;;1 piece of the product: EL 301 Series Sliding Door Operator;;;;;;;;;;;C4;;;;;;;;;;0.224;0;0.224;1.71;0;1.71;0;0;0;0.00043;0.000000026;8.58;0.0000194;0;0;0;0;0;0.000933;0.131;0.000444;0.13;0.000374;0.975;0.0000000116;0.00024;0.000000223;0.003;0.000000000145;0.0000000159;0.002;0.356;0.000000000000000482;0.000727;1.71;0.0000000117;0.014;;;;;;;;;;;;;;;;;;;
bd432f49-3903-403f-bb1b-743ba8521e92;00.01.000;;EL 301 Series Sliding Door Operator;;;'EN 15804+A2';;Australia;specific dataset;2022;2027;;;2022-11-29;EPD-DOR-20220260-CBA1-EN;Institut Bauen und Umwelt e.V. (IBU);;;;1;pcs.;;1 piece of the product: EL 301 Series Sliding Door Operator;;;;;;;;;;;D;;;;;;;;;;-1760;0;-1760;-3880;0;-3880;0;0;0;-3.16;-0.0000213;-69;-0.42;0;0;0;0;0;-1.22;-278;-0.852;-277;-0.041;-1410;-0.0000178;-0.146;-0.000139;-1.58;-0.000000061;-0.00000192;-84.5;-119;-0.00000000207;-0.471;-3880;-0.012;-14.2;;;;;;;;;;;;;;;;;;;
3663130f-9675-49e6-8cdd-03bac854f088;00.01.000;;blaugelb sill connection profile EPS;;;'EN 15804+A2';;EU-27;specific dataset;2023;2028;;;2023-04-14;EPD-MEN-20230043-IBE1-DE;Institut Bauen und Umwelt e.V. (IBU);;;;1;m3;;1 m³ blaugelb Bankanschlussprofil EPS;;;;;;;;;;;A1-A3;;;;;;;;;;570;16.3;586;11100;6910;18000;0.169;0;0;1.7;0.00000218;15.5;0.0826;0;0;0;0;0;0.963;673;10.2;663;0.135;;;0.322;0.0115;3.07;;;;;0.00000000557;6.11;17800;0.0000687;20.3;;;;;;;;;;;;;;;;;;;
3663130f-9675-49e6-8cdd-03bac854f088;00.01.000;;blaugelb sill connection profile EPS;;;'EN 15804+A2';;EU-27;specific dataset;2023;2028;;;2023-04-14;EPD-MEN-20230043-IBE1-DE;Institut Bauen und Umwelt e.V. (IBU);;;;1;m3;;1 m³ blaugelb Bankanschlussprofil EPS;;;;;;;;;;;C1;;;;;;;;;;0;0;0;0;0;0;0;0;0;0;0;0;0;0;0;0;0;0;0;0;0;0;0;;;0;0;0;;;;;0;0;0;0;0;;;;;;;;;;;;;;;;;;;
3663130f-9675-49e6-8cdd-03bac854f088;00.01.000;;blaugelb sill connection profile EPS;;;'EN 15804+A2';;EU-27;specific dataset;2023;2028;;;2023-04-14;EPD-MEN-20230043-IBE1-DE;Institut Bauen und Umwelt e.V. (IBU);;;;1;m3;;1 m³ blaugelb Bankanschlussprofil EPS;;;;;;;;;;;C4;;;;;;;;;;0;0;0;0;0;0;0;0;0;0;0;0;0;0;0;0;0;0;0;0;0;0;0;;;0;0;0;;;;;0;0;0;0;0;;;;;;;;;;;;;;;;;;;
3663130f-9675-49e6-8cdd-03bac854f088;00.01.000;;blaugelb sill connection profile EPS;;;'EN 15804+A2';;EU-27;specific dataset;2023;2028;;;2023-04-14;EPD-MEN-20230043-IBE1-DE;Institut Bauen und Umwelt e.V. (IBU);;;;1;m3;;1 m³ blaugelb Bankanschlussprofil EPS;;;;;;;;;;;C2/1;;;;;;;;;;0.819;0;0.819;11.9;0;11.9;0;0;0;0.000946;0.0000000000628;0.00193;0.000022;0;0;0;0;0;0.00301;0.909;0;0.903;0.00607;;;0.00138;0.00000322;0.0154;;;;;0.0000000000000884;0.0027;11.8;0.0000000908;0.0101;;;;;;;;;;;;;;;;;;;
3663130f-9675-49e6-8cdd-03bac854f088;00.01.000;;blaugelb sill connection profile EPS;;;'EN 15804+A2';;EU-27;specific dataset;2023;2028;;;2023-04-14;EPD-MEN-20230043-IBE1-DE;Institut Bauen und Umwelt e.V. (IBU);;;;1;m3;;1 m³ blaugelb Bankanschlussprofil EPS;;;;;;;;;;;C2/2;;;;;;;;;;0.41;0;0.41;5.93;0;5.93;0;0;0;0.000473;0.0000000000314;0.000967;0.000011;0;0;0;0;0;0.0015;0.454;0;0.451;0.00303;;;0.000688;0.00000161;0.00771;;;;;0.0000000000000442;0.00135;5.91;0.0000000454;0.00504;;;;;;;;;;;;;;;;;;;
3663130f-9675-49e6-8cdd-03bac854f088;00.01.000;;blaugelb sill connection profile EPS;;;'EN 15804+A2';;EU-27;specific dataset;2023;2028;;;2023-04-14;EPD-MEN-20230043-IBE1-DE;Institut Bauen und Umwelt e.V. (IBU);;;;1;m3;;1 m³ blaugelb Bankanschlussprofil EPS;;;;;;;;;;;C3/1;;;;;;;;;;111;0;111;7100;-6900;201;0;0;0;0.106;0.0000000174;0.151;0.0321;0;150;0;0;0;0.0243;11.2;0.0996;11.1;0.00234;;;0.00545;0.0000323;0.0572;;;;;0.000000000162;0.0147;201;0.00000301;2.52;;;;;;;;;;;;;;;;;;;
3663130f-9675-49e6-8cdd-03bac854f088;00.01.000;;blaugelb sill connection profile EPS;;;'EN 15804+A2';;EU-27;specific dataset;2023;2028;;;2023-04-14;EPD-MEN-20230043-IBE1-DE;Institut Bauen und Umwelt e.V. (IBU);;;;1;m3;;1 m³ blaugelb Bankanschlussprofil EPS;;;;;;;;;;;C3/2;;;;;;;;;;12.9;0;12.9;;;;0;0;0;0.961;0.00000000515;1.83;0.00331;0;0;0;909;1620;0.0443;506;0.0151;506;0.000492;;;0.00965;0.00000468;0.208;;;;;0.0000000000201;0.0285;54.7;0.000000486;41;;;;;;;;;;;;;;;;;;;
3663130f-9675-49e6-8cdd-03bac854f088;00.01.000;;blaugelb sill connection profile EPS;;;'EN 15804+A2';;EU-27;specific dataset;2023;2028;;;2023-04-14;EPD-MEN-20230043-IBE1-DE;Institut Bauen und Umwelt e.V. (IBU);;;;1;m3;;1 m³ blaugelb Bankanschlussprofil EPS;;;;;;;;;;;D/1;;;;;;;;;;-287;0;-287;-12300;0;-12300;169;0;0;-1.92;-0.000000801;-2.9;-0.0457;0;0;0;0;0;-0.544;-389;-1.93;-387;-0.0373;;;-0.149;-0.000467;-1.61;;;;;-0.000000000513;-0.566;-12300;-0.0000452;-41;;;;;;;;;;;;;;;;;;;
3663130f-9675-49e6-8cdd-03bac854f088;00.01.000;;blaugelb sill connection profile EPS;;;'EN 15804+A2';;EU-27;specific dataset;2023;2028;;;2023-04-14;EPD-MEN-20230043-IBE1-DE;Institut Bauen und Umwelt e.V. (IBU);;;;1;m3;;1 m³ blaugelb Bankanschlussprofil EPS;;;;;;;;;;;D/2;;;;;;;;;;-944;0;-944;-3420;0;-3420;0;0;0;-0.908;-0.000000463;-1.73;-0.271;0;0;0;0;0;-0.265;-202;-1.03;-201;-0.0222;;;-0.0719;-0.000278;-0.77;;;;;-0.00000000137;-0.201;-3420;-0.0000305;-21.5;;;;;;;;;;;;;;;;;;;
55ef3fdf-780f-431a-a39d-cdedf5f6bec9;00.01.000;;FOAMGLAS® T3+;;;'EN 15804+A2';;BE/CZ;specific dataset;2021;2026;;;2021-03-15;EPD-PCE-20200300-IBB2-EN;Institut Bauen und Umwelt e.V. (IBU);;;;1;kg;;1 kg uncoated cellular glass insulation material;;;;;;;;;;;A1-A3;;;;;;;;;;13.3;0.6;13.9;22.1;0.89;23;0.56;0;0;0.0394;0.0000000496;0.0412;0.000109;0;0;0;0;0;0.00477;1.45;-0.0472;1.5;0.000848;37.8;0.0000000481;0.00179;0.0000273;0.0189;0.000000000862;0.0000000363;0.0151;17.1;0.000000000000101;0.00413;23;0.000000238;0.123;;;;;;;;;;;;;;;;;;;
55ef3fdf-780f-431a-a39d-cdedf5f6bec9;00.01.000;;FOAMGLAS® T3+;;;'EN 15804+A2';;BE/CZ;specific dataset;2021;2026;;;2021-03-15;EPD-PCE-20200300-IBB2-EN;Institut Bauen und Umwelt e.V. (IBU);;;;1;kg;;1 kg uncoated cellular glass insulation material;;;;;;;;;;;A4;;;;;;;;;;0.021;0;0.021;0.375;0;0.375;0;0;0;0.0000244;0.0000000174;0.0000574;0.000000464;0;0;0;0;0;0.0000295;0.0296;0.00133;0.028;0.000228;0.265;0.000000000173;0.00000874;0.0000000855;0.000105;0.00000000000554;0.000000000287;0.0000671;0.131;0.00000000000000000338;0.000024;0.374;0.00000000202;0.000251;;;;;;;;;;;;;;;;;;;
55ef3fdf-780f-431a-a39d-cdedf5f6bec9;00.01.000;;FOAMGLAS® T3+;;;'EN 15804+A2';;BE/CZ;specific dataset;2021;2026;;;2021-03-15;EPD-PCE-20200300-IBB2-EN;Institut Bauen und Umwelt e.V. (IBU);;;;1;kg;;1 kg uncoated cellular glass insulation material;;;;;;;;;;;A5;;;;;;;;;;0.61;-0.6;0.01;0.932;-0.89;0.042;0;0;0;0.000306;0.000000000114;0.00669;0.00000185;0;0;0.0609;0.202;0.415;0.0000214;0.123;0.0653;0.0579;0.00000394;0.0168;0.000000000188;0.00000607;0.00000000599;0.0000984;0.00000000000129;0.000000000103;0.000225;0.0122;0.0000000000000000375;0.0000165;0.0419;0.000000000533;0.0129;;;;;;;;;;;;;;;;;;;
55ef3fdf-780f-431a-a39d-cdedf5f6bec9;00.01.000;;FOAMGLAS® T3+;;;'EN 15804+A2';;BE/CZ;specific dataset;2021;2026;;;2021-03-15;EPD-PCE-20200300-IBB2-EN;Institut Bauen und Umwelt e.V. (IBU);;;;1;kg;;1 kg uncoated cellular glass insulation material;;;;;;;;;;;C1;;;;;;;;;;0.000461;0;0.000461;0.00821;0;0.00821;0;0;0;0.000000534;0.000000000382;0.00000126;0.0000000102;0;0;0;0;0;0.00000309;0.000647;0.00000193;0.00064;0.00000499;0.0058;0.0000000000347;0.00000144;0.00000000187;0.0000159;0.000000000000121;0.00000000000728;0.00000147;0.00288;0.0000000000000000000741;0.00000403;0.0082;0.0000000000442;0.00000551;;;;;;;;;;;;;;;;;;;
55ef3fdf-780f-431a-a39d-cdedf5f6bec9;00.01.000;;FOAMGLAS® T3+;;;'EN 15804+A2';;BE/CZ;specific dataset;2021;2026;;;2021-03-15;EPD-PCE-20200300-IBB2-EN;Institut Bauen und Umwelt e.V. (IBU);;;;1;kg;;1 kg uncoated cellular glass insulation material;;;;;;;;;;;C2;;;;;;;;;;0.00167;0;0.00167;0.0298;0;0.0298;0;0;0;0.00000194;0.00000000139;0.00000456;0.0000000368;0;0;0;0;0;0.00000717;0.00235;0.000106;0.00223;0.0000181;0.021;0.0000000000392;0.00000323;0.00000000679;0.0000361;0.00000000000044;0.0000000000258;0.00000533;0.0104;0.000000000000000000268;0.00000633;0.0297;0.00000000016;0.00002;;;;;;;;;;;;;;;;;;;
55ef3fdf-780f-431a-a39d-cdedf5f6bec9;00.01.000;;FOAMGLAS® T3+;;;'EN 15804+A2';;BE/CZ;specific dataset;2021;2026;;;2021-03-15;EPD-PCE-20200300-IBB2-EN;Institut Bauen und Umwelt e.V. (IBU);;;;1;kg;;1 kg uncoated cellular glass insulation material;;;;;;;;;;;D;;;;;;;;;;-0.177;0;-0.177;-0.866;0;-0.866;0;0;0;-0.000205;-0.000000000344;-0.000386;-0.0000603;0;0;0;0;0;-0.0000691;-0.0513;-0.000117;-0.0512;-0.0000335;-0.175;-0.000000000588;-0.0000181;-0.0000000616;-0.000195;-0.00000000000796;-0.000000000296;-0.00989;-0.127;-0.000000000000000498;-0.0000523;-0.866;-0.000000008;-0.00494;;;;;;;;;;;;;;;;;;;
55ef3fdf-780f-431a-a39d-cdedf5f6bec9;00.01.000;;FOAMGLAS® T3+;;;'EN 15804+A2';;BE/CZ;specific dataset;2021;2026;;;2021-03-15;EPD-PCE-20200300-IBB2-EN;Institut Bauen und Umwelt e.V. (IBU);;;;1;kg;;1 kg uncoated cellular glass insulation material;;;;;;;;;;;C3/2;;;;;;;;;;0;0;0;0;0;0;0;0;0;0;0;0;0;1;0;0;0;0;0;0;0;0;0;0;0;0;0;0;0;0;0;0;0;0;0;0;0;;;;;;;;;;;;;;;;;;;
55ef3fdf-780f-431a-a39d-cdedf5f6bec9;00.01.000;;FOAMGLAS® T3+;;;'EN 15804+A2';;BE/CZ;specific dataset;2021;2026;;;2021-03-15;EPD-PCE-20200300-IBB2-EN;Institut Bauen und Umwelt e.V. (IBU);;;;1;kg;;1 kg uncoated cellular glass insulation material;;;;;;;;;;;C3/3;;;;;;;;;;0.015;0;0.015;0.034;0;0.034;0;0;0;0.0000174;0.0000000000141;0.0000241;0.00000515;0;0.44;0;0;0;0.00000426;0.00195;0.000017;0.00193;0.0000028;0.0145;0.0000000000358;0.000000947;0.00000000516;0.00000995;0.000000000000401;0.0000000000148;0.000845;0.0108;0.0000000000000000425;0.00000259;0.0339;0.000000000559;0.000421;;;;;;;;;;;;;;;;;;;
55ef3fdf-780f-431a-a39d-cdedf5f6bec9;00.01.000;;FOAMGLAS® T3+;;;'EN 15804+A2';;BE/CZ;specific dataset;2021;2026;;;2021-03-15;EPD-PCE-20200300-IBB2-EN;Institut Bauen und Umwelt e.V. (IBU);;;;1;kg;;1 kg uncoated cellular glass insulation material;;;;;;;;;;;C4/1;;;;;;;;;;0.0261;0;0.0261;0.199;0;0.199;0;0;0;0.0000502;0.00000000303;1;0.00000226;0;0;0;0;0;0.000109;0.0153;0.0000486;0.0152;0.0000437;0.114;0.00000000135;0.000028;0.000000026;0.000308;0.0000000000168;0.00000000186;0.000232;0.0415;0.0000000000000000562;0.0000848;0.199;0.00000000136;0.00159;;;;;;;;;;;;;;;;;;;
55ef3fdf-780f-431a-a39d-cdedf5f6bec9;00.01.000;;FOAMGLAS® T3+;;;'EN 15804+A2';;BE/CZ;specific dataset;2021;2026;;;2021-03-15;EPD-PCE-20200300-IBB2-EN;Institut Bauen und Umwelt e.V. (IBU);;;;1;kg;;1 kg uncoated cellular glass insulation material;;;;;;;;;;;D/2;;;;;;;;;;-13.3;-0.6;-13.9;-22.1;-0.89;-23;0;0;0;-0.0394;-0.0000000496;-0.0412;-0.000109;0;0;0;0;0;-0.00477;-1.45;0.0472;-1.5;-0.000848;-37.8;-0.0000000481;-0.00179;-0.0000273;-0.0189;-0.000000000862;-0.0000000363;-0.0151;-17.1;-0.000000000000101;-0.00413;-23;-0.000000238;-0.123;;;;;;;;;;;;;;;;;;;
55ef3fdf-780f-431a-a39d-cdedf5f6bec9;00.01.000;;FOAMGLAS® T3+;;;'EN 15804+A2';;BE/CZ;specific dataset;2021;2026;;;2021-03-15;EPD-PCE-20200300-IBB2-EN;Institut Bauen und Umwelt e.V. (IBU);;;;1;kg;;1 kg uncoated cellular glass insulation material;;;;;;;;;;;D/3;;;;;;;;;;-0.0955;0;-0.0955;-2.35;0;-2.35;0;0;0;-0.000112;-0.00000000198;-0.000623;-0.0000314;0;0;0;0;0;-0.000132;-0.143;-0.000225;-0.143;-0.0000343;-0.129;-0.0000000071;-0.0000475;-0.0000000523;-0.000523;-0.0000000000176;-0.000000000673;-0.00513;-0.0761;-0.000000000000000261;-0.000144;-2.35;-0.0000000101;-0.00265;;;;;;;;;;;;;;;;;;;
f88a9470-743d-4630-8737-1e0b5a21e12a;00.01.000;;BEST 1C Series;;;'EN 15804+A2';;US;specific dataset;2022;2027;;;2022-05-04;EPD-DOR-20210304-CBA8-EN;Institut Bauen und Umwelt e.V. (IBU);;;;1;core;;1 core (1 piece) of the BEST 1C Series;;;;;;;;;;;A1-A3;;;;;;;;;;0.852;0.013;0.865;4.74;0;4.74;0.045;0;0;0.00244;0.00000000406;0.015;0.000414;0;0;0;0.017;0.031;0.000926;0.31;0.00905;0.3;0.000159;1.78;0.00000000766;0.000128;0.000000252;0.00138;0.00000000019;0.00000000295;0.038;0.9;0.0000000000000135;0.000383;4.74;0.0000204;0.069;;;;;;;;;;;;;;;;;;;
f88a9470-743d-4630-8737-1e0b5a21e12a;00.01.000;;BEST 1C Series;;;'EN 15804+A2';;US;specific dataset;2022;2027;;;2022-05-04;EPD-DOR-20210304-CBA8-EN;Institut Bauen und Umwelt e.V. (IBU);;;;1;core;;1 core (1 piece) of the BEST 1C Series;;;;;;;;;;;A4;;;;;;;;;;0.00031;0;0.00031;0.098;0;0.098;0;0;0;0.000000558;0.0000000000095;0.00000999;0.000000106;0;0;0;0;0;0.0000597;0.007;0.000262;0.007;0.000000164;0.069;0.000000000954;0.0000161;0.00000000154;0.000176;0.0000000000013;0.0000000000568;0.0000151;0.000253;0.000000000000000000733;0.000045;0.098;0.000000000207;0.0000137;;;;;;;;;;;;;;;;;;;
f88a9470-743d-4630-8737-1e0b5a21e12a;00.01.000;;BEST 1C Series;;;'EN 15804+A2';;US;specific dataset;2022;2027;;;2022-05-04;EPD-DOR-20210304-CBA8-EN;Institut Bauen und Umwelt e.V. (IBU);;;;1;core;;1 core (1 piece) of the BEST 1C Series;;;;;;;;;;;A5;;;;;;;;;;;;;0.000493;0;0.000493;0;0;0;0.00000455;0.000000000000726;0.0000489;0.0000000259;0;0;0;0.002;0.004;0.000000437;0.002;0.002;0.0000391;0.0000000257;0.000234;0.00000000000242;0.000000158;0.000000000055;0.00000197;0.0000000000000124;0.000000000000536;0.00000401;0.000131;0.000000000000000000281;0.000000418;0.000492;0.00000000000444;0.000193;;;;;;;;;;;;;;;;;;;
f88a9470-743d-4630-8737-1e0b5a21e12a;00.01.000;;BEST 1C Series;;;'EN 15804+A2';;US;specific dataset;2022;2027;;;2022-05-04;EPD-DOR-20210304-CBA8-EN;Institut Bauen und Umwelt e.V. (IBU);;;;1;core;;1 core (1 piece) of the BEST 1C Series;;;;;;;;;;;C1;;;;;;;;;;0;0;0;0;0;0;0;0;0;0;0;0;0;0;0;0;0;0;0;0;0;0;0;0;0;0;0;0;0;0;0;0;0;0;0;0;0;;;;;;;;;;;;;;;;;;;
f88a9470-743d-4630-8737-1e0b5a21e12a;00.01.000;;BEST 1C Series;;;'EN 15804+A2';;US;specific dataset;2022;2027;;;2022-05-04;EPD-DOR-20210304-CBA8-EN;Institut Bauen und Umwelt e.V. (IBU);;;;1;core;;1 core (1 piece) of the BEST 1C Series;;;;;;;;;;;C2;;;;;;;;;;0.00000819;0;0.00000819;0.003;0;0.003;0;0;0;0.0000000147;0.000000000000252;0.000000266;0.00000000279;0;0;0;0;0;0.000000183;0.000192;0.00000846;0.000183;0.00000000436;0.002;0.000000000000963;0.0000000583;0.0000000000392;0.000000648;0.0000000000000346;0.00000000000148;0.000000399;0.00000667;0.0000000000000000000193;0.000000165;0.003;0.00000000000549;0.000000359;;;;;;;;;;;;;;;;;;;
f88a9470-743d-4630-8737-1e0b5a21e12a;00.01.000;;BEST 1C Series;;;'EN 15804+A2';;US;specific dataset;2022;2027;;;2022-05-04;EPD-DOR-20210304-CBA8-EN;Institut Bauen und Umwelt e.V. (IBU);;;;1;core;;1 core (1 piece) of the BEST 1C Series;;;;;;;;;;;C3;;;;;;;;;;0;0;0;0;0;0;0;0;0;0;0;0;0;0;0.044;0;0;0;0;0;0;0;0;0;0;0;0;0;0;0;0;0;0;0;0;0;0;;;;;;;;;;;;;;;;;;;
f88a9470-743d-4630-8737-1e0b5a21e12a;00.01.000;;BEST 1C Series;;;'EN 15804+A2';;US;specific dataset;2022;2027;;;2022-05-04;EPD-DOR-20210304-CBA8-EN;Institut Bauen und Umwelt e.V. (IBU);;;;1;core;;1 core (1 piece) of the BEST 1C Series;;;;;;;;;;;C4;;;;;;;;;;0;0;0;0;0;0;0;0;0;0;0;0;0;0;0;0;0;0;0;0;0;0;0;0;0;0;0;0;0;0;0;0;0;0;0;0;0;;;;;;;;;;;;;;;;;;;
f88a9470-743d-4630-8737-1e0b5a21e12a;00.01.000;;BEST 1C Series;;;'EN 15804+A2';;US;specific dataset;2022;2027;;;2022-05-04;EPD-DOR-20210304-CBA8-EN;Institut Bauen und Umwelt e.V. (IBU);;;;1;core;;1 core (1 piece) of the BEST 1C Series;;;;;;;;;;;D;;;;;;;;;;0.007;0;0.007;0.025;0;0.025;0;0;0;0.00000698;0.00000000028;0.000101;0.0000011;0;0;0;0;0;0.0000424;0.002;-0.00000356;0.002;0.00000303;0.041;0.000000000309;0.00000241;0.00000000854;0.0000262;0.000000000000709;0.000000000217;-0.0000856;0.023;0.00000000000000000635;0.00000855;0.024;0.00000443;0.001;;;;;;;;;;;;;;;;;;;
df9ee748-0a58-460e-99cd-ea2fce000ccf;00.01.000;;Coating powder IGP-DURA@xal 4201 - Coating powder for metal surfaces;;;'EN 15804+A2';;Schweiz;specific dataset;2022;2027;;;2022-09-27;EPD-IGP-20220253-IAC2-DE;Institut Bauen und Umwelt e.V. (IBU);;;;1;kg;;1 kg;;;;;;;;;;;A1-A3;;;;;;;;;;8.75;1.31;10.1;64.6;20.4;84.9;0;0;0;0.0221;0.0000000291;0.0936;0.00111;0;0;0;0;0;0.00925;4.34;0.0478;4.29;0.00249;63.9;0.000000105;0.00269;0.0000126;0.0292;0.00000000113;0.000000119;0.156;14.6;0.000000000000837;0.0108;84.9;0.000000533;0.357;;;;;;;;;;;;;;;;;;;
df9ee748-0a58-460e-99cd-ea2fce000ccf;00.01.000;;Coating powder IGP-DURA@xal 4201 - Coating powder for metal surfaces;;;'EN 15804+A2';;Schweiz;specific dataset;2022;2027;;;2022-09-27;EPD-IGP-20220253-IAC2-DE;Institut Bauen und Umwelt e.V. (IBU);;;;1;kg;;1 kg;;;;;;;;;;;C1;;;;;;;;;;0;0;0;0;0;0;0;0;0;0;0;0;0;0;0;0;0;0;0;0;0;0;0;0;0;0;0;0;0;0;0;0;0;0;0;0;0;;;;;;;;;;;;;;;;;;;
df9ee748-0a58-460e-99cd-ea2fce000ccf;00.01.000;;Coating powder IGP-DURA@xal 4201 - Coating powder for metal surfaces;;;'EN 15804+A2';;Schweiz;specific dataset;2022;2027;;;2022-09-27;EPD-IGP-20220253-IAC2-DE;Institut Bauen und Umwelt e.V. (IBU);;;;1;kg;;1 kg;;;;;;;;;;;C2;;;;;;;;;;0.0123;0;0.0123;0.221;0;0.221;0;0;0;0.0000141;0.0000000000111;0.0000329;0.000000268;0;0;0;0;0;0.0000569;0.0175;0.00078;0.0166;0.000136;0.16;0.000000000313;0.0000265;0.0000000493;0.000295;0.00000000000322;0.000000000193;0.0000383;0.0759;0.00000000000000000212;0.0000514;0.221;0.00000000126;0.000144;;;;;;;;;;;;;;;;;;;
df9ee748-0a58-460e-99cd-ea2fce000ccf;00.01.000;;Coating powder IGP-DURA@xal 4201 - Coating powder for metal surfaces;;;'EN 15804+A2';;Schweiz;specific dataset;2022;2027;;;2022-09-27;EPD-IGP-20220253-IAC2-DE;Institut Bauen und Umwelt e.V. (IBU);;;;1;kg;;1 kg;;;;;;;;;;;C3;;;;;;;;;;0;0;0;0;0;0;0;0;0;0;0;0;0;0;0;0;0;0;0;0;0;0;0;0;0;0;0;0;0;0;0;0;0;0;0;0;0;;;;;;;;;;;;;;;;;;;
df9ee748-0a58-460e-99cd-ea2fce000ccf;00.01.000;;Coating powder IGP-DURA@xal 4201 - Coating powder for metal surfaces;;;'EN 15804+A2';;Schweiz;specific dataset;2022;2027;;;2022-09-27;EPD-IGP-20220253-IAC2-DE;Institut Bauen und Umwelt e.V. (IBU);;;;1;kg;;1 kg;;;;;;;;;;;C4;;;;;;;;;;0.332;0;0.332;21.2;-20;1.18;0;0;0;0.00621;0.000000000253;0.264;0.0000402;0;0;0;0;0;0.000439;2.54;0.000295;2.54;0.000155;0.429;0.00000000562;0.0000988;0.000000196;0.00203;0.0000000000387;0.00000000389;0.00372;0.343;0.00000000000000135;0.000275;1.18;0.0000000184;0.26;;;;;;;;;;;;;;;;;;;
df9ee748-0a58-460e-99cd-ea2fce000ccf;00.01.000;;Coating powder IGP-DURA@xal 4201 - Coating powder for metal surfaces;;;'EN 15804+A2';;Schweiz;specific dataset;2022;2027;;;2022-09-27;EPD-IGP-20220253-IAC2-DE;Institut Bauen und Umwelt e.V. (IBU);;;;1;kg;;1 kg;;;;;;;;;;;D;;;;;;;;;;0;0;0;0;0;0;0;0;0;0;0;0;0;0;0;0;0;0;0;0;0;0;0;0;0;0;0;0;0;0;0;0;0;0;0;0;0;;;;;;;;;;;;;;;;;;;
525d42c1-879d-45b5-8e92-7351ad101653;00.01.000;;Concrete C30/37, Type number 988899192;;;'EN 15804+A2';;DE;specific dataset;2023;2028;;;2023-12-04;EPD-SPE-20230527-IBA1-DE;Institut Bauen und Umwelt e.V. (IBU);;;;1;m3;;1 m3 unbewehrter Konstruktionsbeton (C 30/37);;;;;;;;;;;A1-A3;;;;;;;;;;144.8;0.4;145.2;1250;18.5;1270;828;68.4;168;0.79;0.000373;24.9;0.8;0;0;0;0;0;0.4;175.3;0.59;174.5;0.16;;;0.11;0.0177;1.36;;;;;0.00000288;0.34;1270;0.0000338;29.8;;;;;;;;;;;;;;;;;;;
525d42c1-879d-45b5-8e92-7351ad101653;00.01.000;;Concrete C30/37, Type number 988899192;;;'EN 15804+A2';;DE;specific dataset;2023;2028;;;2023-12-04;EPD-SPE-20230527-IBA1-DE;Institut Bauen und Umwelt e.V. (IBU);;;;1;m3;;1 m3 unbewehrter Konstruktionsbeton (C 30/37);;;;;;;;;;;C1;;;;;;;;;;2.76;0;2.76;41.9;0;41.9;0;0;0;0.04;0.000000000183;0.00682;0.0000527;0;0;0;0;0;0.0156;3.32;0.0115;3.3;0.0122;;0.000000178;0.0742;0.0000063;0.082;;;0.00535;;0.000000000000647;0.0208;41.9;0.000000317;0.0153;;;;;;;;;;;;;;;;;;;
525d42c1-879d-45b5-8e92-7351ad101653;00.01.000;;Concrete C30/37, Type number 988899192;;;'EN 15804+A2';;DE;specific dataset;2023;2028;;;2023-12-04;EPD-SPE-20230527-IBA1-DE;Institut Bauen und Umwelt e.V. (IBU);;;;1;m3;;1 m3 unbewehrter Konstruktionsbeton (C 30/37);;;;;;;;;;;C2;;;;;;;;;;8.9;0;8.9;135;0;135;0;0;0;0.14;0.000000000591;0.022;0.00017;0;0;0;0;0;0.0357;10.3;0.0371;10.3;0.0393;;0.000000213;0.0169;0.0000203;0.188;;;0.0173;;0.00000000000209;0.0355;135;0.00000102;0.0438;;;;;;;;;;;;;;;;;;;
525d42c1-879d-45b5-8e92-7351ad101653;00.01.000;;Concrete C30/37, Type number 988899192;;;'EN 15804+A2';;DE;specific dataset;2023;2028;;;2023-12-04;EPD-SPE-20230527-IBA1-DE;Institut Bauen und Umwelt e.V. (IBU);;;;1;m3;;1 m3 unbewehrter Konstruktionsbeton (C 30/37);;;;;;;;;;;C3;;;;;;;;;;3.64;0;3.64;87.1;0;87.1;0;0;0;0.04;0.00000000328;0.0199;0.00199;0;2360;0;0;0;0.0173;6.3;0.0118;6.28;0.0107;;0.00000019;0.00765;0.0000057;0.0843;;;0.375;;0.00000000000831;0.0213;87;0.000000439;0.0319;;;;;;;;;;;;;;;;;;;
525d42c1-879d-45b5-8e92-7351ad101653;00.01.000;;Concrete C30/37, Type number 988899192;;;'EN 15804+A2';;DE;specific dataset;2023;2028;;;2023-12-04;EPD-SPE-20230527-IBA1-DE;Institut Bauen und Umwelt e.V. (IBU);;;;1;m3;;1 m3 unbewehrter Konstruktionsbeton (C 30/37);;;;;;;;;;;C4;;;;;;;;;;;;;;;;;;;;;;;;0;;;;;;;;;;;;;;;;;;;;;;;;;;;;;;;;;;;;;;;;;
525d42c1-879d-45b5-8e92-7351ad101653;00.01.000;;Concrete C30/37, Type number 988899192;;;'EN 15804+A2';;DE;specific dataset;2023;2028;;;2023-12-04;EPD-SPE-20230527-IBA1-DE;Institut Bauen und Umwelt e.V. (IBU);;;;1;m3;;1 m3 unbewehrter Konstruktionsbeton (C 30/37);;;;;;;;;;;D;;;;;;;;;;-47.4;0;-47.4;-101.9;0;-101.9;1530;0;0;-0.97;-0.00000000647;-15;-0.005;0;0;0;0;0;-0.0188;-7.85;-0.0688;-7.79;-0.0131;;-0.000000838;-0.00721;-0.0000261;-0.0811;;;-0.502;;-0.0000000000974;-0.0175;-101.3;-0.00000238;-1.91;;;;;;;;;;;;;;;;;;;
fb2c7818-529e-4df5-ab88-36a358010de1;00.01.000;;Automatic Revolving Door KTV A - automatic revolving door;;;'EN 15804+A2';;;specific dataset;2022;2027;;;2022-08-08;EPD-DOR-20210285-CBA9-EN;Institut Bauen und Umwelt e.V. (IBU);;;;;;;one automatic revolving door, consisting of four (4) door leaves with a diameter of 3000 mm and a height of 2200 mm;;;;;;;;;;;A1-A3;;;;;;;;;;18800;919;19700;53200;580;53700;36.9;0;0;59.2;0.000107;844;2.52;0;0;0;5.15;9.34;22.3;4080;-96.8;4170;2.33;31100;0.000224;3.55;0.00426;39.3;0.0000735;0.0000558;470;16200;0.00000000729;9.75;53700;0.0773;1300;;;;;;;;;;;;;;;;;;;
fb2c7818-529e-4df5-ab88-36a358010de1;00.01.000;;Automatic Revolving Door KTV A - automatic revolving door;;;'EN 15804+A2';;;specific dataset;2022;2027;;;2022-08-08;EPD-DOR-20210285-CBA9-EN;Institut Bauen und Umwelt e.V. (IBU);;;;;;;one automatic revolving door, consisting of four (4) door leaves with a diameter of 3000 mm and a height of 2200 mm;;;;;;;;;;;A4;;;;;;;;;;0.341;0;0.341;108;0;108;0;0;0;0.000611;0.0000000105;0.0111;0.000116;0;0;0;0;0;0.00763;7.97;0.352;7.62;0.000181;76.6;0.0000000401;0.00243;0.00000163;0.027;0.00000000144;0.0000000616;0.0166;0.278;0.000000000000000805;0.00686;108;0.000000229;0.0149;;;;;;;;;;;;;;;;;;;
fb2c7818-529e-4df5-ab88-36a358010de1;00.01.000;;Automatic Revolving Door KTV A - automatic revolving door;;;'EN 15804+A2';;;specific dataset;2022;2027;;;2022-08-08;EPD-DOR-20210285-CBA9-EN;Institut Bauen und Umwelt e.V. (IBU);;;;;;;one automatic revolving door, consisting of four (4) door leaves with a diameter of 3000 mm and a height of 2200 mm;;;;;;;;;;;A5;;;;;;;;;;;;;90.3;-73.1;17.2;0;0;0;0.151;0.0000000301;1.96;0.000874;0;0;0;80.9;151;0.0143;52.5;47;5.53;0.00104;7.98;0.0000000846;0.00505;0.00000205;0.0643;0.000000000447;0.0000000231;0.13;4.64;0.0000000000000109;0.0134;17.2;0.000000167;6.42;;;;;;;;;;;;;;;;;;;
fb2c7818-529e-4df5-ab88-36a358010de1;00.01.000;;Automatic Revolving Door KTV A - automatic revolving door;;;'EN 15804+A2';;;specific dataset;2022;2027;;;2022-08-08;EPD-DOR-20210285-CBA9-EN;Institut Bauen und Umwelt e.V. (IBU);;;;;;;one automatic revolving door, consisting of four (4) door leaves with a diameter of 3000 mm and a height of 2200 mm;;;;;;;;;;;B6;;;;;;;;;;11100;0;11100;25100;0;25100;0;0;0;12.8;0.0000104;17.8;3.8;0;0;0;0;0;3.15;1430;4.75;1430;2.07;5640;0.0000139;0.699;0.004;7.34;0.000000156;0.00000574;328;4200;0.0000000000314;1.92;25100;0.000413;311;;;;;;;;;;;;;;;;;;;
fb2c7818-529e-4df5-ab88-36a358010de1;00.01.000;;Automatic Revolving Door KTV A - automatic revolving door;;;'EN 15804+A2';;;specific dataset;2022;2027;;;2022-08-08;EPD-DOR-20210285-CBA9-EN;Institut Bauen und Umwelt e.V. (IBU);;;;;;;one automatic revolving door, consisting of four (4) door leaves with a diameter of 3000 mm and a height of 2200 mm;;;;;;;;;;;C1;;;;;;;;;;0;0;0;0;0;0;0;0;0;0;0;0;0;0;0;0;0;0;0;0;0;0;0;0;0;0;0;0;0;0;0;0;0;0;0;0;0;;;;;;;;;;;;;;;;;;;
fb2c7818-529e-4df5-ab88-36a358010de1;00.01.000;;Automatic Revolving Door KTV A - automatic revolving door;;;'EN 15804+A2';;;specific dataset;2022;2027;;;2022-08-08;EPD-DOR-20210285-CBA9-EN;Institut Bauen und Umwelt e.V. (IBU);;;;;;;one automatic revolving door, consisting of four (4) door leaves with a diameter of 3000 mm and a height of 2200 mm;;;;;;;;;;;C2;;;;;;;;;;0.163;0;0.163;51.7;0;51.7;0;0;0;0.000292;0.00000000502;0.00529;0.0000555;0;0;0;0;0;0.00365;3.81;0.168;3.64;0.0000867;36.6;0.0000000192;0.00116;0.00000078;0.0129;0.000000000689;0.0000000295;0.00793;0.133;0.000000000000000385;0.00328;51.7;0.000000109;0.00714;;;;;;;;;;;;;;;;;;;
fb2c7818-529e-4df5-ab88-36a358010de1;00.01.000;;Automatic Revolving Door KTV A - automatic revolving door;;;'EN 15804+A2';;;specific dataset;2022;2027;;;2022-08-08;EPD-DOR-20210285-CBA9-EN;Institut Bauen und Umwelt e.V. (IBU);;;;;;;one automatic revolving door, consisting of four (4) door leaves with a diameter of 3000 mm and a height of 2200 mm;;;;;;;;;;;C3;;;;;;;;;;517;-511;6.24;534;-507;27.1;0;0;0;0.21;0.0000000689;3.96;0.00123;0;409;0;0;0;0.0136;86.3;50.9;35.4;0.00245;10.9;0.000000116;0.0038;0.00000372;0.063;0.000000000842;0.000000064;0.154;7.89;0.0000000000000237;0.0104;27.1;0.000000339;8.87;;;;;;;;;;;;;;;;;;;
fb2c7818-529e-4df5-ab88-36a358010de1;00.01.000;;Automatic Revolving Door KTV A - automatic revolving door;;;'EN 15804+A2';;;specific dataset;2022;2027;;;2022-08-08;EPD-DOR-20210285-CBA9-EN;Institut Bauen und Umwelt e.V. (IBU);;;;;;;one automatic revolving door, consisting of four (4) door leaves with a diameter of 3000 mm and a height of 2200 mm;;;;;;;;;;;C4;;;;;;;;;;11;0;11;83.7;0;83.7;0;0;0;0.0211;0.00000128;421;0.000953;0;0;0;0;0;0.0458;6.42;0.0218;6.38;0.0184;47.8;0.000000566;0.0118;0.000011;0.129;0.00000000709;0.000000781;0.098;17.4;0.0000000000000237;0.0357;83.7;0.000000573;0.669;;;;;;;;;;;;;;;;;;;
fb2c7818-529e-4df5-ab88-36a358010de1;00.01.000;;Automatic Revolving Door KTV A - automatic revolving door;;;'EN 15804+A2';;;specific dataset;2022;2027;;;2022-08-08;EPD-DOR-20210285-CBA9-EN;Institut Bauen und Umwelt e.V. (IBU);;;;;;;one automatic revolving door, consisting of four (4) door leaves with a diameter of 3000 mm and a height of 2200 mm;;;;;;;;;;;D;;;;;;;;;;-12500;0;-12500;-28700;0;-28700;0;0;0;-24.4;-0.000131;-474;-2.88;0;0;0;0;0;-7.87;-2060;-4.76;-2050;-0.708;-11000;-0.00013;-1.06;-0.00123;-11.5;-0.000000696;0.00000497;-577;-1150;-0.0000000139;-3.36;-28600;-0.0269;-177;;;;;;;;;;;;;;;;;;;
319dd507-85db-43a7-924f-936bc9c88312;00.01.000;;ESA 100-300 Automatic Sliding Door;;;'EN 15804+A2';;US;specific dataset;2022;2027;;;2022-11-29;EPD-DOR-20220211-CBA1-EN;Institut Bauen und Umwelt e.V. (IBU);;;;1;pcs.;;1 piece of the product: Automatic Sliding Door consisting of the following items: - header - drive - panels and jambs - packaging material;;;;;;;;;;;A1-A3;;;;;;;;;;9450;221;9670;22300;66.4;22400;5.79;0;0;23.8;0.0000295;455;1.36;0;0;0;0;0;8.18;1700;-21.4;1720;1.59;7940;0.0000853;1.1;0.00208;12;0.000000943;0.0000202;271;4730;0.00000000176;3.4;22400;0.00433;260;;;;;;;;;;;;;;;;;;;
319dd507-85db-43a7-924f-936bc9c88312;00.01.000;;ESA 100-300 Automatic Sliding Door;;;'EN 15804+A2';;US;specific dataset;2022;2027;;;2022-11-29;EPD-DOR-20220211-CBA1-EN;Institut Bauen und Umwelt e.V. (IBU);;;;1;pcs.;;1 piece of the product: Automatic Sliding Door consisting of the following items: - header - drive - panels and jambs - packaging material;;;;;;;;;;;A4;;;;;;;;;;0.078;0;0.078;24.9;0;24.9;0;0;0;0.00014;0.00000000241;0.003;0.0000267;0;0;0;0;0;0.002;1.83;0.081;1.75;0.0000417;17.6;0.00000000921;0.000558;0.000000375;0.006;0.000000000331;0.0000000142;0.004;0.064;0.000000000000000185;0.002;24.8;0.0000000525;0.003;;;;;;;;;;;;;;;;;;;
319dd507-85db-43a7-924f-936bc9c88312;00.01.000;;ESA 100-300 Automatic Sliding Door;;;'EN 15804+A2';;US;specific dataset;2022;2027;;;2022-11-29;EPD-DOR-20220211-CBA1-EN;Institut Bauen und Umwelt e.V. (IBU);;;;1;pcs.;;1 piece of the product: Automatic Sliding Door consisting of the following items: - header - drive - panels and jambs - packaging material;;;;;;;;;;;A5;;;;;;;;;;;;;45.1;-43;2.07;0;0;0;0.014;0.00000000581;0.353;0.0000908;0;0;0;9;18.6;0.001;5.38;2.77;2.61;0.00019;0.867;0.0000000102;0.000389;0.000000304;0.006;0.0000000000608;0.00000000485;0.011;0.59;0.00000000000000179;0.001;2.07;0.0000000257;0.612;;;;;;;;;;;;;;;;;;;
319dd507-85db-43a7-924f-936bc9c88312;00.01.000;;ESA 100-300 Automatic Sliding Door;;;'EN 15804+A2';;US;specific dataset;2022;2027;;;2022-11-29;EPD-DOR-20220211-CBA1-EN;Institut Bauen und Umwelt e.V. (IBU);;;;1;pcs.;;1 piece of the product: Automatic Sliding Door consisting of the following items: - header - drive - panels and jambs - packaging material;;;;;;;;;;;B6;;;;;;;;;;2720;0;2720;17200;0;17200;0;0;0;6.3;0.00000663;5.35;1.53;0;0;0;0;0;1.72;1060;0.23;1060;0.321;5130;0.0000154;0.368;0.000581;3.95;0.00000011;0.00000417;127;1570;0.00000000000374;1.05;17200;0.000211;206;;;;;;;;;;;;;;;;;;;
319dd507-85db-43a7-924f-936bc9c88312;00.01.000;;ESA 100-300 Automatic Sliding Door;;;'EN 15804+A2';;US;specific dataset;2022;2027;;;2022-11-29;EPD-DOR-20220211-CBA1-EN;Institut Bauen und Umwelt e.V. (IBU);;;;1;pcs.;;1 piece of the product: Automatic Sliding Door consisting of the following items: - header - drive - panels and jambs - packaging material;;;;;;;;;;;C2;;;;;;;;;;0.039;0;0.039;12.3;0;12.3;0;0;0;0.0000694;0.00000000119;0.001;0.0000132;0;0;0;0;0;0.000865;0.905;0.04;0.865;0.0000206;8.69;0.00000000455;0.000275;0.000000185;0.003;0.000000000164;0.00000000699;0.002;0.032;0.0000000000000000913;0.000779;12.3;0.0000000259;0.002;;;;;;;;;;;;;;;;;;;
319dd507-85db-43a7-924f-936bc9c88312;00.01.000;;ESA 100-300 Automatic Sliding Door;;;'EN 15804+A2';;US;specific dataset;2022;2027;;;2022-11-29;EPD-DOR-20220211-CBA1-EN;Institut Bauen und Umwelt e.V. (IBU);;;;1;pcs.;;1 piece of the product: Automatic Sliding Door consisting of the following items: - header - drive - panels and jambs - packaging material;;;;;;;;;;;C3;;;;;;;;;;198;-197;0.992;28.5;-23.4;5.12;0;0;0;0.058;0.0000000051;0.264;0.000284;0;191;0;0;0;0.003;24.9;23.5;1.39;0.000267;2.22;0.0000000188;0.001;0.000000475;0.016;0.000000000163;0.00000000663;0.044;1.44;0.00000000000000317;0.003;5.12;0.0000000491;2.49;;;;;;;;;;;;;;;;;;;
319dd507-85db-43a7-924f-936bc9c88312;00.01.000;;ESA 100-300 Automatic Sliding Door;;;'EN 15804+A2';;US;specific dataset;2022;2027;;;2022-11-29;EPD-DOR-20220211-CBA1-EN;Institut Bauen und Umwelt e.V. (IBU);;;;1;pcs.;;1 piece of the product: Automatic Sliding Door consisting of the following items: - header - drive - panels and jambs - packaging material;;;;;;;;;;;C4;;;;;;;;;;0.131;0;0.131;0.999;0;0.999;0;0;0;0.000252;0.0000000152;5.02;0.0000114;0;0;0;0;0;0.000546;0.077;0.00026;0.076;0.000219;0.57;0.00000000676;0.000141;0.000000131;0.002;0.0000000000845;0.00000000932;0.001;0.208;0.000000000000000282;0.000425;0.998;0.00000000683;0.008;;;;;;;;;;;;;;;;;;;
319dd507-85db-43a7-924f-936bc9c88312;00.01.000;;ESA 100-300 Automatic Sliding Door;;;'EN 15804+A2';;US;specific dataset;2022;2027;;;2022-11-29;EPD-DOR-20220211-CBA1-EN;Institut Bauen und Umwelt e.V. (IBU);;;;1;pcs.;;1 piece of the product: Automatic Sliding Door consisting of the following items: - header - drive - panels and jambs - packaging material;;;;;;;;;;;D;;;;;;;;;;-7590;0;-7590;-15600;0;-15600;0;0;0;-13.2;-0.0000124;-298;-1.79;0;0;0;0;0;-4.15;-1090;-3.53;-1080;-0.163;-5950;-0.0000673;-0.538;-0.000535;-5.85;-0.000000289;-0.00000784;-364;-442;-0.00000000894;-1.7;-15600;-0.000674;-47;;;;;;;;;;;;;;;;;;;
6cda31db-f485-4594-9603-957e1c4a0708;00.01.000;;Automatic Swing Door Operator ED 100 - Automatic Swing Door Operator;;;'EN 15804+A2';;DE;specific dataset;2026;2031;;;2026-05-08;EPD-DOR-20260266-CBA2-EN;Institut Bauen und Umwelt e.V. (IBU);;;;1;pcs.;;1 piece of Automatic Swing Door Operator ED 100;;;;;;;;;;;A1-A3;;;;;;;;;;188;16.9;205;445;64.3;509;8.8;0;0;0.408;0.0000429;6.87;0.017;0;0;0;0;0;0.146;31.8;-2.2;33.9;0.046;185;0.00000209;0.0287;0.0000951;0.316;0.000000655;0.00000047;1.89;180;0.000000000156;0.088;509;0.00416;11.2;;;;;;;;;;;;;;;;;;;
6cda31db-f485-4594-9603-957e1c4a0708;00.01.000;;Automatic Swing Door Operator ED 100 - Automatic Swing Door Operator;;;'EN 15804+A2';;DE;specific dataset;2026;2031;;;2026-05-08;EPD-DOR-20260266-CBA2-EN;Institut Bauen und Umwelt e.V. (IBU);;;;1;pcs.;;1 piece of Automatic Swing Door Operator ED 100;;;;;;;;;;;A4;;;;;;;;;;0.009;0;0.009;1.81;0;1.81;0;0;0;0.0000106;0.0000000000558;0.000173;0.00000201;0;0;0;0;0;0.000143;0.135;0.006;0.13;0.00000506;1.34;0.00000000131;0.000051;0.0000000331;0.000579;0.0000000000242;0.00000000076;0.000275;0.006;0.0000000000000113;0.00015;1.81;0.00000000336;0.00026;;;;;;;;;;;;;;;;;;;
6cda31db-f485-4594-9603-957e1c4a0708;00.01.000;;Automatic Swing Door Operator ED 100 - Automatic Swing Door Operator;;;'EN 15804+A2';;DE;specific dataset;2026;2031;;;2026-05-08;EPD-DOR-20260266-CBA2-EN;Institut Bauen und Umwelt e.V. (IBU);;;;1;pcs.;;1 piece of Automatic Swing Door Operator ED 100;;;;;;;;;;;A5;;;;;;;;;;;;;0.604;0;0.604;0;0;0;0.006;0.000000000344;0.062;0.0000304;0;0;0;2.97;5.39;0.000547;2.23;2.19;0.046;0.0000304;0.264;0.00000000301;0.000201;0.0000000764;0.003;0.0000000000157;0.00000000031;0.005;0.184;0.000000000000268;0.000533;0.604;0.00000000283;0.243;;;;;;;;;;;;;;;;;;;
6cda31db-f485-4594-9603-957e1c4a0708;00.01.000;;Automatic Swing Door Operator ED 100 - Automatic Swing Door Operator;;;'EN 15804+A2';;DE;specific dataset;2026;2031;;;2026-05-08;EPD-DOR-20260266-CBA2-EN;Institut Bauen und Umwelt e.V. (IBU);;;;1;pcs.;;1 piece of Automatic Swing Door Operator ED 100;;;;;;;;;;;B2;;;;;;;;;;0;0;0;0;0;0;0;0;0;0;0;0;0;0;0;0;0;0;0;0;0;0;0;0;0;0;0;0;0;0;0;0;0;0;0;0;0;;;;;;;;;;;;;;;;;;;
6cda31db-f485-4594-9603-957e1c4a0708;00.01.000;;Automatic Swing Door Operator ED 100 - Automatic Swing Door Operator;;;'EN 15804+A2';;DE;specific dataset;2026;2031;;;2026-05-08;EPD-DOR-20260266-CBA2-EN;Institut Bauen und Umwelt e.V. (IBU);;;;1;pcs.;;1 piece of Automatic Swing Door Operator ED 100;;;;;;;;;;;B6;;;;;;;;;;3810;0;3810;6770;0;6770;0;0;0;3.53;0.00000736;4.45;0.815;0;0;0;0;0;1.41;396;1.85;394;0.136;2040;0.0000182;0.266;0.000964;2.86;0.000000101;0.00000201;123;2120;0.00000000575;0.752;6770;0.0000504;105;;;;;;;;;;;;;;;;;;;
6cda31db-f485-4594-9603-957e1c4a0708;00.01.000;;Automatic Swing Door Operator ED 100 - Automatic Swing Door Operator;;;'EN 15804+A2';;DE;specific dataset;2026;2031;;;2026-05-08;EPD-DOR-20260266-CBA2-EN;Institut Bauen und Umwelt e.V. (IBU);;;;1;pcs.;;1 piece of Automatic Swing Door Operator ED 100;;;;;;;;;;;C1;;;;;;;;;;0;0;0;0;0;0;0;0;0;0;0;0;0;0;0;0;0;0;0;0;0;0;0;0;0;0;0;0;0;0;0;0;0;0;0;0;0;;;;;;;;;;;;;;;;;;;
6cda31db-f485-4594-9603-957e1c4a0708;00.01.000;;Automatic Swing Door Operator ED 100 - Automatic Swing Door Operator;;;'EN 15804+A2';;DE;specific dataset;2026;2031;;;2026-05-08;EPD-DOR-20260266-CBA2-EN;Institut Bauen und Umwelt e.V. (IBU);;;;1;pcs.;;1 piece of Automatic Swing Door Operator ED 100;;;;;;;;;;;C2;;;;;;;;;;0.004;0;0.004;0.812;0;0.812;0;0;0;0.00000477;0.0000000000251;0.0000777;0.000000903;0;0;0;0;0;0.0000642;0.061;0.003;0.058;0.00000227;0.602;0.000000000588;0.0000229;0.0000000148;0.00026;0.0000000000109;0.000000000341;0.000124;0.003;0.00000000000000508;0.0000672;0.812;0.00000000151;0.000117;;;;;;;;;;;;;;;;;;;
6cda31db-f485-4594-9603-957e1c4a0708;00.01.000;;Automatic Swing Door Operator ED 100 - Automatic Swing Door Operator;;;'EN 15804+A2';;DE;specific dataset;2026;2031;;;2026-05-08;EPD-DOR-20260266-CBA2-EN;Institut Bauen und Umwelt e.V. (IBU);;;;1;pcs.;;1 piece of Automatic Swing Door Operator ED 100;;;;;;;;;;;C3;;;;;;;;;;3.23;-0.132;3.1;69.8;-64.3;5.48;0;0;0;0.013;0.00000000642;0.485;0.00057;0;4.99;0;7.32;16.9;0.001;4.93;0.019;4.91;0.000334;1.81;0.000000012;0.000263;0.00000102;0.005;0.000000000126;0.00000000645;0.089;2.09;0.00000000000509;0.000721;5.48;0.0000000433;0.494;;;;;;;;;;;;;;;;;;;
6cda31db-f485-4594-9603-957e1c4a0708;00.01.000;;Automatic Swing Door Operator ED 100 - Automatic Swing Door Operator;;;'EN 15804+A2';;DE;specific dataset;2026;2031;;;2026-05-08;EPD-DOR-20260266-CBA2-EN;Institut Bauen und Umwelt e.V. (IBU);;;;1;pcs.;;1 piece of Automatic Swing Door Operator ED 100;;;;;;;;;;;C4;;;;;;;;;;0.021;0;0.021;0.119;0;0.119;0;0;0;0.0000314;0.0000000000296;0.602;0.00000125;0;0;0;0;0;0.0000639;0.009;0.0000286;0.009;0.000054;0.068;0.000000000801;0.0000164;0.0000000205;0.000181;0.00000000000161;0.0000000000624;0.000144;0.033;0.0000000000000243;0.0000503;0.119;0.000000000583;0.001;;;;;;;;;;;;;;;;;;;
6cda31db-f485-4594-9603-957e1c4a0708;00.01.000;;Automatic Swing Door Operator ED 100 - Automatic Swing Door Operator;;;'EN 15804+A2';;DE;specific dataset;2026;2031;;;2026-05-08;EPD-DOR-20260266-CBA2-EN;Institut Bauen und Umwelt e.V. (IBU);;;;1;pcs.;;1 piece of Automatic Swing Door Operator ED 100;;;;;;;;;;;D;;;;;;;;;;-68.4;0;-68.4;-180;0;-180;2.3;0;0;-0.175;-0.000000132;-1.78;-0.015;0;0;0;0;0;-0.045;-12.4;-0.026;-12.4;-0.005;-45.8;-0.000000648;-0.006;-0.0000153;-0.069;-0.00000305;-0.0000000595;-2.76;-14.4;-0.0000000000861;-0.021;-180;-0.001;-1.47;;;;;;;;;;;;;;;;;;;
de057f73-90ba-4666-9778-015acb8d17f3;00.01.000;;VELUX Commercial Polycarbonate rooflights (PC-ovenlys);;;'EN 15804+A2';;RER;specific dataset;2024;2029;;;2024-07-23;EPD-VEL-20240209-IBA1-EN;Institut Bauen und Umwelt e.V. (IBU);;;;1;qm;;1 m2 of VELUX Commercial Polycarbonate rooflights (PC-ovenlys);;;;;;;;;;;A1-A3;;;;;;;;;;468;395;863;1560;241;1810;1.31;0;0;2.65;0.0148;27;0.00458;0;0.17;0;5.45;9.39;0.722;86.9;-33.6;120;0.262;1930;0.00000941;0.131;0.00468;1.53;0.000000222;0.00000195;3.18;4390;0.00000417;0.579;1800;0.000707;40.8;;;;;;;;;;;;;;;;;;;
de057f73-90ba-4666-9778-015acb8d17f3;00.01.000;;VELUX Commercial Polycarbonate rooflights (PC-ovenlys);;;'EN 15804+A2';;RER;specific dataset;2024;2029;;;2024-07-23;EPD-VEL-20240209-IBA1-EN;Institut Bauen und Umwelt e.V. (IBU);;;;1;qm;;1 m2 of VELUX Commercial Polycarbonate rooflights (PC-ovenlys);;;;;;;;;;;C1;;;;;;;;;;0;0;0;0;0;0;0;0;0;0;0;0;0;0;0;0;0;0;0;0;0;0;0;0;0;0;0;0;0;0;0;0;0;0;0;0;0;;;;;;;;;;;;;;;;;;;
de057f73-90ba-4666-9778-015acb8d17f3;00.01.000;;VELUX Commercial Polycarbonate rooflights (PC-ovenlys);;;'EN 15804+A2';;RER;specific dataset;2024;2029;;;2024-07-23;EPD-VEL-20240209-IBA1-EN;Institut Bauen und Umwelt e.V. (IBU);;;;1;qm;;1 m2 of VELUX Commercial Polycarbonate rooflights (PC-ovenlys);;;;;;;;;;;C2;;;;;;;;;;0.115;0;0.115;7.35;0;7.35;0;0;0;0.00199;0.0000463;0.468;0.00000431;0;0;0;0;0;0.00238;0.51;0.000427;0.509;0.000249;3.62;0.00000005;0.000937;0.00000418;0.0101;0.000000000274;0.0000000057;0.00381;5.53;0.0000000112;0.00353;7.35;0.00000159;0.032;;;;;;;;;;;;;;;;;;;
de057f73-90ba-4666-9778-015acb8d17f3;00.01.000;;VELUX Commercial Polycarbonate rooflights (PC-ovenlys);;;'EN 15804+A2';;RER;specific dataset;2024;2029;;;2024-07-23;EPD-VEL-20240209-IBA1-EN;Institut Bauen und Umwelt e.V. (IBU);;;;1;qm;;1 m2 of VELUX Commercial Polycarbonate rooflights (PC-ovenlys);;;;;;;;;;;C3;;;;;;;;;;;;;277;-241;35.7;0;0;0;0.0363;0.000185;3.17;0.0000877;0;4.3;0;114;197;0.0277;54.2;33.3;20.9;0.00157;74.4;0.000000509;0.0123;0.000103;0.136;0.0000000101;0.0000000423;0.048;5.09;0.000000172;0.0383;35.5;0.00000425;0.387;;;;;;;;;;;;;;;;;;;
de057f73-90ba-4666-9778-015acb8d17f3;00.01.000;;VELUX Commercial Polycarbonate rooflights (PC-ovenlys);;;'EN 15804+A2';;RER;specific dataset;2024;2029;;;2024-07-23;EPD-VEL-20240209-IBA1-EN;Institut Bauen und Umwelt e.V. (IBU);;;;1;qm;;1 m2 of VELUX Commercial Polycarbonate rooflights (PC-ovenlys);;;;;;;;;;;C4;;;;;;;;;;0;0;0;0;0;0;0;0;0;0;0;0;0;0;0;0;0;0;0;0;0;0;0;0;0;0;0;0;0;0;0;0;0;0;0;0;0;;;;;;;;;;;;;;;;;;;
de057f73-90ba-4666-9778-015acb8d17f3;00.01.000;;VELUX Commercial Polycarbonate rooflights (PC-ovenlys);;;'EN 15804+A2';;RER;specific dataset;2024;2029;;;2024-07-23;EPD-VEL-20240209-IBA1-EN;Institut Bauen und Umwelt e.V. (IBU);;;;1;qm;;1 m2 of VELUX Commercial Polycarbonate rooflights (PC-ovenlys);;;;;;;;;;;D;;;;;;;;;;-228;0;-228;-1510;0;-1510;3.16;0;0;-0.683;0.00422;-15.8;-0.00751;0;4.3;0;0;0;-0.451;-124;-5.65;-118;-0.277;-316;-0.00000468;-0.0741;-0.0104;-0.851;-0.0000000653;-0.000000835;-3.39;-199;-0.00000162;-0.271;-1490;0.000113;-8.84;;;;;;;;;;;;;;;;;;;
750dbd2a-e27b-4e1c-bcaa-d45d592a8f49;00.01.000;;CEM I 42,5 R;;;'EN 15804+A2';;DE;specific dataset;2024;2029;;;2024-11-26;EPD-CEM-20240343-CAA1-DE;Institut Bauen und Umwelt e.V. (IBU);;;;1000;kg;;1000 kg;;;;;;;;;;;A1-A3;;;;;;;;;;30.1;0;30.1;2120;0;2120;90.9;1160;832;1.01;0.0729;1.15;;0;0;0;0;0;2.05;659;0.0369;658;0.0405;50.5;0.0000207;0.00395;0.0595;3.14;0.000000792;0.0000121;13.5;503;0.0000113;0.91;2120;0.000102;41;;;;;;;;;;;;;;;;;;;
b4d1ec36-0e5e-4fcd-9172-0220d0074683;00.01.000;;ED 100/250;;;'EN 15804+A2';;DE;specific dataset;2023;2028;;;2023-04-14;EPD-DOR-20220318-CBA3-EN;Institut Bauen und Umwelt e.V. (IBU);;;;1;pcs.;;1 piece of the product: Automatic Swing Door Operator ED 100, consisting of the following items: - ED 100 swing door operator - ED slide channel set - ED basic cover - Product packaging;;;;;;;;;;;A1-A3;;;;;;;;;;192;22.2;214;736;80.8;817;5.66;0;0;0.325;0.0000363;3.33;0.028;0;0;0;0;0;0.214;50.1;-2.72;52.7;0.067;371;0.00000207;0.038;0.000204;0.4;0.0000000296;0.00000155;3.34;467;0.00000000449;0.119;817;0.0112;9.42;;;;;;;;;;;;;;;;;;;
b4d1ec36-0e5e-4fcd-9172-0220d0074683;00.01.000;;ED 100/250;;;'EN 15804+A2';;DE;specific dataset;2023;2028;;;2023-04-14;EPD-DOR-20220318-CBA3-EN;Institut Bauen und Umwelt e.V. (IBU);;;;1;pcs.;;1 piece of the product: Automatic Swing Door Operator ED 100, consisting of the following items: - ED 100 swing door operator - ED slide channel set - ED basic cover - Product packaging;;;;;;;;;;;A4;;;;;;;;;;0.005;0;0.005;1.61;0;1.61;0;0;0;0.00000908;0.000000000156;0.000164;0.00000173;0;0;0;0;0;0.000113;0.118;0.005;0.113;0.00000269;1.14;0.000000000596;0.0000361;0.0000000242;0.000401;0.0000000000214;0.000000000915;0.000246;0.004;0.000000000000000012;0.000102;1.61;0.0000000034;0.000222;;;;;;;;;;;;;;;;;;;
b4d1ec36-0e5e-4fcd-9172-0220d0074683;00.01.000;;ED 100/250;;;'EN 15804+A2';;DE;specific dataset;2023;2028;;;2023-04-14;EPD-DOR-20220318-CBA3-EN;Institut Bauen und Umwelt e.V. (IBU);;;;1;pcs.;;1 piece of the product: Automatic Swing Door Operator ED 100, consisting of the following items: - ED 100 swing door operator - ED slide channel set - ED basic cover - Product packaging;;;;;;;;;;;A5;;;;;;;;;;;;;0.495;0;0.495;0;0;0;0.005;0.00000000073;0.049;0.000026;0;0;0;2.37;4.3;0.000439;1.57;1.53;0.039;0.0000258;0.235;0.00000000243;0.000159;0.0000000553;0.002;0.0000000000124;0.000000000538;0.004;0.131;0.000000000000000283;0.00042;0.495;0.00000000446;0.194;;;;;;;;;;;;;;;;;;;
b4d1ec36-0e5e-4fcd-9172-0220d0074683;00.01.000;;ED 100/250;;;'EN 15804+A2';;DE;specific dataset;2023;2028;;;2023-04-14;EPD-DOR-20220318-CBA3-EN;Institut Bauen und Umwelt e.V. (IBU);;;;1;pcs.;;1 piece of the product: Automatic Swing Door Operator ED 100, consisting of the following items: - ED 100 swing door operator - ED slide channel set - ED basic cover - Product packaging;;;;;;;;;;;B6;;;;;;;;;;2210;0;2210;4980;0;4980;0;0;0;2.55;0.00000206;3.54;0.756;0;0;0;0;0;0.626;285;0.945;283;0.411;2130;0.00000525;0.139;0.000757;1.46;0.0000000589;0.00000217;124;1590;0.00000000000624;0.381;4980;0.0000821;61.8;;;;;;;;;;;;;;;;;;;
b4d1ec36-0e5e-4fcd-9172-0220d0074683;00.01.000;;ED 100/250;;;'EN 15804+A2';;DE;specific dataset;2023;2028;;;2023-04-14;EPD-DOR-20220318-CBA3-EN;Institut Bauen und Umwelt e.V. (IBU);;;;1;pcs.;;1 piece of the product: Automatic Swing Door Operator ED 100, consisting of the following items: - ED 100 swing door operator - ED slide channel set - ED basic cover - Product packaging;;;;;;;;;;;C1;;;;;;;;;;0;0;0;0;0;0;0;0;0;0;0;0;0;0;0;0;0;0;0;0;0;0;0;0;0;0;0;0;0;0;0;0;0;0;0;0;0;;;;;;;;;;;;;;;;;;;
b4d1ec36-0e5e-4fcd-9172-0220d0074683;00.01.000;;ED 100/250;;;'EN 15804+A2';;DE;specific dataset;2023;2028;;;2023-04-14;EPD-DOR-20220318-CBA3-EN;Institut Bauen und Umwelt e.V. (IBU);;;;1;pcs.;;1 piece of the product: Automatic Swing Door Operator ED 100, consisting of the following items: - ED 100 swing door operator - ED slide channel set - ED basic cover - Product packaging;;;;;;;;;;;C2;;;;;;;;;;0.003;0;0.003;0.836;0;0.836;0;0;0;0.00000472;0.0000000000811;0.0000855;0.000000897;0;0;0;0;0;0.0000589;0.062;0.003;0.059;0.0000014;0.592;0.00000000031;0.0000188;0.0000000126;0.000209;0.0000000000111;0.000000000476;0.000128;0.002;0.00000000000000000622;0.000053;0.835;0.00000000177;0.000115;;;;;;;;;;;;;;;;;;;
b4d1ec36-0e5e-4fcd-9172-0220d0074683;00.01.000;;ED 100/250;;;'EN 15804+A2';;DE;specific dataset;2023;2028;;;2023-04-14;EPD-DOR-20220318-CBA3-EN;Institut Bauen und Umwelt e.V. (IBU);;;;1;pcs.;;1 piece of the product: Automatic Swing Door Operator ED 100, consisting of the following items: - ED 100 swing door operator - ED slide channel set - ED basic cover - Product packaging;;;;;;;;;;;C3;;;;;;;;;;9.52;-8.88;0.641;83.3;-80.8;2.55;0;0;0;0.015;0.00000000881;0.516;0.0001;0;6.55;0;11.1;24.5;0.001;6.22;1.33;4.89;0.000288;0.974;0.000000012;0.000258;0.000000416;0.005;0.0000000000817;0.00000000772;0.01;0.757;0.00000000000000262;0.000712;2.55;0.0000000363;0.637;;;;;;;;;;;;;;;;;;;
b4d1ec36-0e5e-4fcd-9172-0220d0074683;00.01.000;;ED 100/250;;;'EN 15804+A2';;DE;specific dataset;2023;2028;;;2023-04-14;EPD-DOR-20220318-CBA3-EN;Institut Bauen und Umwelt e.V. (IBU);;;;1;pcs.;;1 piece of the product: Automatic Swing Door Operator ED 100, consisting of the following items: - ED 100 swing door operator - ED slide channel set - ED basic cover - Product packaging;;;;;;;;;;;C4;;;;;;;;;;0.072;0;0.072;0.55;0;0.55;0;0;0;0.000139;0.00000000839;2.77;0.00000626;0;0;0;0;0;0.000301;0.042;0.000143;0.042;0.000121;0.314;0.00000000372;0.0000774;0.000000072;0.00085;0.0000000000466;0.00000000513;0.000644;0.115;0.000000000000000155;0.000234;0.55;0.00000000376;0.004;;;;;;;;;;;;;;;;;;;
b4d1ec36-0e5e-4fcd-9172-0220d0074683;00.01.000;;ED 100/250;;;'EN 15804+A2';;DE;specific dataset;2023;2028;;;2023-04-14;EPD-DOR-20220318-CBA3-EN;Institut Bauen und Umwelt e.V. (IBU);;;;1;pcs.;;1 piece of the product: Automatic Swing Door Operator ED 100, consisting of the following items: - ED 100 swing door operator - ED slide channel set - ED basic cover - Product packaging;;;;;;;;;;;D;;;;;;;;;;-48.7;0;-48.7;-190;0;-190;0;0;0;-0.095;-0.0000039;-0.613;-0.013;0;0;0;0;0;-0.053;-13.9;-0.036;-13.8;-0.007;-64.3;-0.000000678;-0.007;-0.0000237;-0.079;0.0000000228;0.0000027;-2.1;-15.1;-0.0000000000262;-0.026;-190;-0.003;-1.88;;;;;;;;;;;;;;;;;;;
5bef48c9-392b-48b2-8d1a-8a55b291eb14;00.01.000;;ADAGIO dB+ (30 mm);;;'EN 15804+A2';;DE;specific dataset;2024;2029;;;2024-11-26;EPD-KNA-20240275-IBA1-EN;Institut Bauen und Umwelt e.V. (IBU);;;;1;qm;;1 m² ADAGIO dB+ mineral ceiling tiles with a surface weight of 10.70 kg/m² and a thickness of 30 mm;;;;;;;;;;;A1-A3;;;;;;;;;;3.41;17.6;21;117;0.774;118;1.56;0;0;2.61;0.0000176;1.92;0.00326;;;;;;0.048;6.52;-1.62;8.14;0.00461;;;0.00862;0.000233;0.153;;;;;0.000000000472;0.0158;118;0.00000131;3.43;;;;;;;;;;;;;;;;;;;
5bef48c9-392b-48b2-8d1a-8a55b291eb14;00.01.000;;ADAGIO dB+ (30 mm);;;'EN 15804+A2';;DE;specific dataset;2024;2029;;;2024-11-26;EPD-KNA-20240275-IBA1-EN;Institut Bauen und Umwelt e.V. (IBU);;;;1;qm;;1 m² ADAGIO dB+ mineral ceiling tiles with a surface weight of 10.70 kg/m² and a thickness of 30 mm;;;;;;;;;;;C1;;;;;;;;;;0;0;0;0;0;0;0;0;0;0;0;0;0;;;;;;0;0;0;0;0;;;0;0;0;;;;;0;0;0;0;0;;;;;;;;;;;;;;;;;;;
5bef48c9-392b-48b2-8d1a-8a55b291eb14;00.01.000;;ADAGIO dB+ (30 mm);;;'EN 15804+A2';;DE;specific dataset;2024;2029;;;2024-11-26;EPD-KNA-20240275-IBA1-EN;Institut Bauen und Umwelt e.V. (IBU);;;;1;qm;;1 m² ADAGIO dB+ mineral ceiling tiles with a surface weight of 10.70 kg/m² and a thickness of 30 mm;;;;;;;;;;;C2;;;;;;;;;;0.0387;0;0.0387;0.533;0;0.533;0;0;0;0.0000423;0.00000000000165;0.0000813;0.000000998;;;;;;0.000138;0.039;0.0000882;0.0386;0.000361;;;0.0000634;0.000000143;0.000712;;;;;0.00000000000000507;0.000125;0.531;0.00000000258;0.000471;;;;;;;;;;;;;;;;;;;
5bef48c9-392b-48b2-8d1a-8a55b291eb14;00.01.000;;ADAGIO dB+ (30 mm);;;'EN 15804+A2';;DE;specific dataset;2024;2029;;;2024-11-26;EPD-KNA-20240275-IBA1-EN;Institut Bauen und Umwelt e.V. (IBU);;;;1;qm;;1 m² ADAGIO dB+ mineral ceiling tiles with a surface weight of 10.70 kg/m² and a thickness of 30 mm;;;;;;;;;;;C3;;;;;;;;;;0;0;0;0;0;0;0;0;0;0;0;0;0;;;;;;0;0;0;0;0;;;0;0;0;;;;;0;0;0;0;0;;;;;;;;;;;;;;;;;;;
5bef48c9-392b-48b2-8d1a-8a55b291eb14;00.01.000;;ADAGIO dB+ (30 mm);;;'EN 15804+A2';;DE;specific dataset;2024;2029;;;2024-11-26;EPD-KNA-20240275-IBA1-EN;Institut Bauen und Umwelt e.V. (IBU);;;;1;qm;;1 m² ADAGIO dB+ mineral ceiling tiles with a surface weight of 10.70 kg/m² and a thickness of 30 mm;;;;;;;;;;;C4;;;;;;;;;;0.349;0;0.349;2.14;0;2.14;0;0;0;0.000541;0.0000000000467;10.7;0.0000244;;;;;;0.00114;1.31;1.15;0.158;0.0005;;;0.000295;0.000000324;0.00324;;;;;0.000000000000409;0.000889;2.14;0.00000000743;0.0177;;;;;;;;;;;;;;;;;;;
5bef48c9-392b-48b2-8d1a-8a55b291eb14;00.01.000;;ADAGIO dB+ (30 mm);;;'EN 15804+A2';;DE;specific dataset;2024;2029;;;2024-11-26;EPD-KNA-20240275-IBA1-EN;Institut Bauen und Umwelt e.V. (IBU);;;;1;qm;;1 m² ADAGIO dB+ mineral ceiling tiles with a surface weight of 10.70 kg/m² and a thickness of 30 mm;;;;;;;;;;;D;;;;;;;;;;0;0;0;0;0;0;0;0;0;0;0;0;0;;;;;;0;0;0;0;0;;;0;0;0;;;;;0;0;0;0;0;;;;;;;;;;;;;;;;;;;
398a8938-73cb-48f0-ae77-9ab54de4f6fd;00.01.000;;designed acoustic ceiling 24 mm;;;'EN 15804+A2';;DE;specific dataset;2021;2026;;;2021-07-19;EPD-SPH-20210147-IBA1-DE;Institut Bauen und Umwelt e.V. (IBU);;;;1;qm;;1 m² designed acoustic ceiling 24 mm;;;;;;;;;;;A1-A3;;;;;;;;;;82.5;0.27;82.8;363;15.2;378;2.64;0;0;0.197;0.000000517;3.63;0.0169;0;0.0638;0.0208;0.0801;0;0.116;28;0.00174;28;0.0133;134;0.00000147;0.0249;0.0000377;0.271;0.0000000269;0.000000515;3.25;35.5;0.0000000000433;0.0753;377;0.0000571;4.09;;;;;;;;;;;;;;;;;;;
398a8938-73cb-48f0-ae77-9ab54de4f6fd;00.01.000;;designed acoustic ceiling 24 mm;;;'EN 15804+A2';;DE;specific dataset;2021;2026;;;2021-07-19;EPD-SPH-20210147-IBA1-DE;Institut Bauen und Umwelt e.V. (IBU);;;;1;qm;;1 m² designed acoustic ceiling 24 mm;;;;;;;;;;;A4;;;;;;;;;;0.0026;0;0.0026;0.407;0;0.407;0;0;0;0.00000245;0.0000000000865;0.0000574;0.000000472;0;0;0;0;0;0.0000838;0.0303;0.00135;0.0289;0.0000017;0.328;0.000000000468;0.0000391;0.00000000707;0.000429;0.00000000000635;0.000000000323;0.0000435;0.00268;0.00000000000000000968;0.0000765;0.407;0.00000000119;0.0000348;;;;;;;;;;;;;;;;;;;
398a8938-73cb-48f0-ae77-9ab54de4f6fd;00.01.000;;designed acoustic ceiling 24 mm;;;'EN 15804+A2';;DE;specific dataset;2021;2026;;;2021-07-19;EPD-SPH-20210147-IBA1-DE;Institut Bauen und Umwelt e.V. (IBU);;;;1;qm;;1 m² designed acoustic ceiling 24 mm;;;;;;;;;;;A5;;;;;;;;;;0.457;-0.27;0.187;1.51;-1.15;0.356;0;0;0;0.00025;0.00000000036;0.00906;0.0000271;0;0;0.156;0.0554;0;0.0000682;0.14;0.0296;0.111;0.0000673;0.138;0.000000000555;0.0000216;0.000000109;0.000271;0.00000000000592;0.000000000318;0.00244;0.169;0.000000000000000799;0.0000552;0.356;0.00000000989;0.0128;;;;;;;;;;;;;;;;;;;
398a8938-73cb-48f0-ae77-9ab54de4f6fd;00.01.000;;designed acoustic ceiling 24 mm;;;'EN 15804+A2';;DE;specific dataset;2021;2026;;;2021-07-19;EPD-SPH-20210147-IBA1-DE;Institut Bauen und Umwelt e.V. (IBU);;;;1;qm;;1 m² designed acoustic ceiling 24 mm;;;;;;;;;;;B1;;;;;;;;;;0;0;0;0;0;0;0;0;0;0;0;0;0;0;0;0;0;0;0;0;0;0;0;0;0;0;0;0;0;0;0;0;0;0;0;0;0;;;;;;;;;;;;;;;;;;;
398a8938-73cb-48f0-ae77-9ab54de4f6fd;00.01.000;;designed acoustic ceiling 24 mm;;;'EN 15804+A2';;DE;specific dataset;2021;2026;;;2021-07-19;EPD-SPH-20210147-IBA1-DE;Institut Bauen und Umwelt e.V. (IBU);;;;1;qm;;1 m² designed acoustic ceiling 24 mm;;;;;;;;;;;B2;;;;;;;;;;0;0;0;0;0;0;0;0;0;0;0;0;0;0;0;0;0;0;0;0;0;0;0;0;0;0;0;0;0;0;0;0;0;0;0;0;0;;;;;;;;;;;;;;;;;;;
398a8938-73cb-48f0-ae77-9ab54de4f6fd;00.01.000;;designed acoustic ceiling 24 mm;;;'EN 15804+A2';;DE;specific dataset;2021;2026;;;2021-07-19;EPD-SPH-20210147-IBA1-DE;Institut Bauen und Umwelt e.V. (IBU);;;;1;qm;;1 m² designed acoustic ceiling 24 mm;;;;;;;;;;;C1;;;;;;;;;;0.141;0;0.141;0.246;0;0.246;0;0;0;0.0000765;0;0;0;0;0;0;0;0;0.00003;0.0199;0.000129;0.0197;0.00005;0.0951;0.000000000247;0.0000092;0.0000000816;0.0000961;0.00000000000342;0.000000000131;0.00185;0.125;0.000000000000000605;0.0000231;0.246;0.00000000742;0.000436;;;;;;;;;;;;;;;;;;;
398a8938-73cb-48f0-ae77-9ab54de4f6fd;00.01.000;;designed acoustic ceiling 24 mm;;;'EN 15804+A2';;DE;specific dataset;2021;2026;;;2021-07-19;EPD-SPH-20210147-IBA1-DE;Institut Bauen und Umwelt e.V. (IBU);;;;1;qm;;1 m² designed acoustic ceiling 24 mm;;;;;;;;;;;C2;;;;;;;;;;0.00158;0;0.00158;0.247;0;0.247;0;0;0;0.00000149;0;0;0;0;0;0;0;0;0.0000539;0.0184;0.000819;0.0176;0.00000103;0.199;0.000000000295;0.0000253;0.00000000429;0.000278;0.00000000000385;0.000000000197;0.0000264;0.00163;0.00000000000000000587;0.0000492;0.247;0.000000000722;0.0000211;;;;;;;;;;;;;;;;;;;
398a8938-73cb-48f0-ae77-9ab54de4f6fd;00.01.000;;designed acoustic ceiling 24 mm;;;'EN 15804+A2';;DE;specific dataset;2021;2026;;;2021-07-19;EPD-SPH-20210147-IBA1-DE;Institut Bauen und Umwelt e.V. (IBU);;;;1;qm;;1 m² designed acoustic ceiling 24 mm;;;;;;;;;;;C3;;;;;;;;;;0;0;0;0;0;0;0;0;0;0;0;0;0;0;0;0;0;0;0;0;0;0;0;0;0;0;0;0;0;0;0;0;0;0;0;0;0;;;;;;;;;;;;;;;;;;;
398a8938-73cb-48f0-ae77-9ab54de4f6fd;00.01.000;;designed acoustic ceiling 24 mm;;;'EN 15804+A2';;DE;specific dataset;2021;2026;;;2021-07-19;EPD-SPH-20210147-IBA1-DE;Institut Bauen und Umwelt e.V. (IBU);;;;1;qm;;1 m² designed acoustic ceiling 24 mm;;;;;;;;;;;C4;;;;;;;;;;0.396;0;0.396;15.9;-14;1.91;0;0;0;0.0125;0;0;0;0;1.56;0.0625;2.41;0;0.00217;7.32;0.00036;7.32;0.000164;0.738;0.000000012;0.000668;0.000000294;0.0103;0.0000000000757;0.00000000479;0.00515;0.529;0.00000000000000168;0.00175;1.91;0.0000000238;0.745;;;;;;;;;;;;;;;;;;;
398a8938-73cb-48f0-ae77-9ab54de4f6fd;00.01.000;;designed acoustic ceiling 24 mm;;;'EN 15804+A2';;DE;specific dataset;2021;2026;;;2021-07-19;EPD-SPH-20210147-IBA1-DE;Institut Bauen und Umwelt e.V. (IBU);;;;1;qm;;1 m² designed acoustic ceiling 24 mm;;;;;;;;;;;D;;;;;;;;;;-53;0;-53;-160;0;-160;0;0;0;-0.104;0;0;0;0;0;0;0;0;-0.045;-12.1;-0.000491;-12.1;-0.00475;-58.5;-0.000000439;-0.00768;-0.00000678;-0.0836;-0.00000000487;-0.000000116;-2.63;-11.4;-0.0000000000000453;-0.023;-159;-0.00000172;-0.687;;;;;;;;;;;;;;;;;;;
5007ea3b-9eb0-4fa4-b161-cf5939c56587;00.01.000;;Mortise Lock Saflok RT Plus - RFID electronic lock;;;'EN 15804+A2';;Montreal (Canada);specific dataset;2024;2029;;;2024-03-22;EPD-DOR-20240050-CBA1-EN;Institut Bauen und Umwelt e.V. (IBU);;;;1;pcs.;;1 piece Saflok RT Plus;;;;;;;;;;;A1-A3;;;;;;;;;;672;3.55;675;3710;34.6;3740;2.15;0;0;2.02;0.000275;11.6;0.098;;;;;;1.88;322;1.56;320;0.438;;;0.323;0.00201;3.44;;;;;0.000000034;0.943;3740;0.0771;79.7;;;;;;;;;;;;;;;;;;;
5007ea3b-9eb0-4fa4-b161-cf5939c56587;00.01.000;;Mortise Lock Saflok RT Plus - RFID electronic lock;;;'EN 15804+A2';;Montreal (Canada);specific dataset;2024;2029;;;2024-03-22;EPD-DOR-20240050-CBA1-EN;Institut Bauen und Umwelt e.V. (IBU);;;;1;pcs.;;1 piece Saflok RT Plus;;;;;;;;;;;A4;;;;;;;;;;0.002;0;0.002;0.495;0;0.495;0;0;0;0.0000028;0.000000000048;0.0000506;0.000000531;;;;;;0.0000349;0.036;0.002;0.035;0.00000083;;;0.0000111;0.00000000746;0.000123;;;;;0.00000000000000000368;0.0000314;0.494;0.00000000105;0.0000683;;;;;;;;;;;;;;;;;;;
5007ea3b-9eb0-4fa4-b161-cf5939c56587;00.01.000;;Mortise Lock Saflok RT Plus - RFID electronic lock;;;'EN 15804+A2';;Montreal (Canada);specific dataset;2024;2029;;;2024-03-22;EPD-DOR-20240050-CBA1-EN;Institut Bauen und Umwelt e.V. (IBU);;;;1;pcs.;;1 piece Saflok RT Plus;;;;;;;;;;;A5;;;;;;;;;;;;;0.192;-0.059;0.134;0;0;0;0.001;0.000000000201;0.013;0.00000701;;;;;;0.000118;0.422;0.408;0.014;0.00000708;;;0.0000425;0.000000015;0.000531;;;;;0.0000000000000000772;0.000113;0.134;0.00000000122;0.052;;;;;;;;;;;;;;;;;;;
5007ea3b-9eb0-4fa4-b161-cf5939c56587;00.01.000;;Mortise Lock Saflok RT Plus - RFID electronic lock;;;'EN 15804+A2';;Montreal (Canada);specific dataset;2024;2029;;;2024-03-22;EPD-DOR-20240050-CBA1-EN;Institut Bauen und Umwelt e.V. (IBU);;;;1;pcs.;;1 piece Saflok RT Plus;;;;;;;;;;;B2;;;;;;;;;;0.197;0;0.197;2.37;0;2.37;0;0;0;0.000723;0.0000000115;1;0.0000487;;;;;;0.00211;0.209;0.000288;0.209;0.0000867;;;0.000254;0.000000148;0.00232;;;;;0.000000000000000719;0.000785;2.37;0.00000905;0.023;;;;;;;;;;;;;;;;;;;
5007ea3b-9eb0-4fa4-b161-cf5939c56587;00.01.000;;Mortise Lock Saflok RT Plus - RFID electronic lock;;;'EN 15804+A2';;Montreal (Canada);specific dataset;2024;2029;;;2024-03-22;EPD-DOR-20240050-CBA1-EN;Institut Bauen und Umwelt e.V. (IBU);;;;1;pcs.;;1 piece Saflok RT Plus;;;;;;;;;;;C1;;;;;;;;;;0;0;0;0;0;0;0;0;0;0;0;0;0;;;;;;0;0;0;0;0;;;0;0;0;;;;;0;0;0;0;0;;;;;;;;;;;;;;;;;;;
5007ea3b-9eb0-4fa4-b161-cf5939c56587;00.01.000;;Mortise Lock Saflok RT Plus - RFID electronic lock;;;'EN 15804+A2';;Montreal (Canada);specific dataset;2024;2029;;;2024-03-22;EPD-DOR-20240050-CBA1-EN;Institut Bauen und Umwelt e.V. (IBU);;;;1;pcs.;;1 piece Saflok RT Plus;;;;;;;;;;;C2;;;;;;;;;;0.002;0;0.002;0.521;0;0.521;0;0;0;0.00000294;0.0000000000505;0.0000533;0.000000559;;;;;;0.0000367;0.038;0.002;0.037;0.000000873;;;0.0000117;0.00000000785;0.00013;;;;;0.00000000000000000387;0.000033;0.52;0.0000000011;0.0000719;;;;;;;;;;;;;;;;;;;
5007ea3b-9eb0-4fa4-b161-cf5939c56587;00.01.000;;Mortise Lock Saflok RT Plus - RFID electronic lock;;;'EN 15804+A2';;Montreal (Canada);specific dataset;2024;2029;;;2024-03-22;EPD-DOR-20240050-CBA1-EN;Institut Bauen und Umwelt e.V. (IBU);;;;1;pcs.;;1 piece Saflok RT Plus;;;;;;;;;;;C3;;;;;;;;;;0.032;-0.005;0.027;34.6;-34.5;0.102;0;0;0;0.00054;0.000000000389;0.023;0.00000379;;;;;;0.0000393;0.221;0.000818;0.22;0.0000124;;;0.00000886;0.0000000177;0.000179;;;;;0.000000000000000111;0.0000245;0.102;0.00000000152;0.023;;;;;;;;;;;;;;;;;;;
5007ea3b-9eb0-4fa4-b161-cf5939c56587;00.01.000;;Mortise Lock Saflok RT Plus - RFID electronic lock;;;'EN 15804+A2';;Montreal (Canada);specific dataset;2024;2029;;;2024-03-22;EPD-DOR-20240050-CBA1-EN;Institut Bauen und Umwelt e.V. (IBU);;;;1;pcs.;;1 piece Saflok RT Plus;;;;;;;;;;;C4;;;;;;;;;;0.002;0;0.002;0.018;0;0.018;0;0;0;0.0000046;0.000000000278;0.092;0.000000208;;;;;;0.00000997;0.001;0.00000475;0.001;0.000004;;;0.00000257;0.00000000239;0.0000282;;;;;0.00000000000000000515;0.00000777;0.018;0.000000000125;0.000146;;;;;;;;;;;;;;;;;;;
5007ea3b-9eb0-4fa4-b161-cf5939c56587;00.01.000;;Mortise Lock Saflok RT Plus - RFID electronic lock;;;'EN 15804+A2';;Montreal (Canada);specific dataset;2024;2029;;;2024-03-22;EPD-DOR-20240050-CBA1-EN;Institut Bauen und Umwelt e.V. (IBU);;;;1;pcs.;;1 piece Saflok RT Plus;;;;;;;;;;;D;;;;;;;;;;-33.1;0;-33.1;-215;0;-215;0;0;0;-0.156;-0.00000266;-2.9;-0.004;;;;;;-0.263;-18;0.024;-18;-0.027;;;-0.02;-0.0000247;-0.217;;;;;-0.0000000000000699;-0.069;-215;-0.013;-7.72;;;;;;;;;;;;;;;;;;;
835e2aac-52d3-4779-bf65-cf712d423429;00.01.000;;Concrete C40/50, Type number 988429096;;;'EN 15804+A2';;DE;specific dataset;2023;2028;;;2023-11-21;EPD-SPE-20230460-IBA1-DE;Institut Bauen und Umwelt e.V. (IBU);;;;1;m3;;1 m3 unbewehrter Beton;;;;;;;;;;;A1-A3;;;;;;;;;;194.4;1.9;196.3;1380;20.2;1410;0;65;159;1.11;0.000356;44.2;0.76;0;0;0;0;0;0.434;179.3;-1.21;180.3;0.2;;;0.123;0.0172;1.46;;;;;0.00000273;0.354;1410;0.0000397;33.8;;;;;;;;;;;;;;;;;;;
835e2aac-52d3-4779-bf65-cf712d423429;00.01.000;;Concrete C40/50, Type number 988429096;;;'EN 15804+A2';;DE;specific dataset;2023;2028;;;2023-11-21;EPD-SPE-20230460-IBA1-DE;Institut Bauen und Umwelt e.V. (IBU);;;;1;m3;;1 m3 unbewehrter Beton;;;;;;;;;;;C1;;;;;;;;;;2.76;0;2.76;41.9;0;41.9;0;0;0;0.04;0.000000000183;0.00682;0.0000527;0;0;0;0;0;0.0156;3.32;0.0115;3.3;0.0122;;0.000000178;0.0742;0.0000063;0.082;;;0.00535;;0.000000000000647;0.0208;41.9;0.000000317;0.0153;;;;;;;;;;;;;;;;;;;
835e2aac-52d3-4779-bf65-cf712d423429;00.01.000;;Concrete C40/50, Type number 988429096;;;'EN 15804+A2';;DE;specific dataset;2023;2028;;;2023-11-21;EPD-SPE-20230460-IBA1-DE;Institut Bauen und Umwelt e.V. (IBU);;;;1;m3;;1 m3 unbewehrter Beton;;;;;;;;;;;C2;;;;;;;;;;8.9;0;8.9;135;0;135;0;0;0;0.14;0.000000000591;0.022;0.00017;0;0;0;0;0;0.0357;10.3;0.0371;10.3;0.0393;;0.000000213;0.0169;0.0000203;0.188;;;0.0173;;0.00000000000209;0.0355;135;0.00000102;0.0438;;;;;;;;;;;;;;;;;;;
835e2aac-52d3-4779-bf65-cf712d423429;00.01.000;;Concrete C40/50, Type number 988429096;;;'EN 15804+A2';;DE;specific dataset;2023;2028;;;2023-11-21;EPD-SPE-20230460-IBA1-DE;Institut Bauen und Umwelt e.V. (IBU);;;;1;m3;;1 m3 unbewehrter Beton;;;;;;;;;;;C3;;;;;;;;;;3.64;0;3.64;87.1;0;87.1;0;0;0;0.04;0.00000000328;0.0199;0.00199;0;2360;0;0;0;0.0173;6.3;0.0118;6.28;0.0107;;0.000000179;0.00765;0.0000057;0.0843;;;0.303;;0.00000000000831;0.0213;87;0.000000439;0.0319;;;;;;;;;;;;;;;;;;;
835e2aac-52d3-4779-bf65-cf712d423429;00.01.000;;Concrete C40/50, Type number 988429096;;;'EN 15804+A2';;DE;specific dataset;2023;2028;;;2023-11-21;EPD-SPE-20230460-IBA1-DE;Institut Bauen und Umwelt e.V. (IBU);;;;1;m3;;1 m3 unbewehrter Beton;;;;;;;;;;;C4;;;;;;;;;;;;;;;;;;;;;;;;0;;;;;;;;;;;;;;;;;;;;;;;;;;;;;;;;;;;;;;;;;
835e2aac-52d3-4779-bf65-cf712d423429;00.01.000;;Concrete C40/50, Type number 988429096;;;'EN 15804+A2';;DE;specific dataset;2023;2028;;;2023-11-21;EPD-SPE-20230460-IBA1-DE;Institut Bauen und Umwelt e.V. (IBU);;;;1;m3;;1 m3 unbewehrter Beton;;;;;;;;;;;D;;;;;;;;;;-73;0;-73;-157;0;-157;2360;0;0;-1.49;-0.00000000996;-23.1;-0.00775;0;0;0;0;0;-0.029;-12.1;-0.106;-12;-0.0202;;-0.00000129;-0.0111;-0.0000402;-0.125;;;-0.774;;-0.00000000015;-0.0269;-156;-0.00000367;-2.94;;;;;;;;;;;;;;;;;;;
10897897-fe09-4ab2-b954-c710b612f581;00.01.000;;Classic Max;;;'EN 15804+A2';;China;specific dataset;2024;2029;;;2024-03-12;EPD-KNA-20240025-IBI1-EN;Institut Bauen und Umwelt e.V. (IBU);;;;1;qm;;1 m² Classic Max mineral ceiling tiles with a surface weight of 3.76 kg/m².;;;;;;;;;;;A1-A3;;;;;;;;;;111;11.1;122;297;0.391;297;0.136;0;0;0.185;0.00000154;3.72;0.0121;0;0;0;0;0;0.0624;18.4;-0.932;19.3;0.0133;96.3;0.00000063;0.0136;0.0000422;0.16;0.0000000767;0.00000861;1.98;479;0.000000000134;0.0442;297;0.00028;5.59;;;;;;;;;;;;;;;;;;;
10897897-fe09-4ab2-b954-c710b612f581;00.01.000;;Classic Max;;;'EN 15804+A2';;China;specific dataset;2024;2029;;;2024-03-12;EPD-KNA-20240025-IBI1-EN;Institut Bauen und Umwelt e.V. (IBU);;;;1;qm;;1 m² Classic Max mineral ceiling tiles with a surface weight of 3.76 kg/m².;;;;;;;;;;;C1;;;;;;;;;;0;0;0;0;0;0;0;0;0;0;0;0;0;0;0;0;0;0;0;0;0;0;0;0;0;0;0;0;0;0;0;0;0;0;0;0;0;;;;;;;;;;;;;;;;;;;
10897897-fe09-4ab2-b954-c710b612f581;00.01.000;;Classic Max;;;'EN 15804+A2';;China;specific dataset;2024;2029;;;2024-03-12;EPD-KNA-20240025-IBI1-EN;Institut Bauen und Umwelt e.V. (IBU);;;;1;qm;;1 m² Classic Max mineral ceiling tiles with a surface weight of 3.76 kg/m².;;;;;;;;;;;C2;;;;;;;;;;0.000844;0;0.000844;0.156;0;0.156;0;0;0;0.00000242;0.000000000000391;0.00000647;0.0000000878;0;0;0;0;0;0.0000379;0.0118;0.000499;0.0113;0.000000294;0.185;0.000000000204;0.0000172;0.00000000142;0.000189;0.00000000000297;0.000000000103;0.00000582;0.00046;0.00000000000000111;0.0000342;0.156;0.000000000457;0.000096;;;;;;;;;;;;;;;;;;;
10897897-fe09-4ab2-b954-c710b612f581;00.01.000;;Classic Max;;;'EN 15804+A2';;China;specific dataset;2024;2029;;;2024-03-12;EPD-KNA-20240025-IBI1-EN;Institut Bauen und Umwelt e.V. (IBU);;;;1;qm;;1 m² Classic Max mineral ceiling tiles with a surface weight of 3.76 kg/m².;;;;;;;;;;;C3;;;;;;;;;;0;0;0;0;0;0;0;0;0;0;0;0;0;0;0;0;0;0;0;0;0;0;0;0;0;0;0;0;0;0;0;0;0;0;0;0;0;;;;;;;;;;;;;;;;;;;
10897897-fe09-4ab2-b954-c710b612f581;00.01.000;;Classic Max;;;'EN 15804+A2';;China;specific dataset;2024;2029;;;2024-03-12;EPD-KNA-20240025-IBI1-EN;Institut Bauen und Umwelt e.V. (IBU);;;;1;qm;;1 m² Classic Max mineral ceiling tiles with a surface weight of 3.76 kg/m².;;;;;;;;;;;C4;;;;;;;;;;0.11;0;0.11;0.736;0;0.736;0;0;0;0.000187;0.0000000000378;3.76;0.00000817;0;0;0;0;0;0.000398;1;0.946;0.0561;0.000104;0.412;0.0000000049;0.000102;0.0000000951;0.00112;0.0000000000628;0.00000000696;0.000907;0.153;0.000000000000132;0.000309;0.735;0.00000000575;0.00615;;;;;;;;;;;;;;;;;;;
10897897-fe09-4ab2-b954-c710b612f581;00.01.000;;Classic Max;;;'EN 15804+A2';;China;specific dataset;2024;2029;;;2024-03-12;EPD-KNA-20240025-IBI1-EN;Institut Bauen und Umwelt e.V. (IBU);;;;1;qm;;1 m² Classic Max mineral ceiling tiles with a surface weight of 3.76 kg/m².;;;;;;;;;;;D;;;;;;;;;;0;0;0;0;0;0;0;0;0;0;0;0;0;0;0;0;0;0;0;0;0;0;0;0;0;0;0;0;0;0;0;0;0;0;0;0;0;;;;;;;;;;;;;;;;;;;
357bfd96-8786-48ba-b83f-a4e6cc46fe71;00.01.000;;EGGER DHF;;;'EN 15804+A2';;DE;specific dataset;2021;2027;;;2021-04-19;EPD-EGG-20200247-IBD2-DE;Institut Bauen und Umwelt e.V. (IBU);;;;1;m3;;1 m³ EGGER DHF-Platte mit einer durchschnittlichen Rohdichte von 615 kg/m³ und einer Auslieferungsfeuchte von 7,5 %.;;;;;;;;;;;A1-A3;;;;;;;;;;31900;10100;42000;5250;403;5660;0.254;3390;0;1.17;0.0000179;10.1;0.161;;;;;;0.873;-584;-983;398;0.543;;;0.342;0.00116;3.69;;;;;0.000000000016;0.988;5660;0.000271;2.79;;;;;;;;;;;;;;;;;;;
357bfd96-8786-48ba-b83f-a4e6cc46fe71;00.01.000;;EGGER DHF;;;'EN 15804+A2';;DE;specific dataset;2021;2027;;;2021-04-19;EPD-EGG-20200247-IBD2-DE;Institut Bauen und Umwelt e.V. (IBU);;;;1;m3;;1 m³ EGGER DHF-Platte mit einer durchschnittlichen Rohdichte von 615 kg/m³ und einer Auslieferungsfeuchte von 7,5 %.;;;;;;;;;;;C1;;;;;;;;;;0;0;0;0;0;0;0;0;0;0;0;0;0;;;;;;0;0;0;0;0;;;0;0;0;;;;;0;0;0;0;0;;;;;;;;;;;;;;;;;;;
357bfd96-8786-48ba-b83f-a4e6cc46fe71;00.01.000;;EGGER DHF;;;'EN 15804+A2';;DE;specific dataset;2021;2027;;;2021-04-19;EPD-EGG-20200247-IBD2-DE;Institut Bauen und Umwelt e.V. (IBU);;;;1;m3;;1 m³ EGGER DHF-Platte mit einer durchschnittlichen Rohdichte von 615 kg/m³ und einer Auslieferungsfeuchte von 7,5 %.;;;;;;;;;;;C2;;;;;;;;;;1.47;0;1.47;25.6;0;25.6;0;0;0;0.00171;0.00000118;0.00405;0.0000471;;;;;;0.00648;1.93;-0.0032;1.92;0.0154;;;0.00292;0.00000581;0.0327;;;;;0.00000000000000035;0.00575;25.5;0.000000154;0.0186;;;;;;;;;;;;;;;;;;;
357bfd96-8786-48ba-b83f-a4e6cc46fe71;00.01.000;;EGGER DHF;;;'EN 15804+A2';;DE;specific dataset;2021;2027;;;2021-04-19;EPD-EGG-20200247-IBD2-DE;Institut Bauen und Umwelt e.V. (IBU);;;;1;m3;;1 m³ EGGER DHF-Platte mit einer durchschnittlichen Rohdichte von 615 kg/m³ und einer Auslieferungsfeuchte von 7,5 %.;;;;;;;;;;;C3;;;;;;;;;;;;;494;-403;90.8;0;0;0;0.0465;0.0000000376;0.0644;0.0138;;;;;;0.0114;998;993;5.16;0.00748;;;0.00253;0.0000138;0.0266;;;;;0.000000000000113;0.00693;90.8;0.00000149;1.12;;;;;;;;;;;;;;;;;;;
357bfd96-8786-48ba-b83f-a4e6cc46fe71;00.01.000;;EGGER DHF;;;'EN 15804+A2';;DE;specific dataset;2021;2027;;;2021-04-19;EPD-EGG-20200247-IBD2-DE;Institut Bauen und Umwelt e.V. (IBU);;;;1;m3;;1 m³ EGGER DHF-Platte mit einer durchschnittlichen Rohdichte von 615 kg/m³ und einer Auslieferungsfeuchte von 7,5 %.;;;;;;;;;;;C4;;;;;;;;;;0;0;0;0;0;0;0;0;0;0;0;0;0;;;;;;0;0;0;0;0;;;0;0;0;;;;;0;0;0;0;0;;;;;;;;;;;;;;;;;;;
357bfd96-8786-48ba-b83f-a4e6cc46fe71;00.01.000;;EGGER DHF;;;'EN 15804+A2';;DE;specific dataset;2021;2027;;;2021-04-19;EPD-EGG-20200247-IBD2-DE;Institut Bauen und Umwelt e.V. (IBU);;;;1;m3;;1 m³ EGGER DHF-Platte mit einer durchschnittlichen Rohdichte von 615 kg/m³ und einer Auslieferungsfeuchte von 7,5 %.;;;;;;;;;;;D;;;;;;;;;;-1770;0;-1770;-7020;0;-7020;0;7700;308;-1.43;-0.00000238;0.257;-0.604;;;;;;0.273;-352;-1.02;-351;-0.332;;;0.0693;-0.00061;0.824;;;;;-0.00000000000498;0.293;-7020;-0.0000749;-23;;;;;;;;;;;;;;;;;;;
31a18838-10b3-43dd-a3d8-f37b6e2c122d;00.01.000;;BEST 47H Mortise Series;;;'EN 15804+A2';;US;specific dataset;2022;2027;;;2022-09-06;EPD-DOR-20220212-CBA1-EN;Institut Bauen und Umwelt e.V. (IBU);;;;1;mortise;;1 mortise lock (1 piece) of the BEST 47H Series;;;;;;;;;;;A1-A3;;;;;;;;;;24.8;0.015;24.8;122;0.811;123;2.61;0;0;0.0691;0.000000379;0.916;0.00497;0;0;0;0.017;0.031;0.052;9.94;0.053;9.87;0.0115;66;0.000000596;0.00725;0.0000145;0.075;0.00000059;0.000000246;0.677;28.3;0.0000000000103;0.0217;123;0.00204;2.15;;;;;;;;;;;;;;;;;;;
31a18838-10b3-43dd-a3d8-f37b6e2c122d;00.01.000;;BEST 47H Mortise Series;;;'EN 15804+A2';;US;specific dataset;2022;2027;;;2022-09-06;EPD-DOR-20220212-CBA1-EN;Institut Bauen und Umwelt e.V. (IBU);;;;1;mortise;;1 mortise lock (1 piece) of the BEST 47H Series;;;;;;;;;;;A4;;;;;;;;;;0.026;0;0.026;8.28;0;8.28;0;0;0;0.0000472;0.000000000805;0.000847;0.00000895;0;0;0;0;0;0.005;0.623;0.022;0.601;0.0000139;5.86;0.0000000808;0.001;0.00000013;0.015;0.00000000011;0.00000000481;0.001;0.021;0.0000000000000000621;0.004;8.27;0.0000000175;0.001;;;;;;;;;;;;;;;;;;;
31a18838-10b3-43dd-a3d8-f37b6e2c122d;00.01.000;;BEST 47H Mortise Series;;;'EN 15804+A2';;US;specific dataset;2022;2027;;;2022-09-06;EPD-DOR-20220212-CBA1-EN;Institut Bauen und Umwelt e.V. (IBU);;;;1;mortise;;1 mortise lock (1 piece) of the BEST 47H Series;;;;;;;;;;;A5;;;;;;;;;;;;;0.0000761;0;0.0000761;0;0;0;0.000000704;0.000000000000112;0.00000755;0.000000004;0;0;0;0.000365;0.000661;0.0000000675;0.000241;0.000235;0.00000604;0.00000000397;0.0000361;0.000000000000374;0.0000000244;0.0000000000085;0.000000304;0.00000000000000191;0.0000000000000828;0.000000619;0.0000202;0.0000000000000000000434;0.0000000646;0.0000761;0.000000000000686;0.0000299;;;;;;;;;;;;;;;;;;;
31a18838-10b3-43dd-a3d8-f37b6e2c122d;00.01.000;;BEST 47H Mortise Series;;;'EN 15804+A2';;US;specific dataset;2022;2027;;;2022-09-06;EPD-DOR-20220212-CBA1-EN;Institut Bauen und Umwelt e.V. (IBU);;;;1;mortise;;1 mortise lock (1 piece) of the BEST 47H Series;;;;;;;;;;;C1;;;;;;;;;;0;0;0;0;0;0;0;0;0;0;0;0;0;0;0;0;0;0;0;0;0;0;0;0;0;0;0;0;0;0;0;0;0;0;0;0;0;;;;;;;;;;;;;;;;;;;
31a18838-10b3-43dd-a3d8-f37b6e2c122d;00.01.000;;BEST 47H Mortise Series;;;'EN 15804+A2';;US;specific dataset;2022;2027;;;2022-09-06;EPD-DOR-20220212-CBA1-EN;Institut Bauen und Umwelt e.V. (IBU);;;;1;mortise;;1 mortise lock (1 piece) of the BEST 47H Series;;;;;;;;;;;C2;;;;;;;;;;0.000708;0;0.000708;0.225;0;0.225;0;0;0;0.00000127;0.0000000000218;0.000023;0.000000241;0;0;0;0;0;0.0000158;0.017;0.000732;0.016;0.000000377;0.159;0.0000000000833;0.00000504;0.00000000339;0.000056;0.00000000000299;0.000000000128;0.0000345;0.000577;0.00000000000000000167;0.0000143;0.224;0.000000000475;0.000031;;;;;;;;;;;;;;;;;;;
31a18838-10b3-43dd-a3d8-f37b6e2c122d;00.01.000;;BEST 47H Mortise Series;;;'EN 15804+A2';;US;specific dataset;2022;2027;;;2022-09-06;EPD-DOR-20220212-CBA1-EN;Institut Bauen und Umwelt e.V. (IBU);;;;1;mortise;;1 mortise lock (1 piece) of the BEST 47H Series;;;;;;;;;;;C3;;;;;;;;;;0.021;-0.013;0.008;0.841;-0.811;0.029;0;0;0;0.000155;0.000000000112;0.007;0.00000109;0;3.56;0;0;0;0.0000113;0.063;0.00000147;0.063;0.00000358;0.011;0.000000000144;0.00000254;0.00000000509;0.0000513;0.000000000000953;0.0000000000965;0.0000981;0.009;0.0000000000000000319;0.00000703;0.029;0.000000000438;0.006;;;;;;;;;;;;;;;;;;;
31a18838-10b3-43dd-a3d8-f37b6e2c122d;00.01.000;;BEST 47H Mortise Series;;;'EN 15804+A2';;US;specific dataset;2022;2027;;;2022-09-06;EPD-DOR-20220212-CBA1-EN;Institut Bauen und Umwelt e.V. (IBU);;;;1;mortise;;1 mortise lock (1 piece) of the BEST 47H Series;;;;;;;;;;;C4;;;;;;;;;;0.005;0;0.005;0.04;0;0.04;0;0;0;0.0000101;0.00000000061;0.201;0.000000456;0;0;0;0;0;0.0000219;0.003;0.0000104;0.003;0.00000878;0.023;0.000000000271;0.00000563;0.00000000524;0.0000619;0.00000000000339;0.000000000374;0.0000469;0.008;0.0000000000000000113;0.0000171;0.04;0.000000000274;0.00032;;;;;;;;;;;;;;;;;;;
31a18838-10b3-43dd-a3d8-f37b6e2c122d;00.01.000;;BEST 47H Mortise Series;;;'EN 15804+A2';;US;specific dataset;2022;2027;;;2022-09-06;EPD-DOR-20220212-CBA1-EN;Institut Bauen und Umwelt e.V. (IBU);;;;1;mortise;;1 mortise lock (1 piece) of the BEST 47H Series;;;;;;;;;;;D;;;;;;;;;;-4.26;0;-4.26;-35.8;0;-35.8;0;0;0;-0.033;-0.00000157;-0.019;-0.000293;0;0;0;0;0;-0.01;-3.28;0.006;-3.29;-0.003;-11;-0.000000207;-0.002;-0.00000295;-0.02;-0.0000000014;0.000000203;-0.023;-1.47;-0.00000000000000237;-0.006;-35.7;0.0000322;-0.824;;;;;;;;;;;;;;;;;;;
b1f8becf-483c-4b5c-95e7-6c73d5a270d3;00.01.000;;VELUX frame extension LGI;;;'EN 15804+A2';;Hungary;specific dataset;2024;2029;;;2024-03-11;EPD-VEL-20230505-CBA2-EN;Institut Bauen und Umwelt e.V. (IBU);;;;1;qm;;1 m²;;;;;;;;;;;A1-A3;;;;;;;;;;181;70.2;251;180;14.8;195;1.07;0;0;0.0753;0.000000385;0.341;0.0132;;;;;;0.032;1.8;-7.07;8.86;0.0179;;;0.0125;0.0000928;0.131;;;;;0.0000000000965;0.0337;194;0.00000335;1.79;;;;;;;;;;;;;;;;;;;
b1f8becf-483c-4b5c-95e7-6c73d5a270d3;00.01.000;;VELUX frame extension LGI;;;'EN 15804+A2';;Hungary;specific dataset;2024;2029;;;2024-03-11;EPD-VEL-20230505-CBA2-EN;Institut Bauen und Umwelt e.V. (IBU);;;;1;qm;;1 m²;;;;;;;;;;;C1;;;;;;;;;;0;0;0;0;0;0;0;0;0;0;0;0;0;;;;;;0;0;0;0;0;;;0;0;0;;;;;0;0;0;0;0;;;;;;;;;;;;;;;;;;;
b1f8becf-483c-4b5c-95e7-6c73d5a270d3;00.01.000;;VELUX frame extension LGI;;;'EN 15804+A2';;Hungary;specific dataset;2024;2029;;;2024-03-11;EPD-VEL-20230505-CBA2-EN;Institut Bauen und Umwelt e.V. (IBU);;;;1;qm;;1 m²;;;;;;;;;;;C2;;;;;;;;;;0.0179;0;0.0179;0.248;0;0.248;0;0;0;0.0000197;0.000000000000767;0.0000377;0.000000463;;;;;;0.0000364;0.0194;0.000806;0.0184;0.000168;;;0.000015;0.0000000662;0.000171;;;;;0.00000000000000236;0.0000325;0.247;0.00000000119;0.000219;;;;;;;;;;;;;;;;;;;
b1f8becf-483c-4b5c-95e7-6c73d5a270d3;00.01.000;;VELUX frame extension LGI;;;'EN 15804+A2';;Hungary;specific dataset;2024;2029;;;2024-03-11;EPD-VEL-20230505-CBA2-EN;Institut Bauen und Umwelt e.V. (IBU);;;;1;qm;;1 m²;;;;;;;;;;;C3;;;;;;;;;;68.8;-68.1;0.69;16.4;-13.6;2.82;0;0;0;0.0223;0.0000000000449;0.38;0.000133;;;;;;0.00136;9.88;6.91;2.97;0.0000712;;;0.000385;0.000000321;0.0058;;;;;0.00000000000117;0.00107;2.81;0.0000000107;0.946;;;;;;;;;;;;;;;;;;;
b1f8becf-483c-4b5c-95e7-6c73d5a270d3;00.01.000;;VELUX frame extension LGI;;;'EN 15804+A2';;Hungary;specific dataset;2024;2029;;;2024-03-11;EPD-VEL-20230505-CBA2-EN;Institut Bauen und Umwelt e.V. (IBU);;;;1;qm;;1 m²;;;;;;;;;;;C4;;;;;;;;;;0;0;0;0;0;0;0;0;0;0;0;0;0;;;;;;0;0;0;0;0;;;0;0;0;;;;;0;0;0;0;0;;;;;;;;;;;;;;;;;;;
b1f8becf-483c-4b5c-95e7-6c73d5a270d3;00.01.000;;VELUX frame extension LGI;;;'EN 15804+A2';;Hungary;specific dataset;2024;2029;;;2024-03-11;EPD-VEL-20230505-CBA2-EN;Institut Bauen und Umwelt e.V. (IBU);;;;1;qm;;1 m²;;;;;;;;;;;D;;;;;;;;;;-15.4;0;-15.4;-55.4;0;-55.4;0.128;0;0;-0.0135;-0.00000000284;0.00459;-0.00413;;;;;;-0.0041;-3.16;-0.0165;-3.15;-0.000193;;;-0.00114;-0.00000474;-0.0121;;;;;-0.0000000000228;-0.00329;-55.4;-0.000000763;-0.317;;;;;;;;;;;;;;;;;;;
a5b10256-1374-46b7-b349-3e9639192385;00.01.000;;Astron PRS Product (steel elements made of welded sections);;;'EN 15804+A2';;DE;specific dataset;2024;2029;;;2024-07-02;EPD-AST-20240034-IBI1-EN;Institut Bauen und Umwelt e.V. (IBU);;;;1;t;;1 t of PRS structural steel;;;;;;;;;;;A1-A3;;;;;;;;;;2820;112;2930;29500;0;29500;168;0;0;41.5;0.204;1430;0.0853;0;0;0;0;0;10.4;2500;-10.8;2500;1.3;0;0.000182;2.14;0.11;24.6;0.0000171;0.0000273;65.2;10700;0.0000511;11.8;29500;0.0177;794;;;;;;;;;;;;;;;;;;;
a5b10256-1374-46b7-b349-3e9639192385;00.01.000;;Astron PRS Product (steel elements made of welded sections);;;'EN 15804+A2';;DE;specific dataset;2024;2029;;;2024-07-02;EPD-AST-20240034-IBI1-EN;Institut Bauen und Umwelt e.V. (IBU);;;;1;t;;1 t of PRS structural steel;;;;;;;;;;;A5;;;;;;;;;;;;;78;0;78;0;0;0;0.0132;0.000521;0.6;0.0000203;0;0;0;16.4;31.3;0.0487;16.6;10.8;5.89;0.000948;0;0.00000136;0.0222;0.0000248;0.241;0.00000000189;0.0000000185;0.0204;10.4;0.0000000986;0.0728;78;0.0000044;0.187;;;;;;;;;;;;;;;;;;;
a5b10256-1374-46b7-b349-3e9639192385;00.01.000;;Astron PRS Product (steel elements made of welded sections);;;'EN 15804+A2';;DE;specific dataset;2024;2029;;;2024-07-02;EPD-AST-20240034-IBI1-EN;Institut Bauen und Umwelt e.V. (IBU);;;;1;t;;1 t of PRS structural steel;;;;;;;;;;;C1;;;;;;;;;;0.373;0;0.373;66.4;0;66.4;0;0;0;0.0106;0.000447;0.118;0.0000122;120;0;0;0;0;0.047;5.07;0;5.07;0.000571;0;0.00000131;0.0218;0.0000183;0.237;0.00000000155;0.0000000108;0.0136;4.47;0.0000000806;0.0701;66.4;0.00000177;0.143;;;;;;;;;;;;;;;;;;;
a5b10256-1374-46b7-b349-3e9639192385;00.01.000;;Astron PRS Product (steel elements made of welded sections);;;'EN 15804+A2';;DE;specific dataset;2024;2029;;;2024-07-02;EPD-AST-20240034-IBI1-EN;Institut Bauen und Umwelt e.V. (IBU);;;;1;t;;1 t of PRS structural steel;;;;;;;;;;;C2;;;;;;;;;;1.81;0;1.81;117;0;117;0;0;0;0.0305;0.000743;5.85;0.000067;0;0;0;0;0;0.018;8.23;0;8.22;0.00406;0;0.00000061;0.00442;0.0000668;0.0461;0.00000000375;0.0000000829;0.0592;70.6;0.000000179;0.0279;117;0.0000269;0.481;;;;;;;;;;;;;;;;;;;
a5b10256-1374-46b7-b349-3e9639192385;00.01.000;;Astron PRS Product (steel elements made of welded sections);;;'EN 15804+A2';;DE;specific dataset;2024;2029;;;2024-07-02;EPD-AST-20240034-IBI1-EN;Institut Bauen und Umwelt e.V. (IBU);;;;1;t;;1 t of PRS structural steel;;;;;;;;;;;C3;;;;;;;;;;1.22;0;1.22;194;0;194;0;0;0;0.0393;0.000526;9.33;0.000995;0;881;0;0;0;0.0581;13.2;0;13.2;0.00154;0;0.00000108;0.0214;0.000463;0.236;0.00000000285;0.0000000821;0.417;17.4;0.000000167;0.0706;194;0.00000957;0.371;;;;;;;;;;;;;;;;;;;
a5b10256-1374-46b7-b349-3e9639192385;00.01.000;;Astron PRS Product (steel elements made of welded sections);;;'EN 15804+A2';;DE;specific dataset;2024;2029;;;2024-07-02;EPD-AST-20240034-IBI1-EN;Institut Bauen und Umwelt e.V. (IBU);;;;1;t;;1 t of PRS structural steel;;;;;;;;;;;C4;;;;;;;;;;0;0;0;0;0;0;0;0;0;0;0;0;0;0;0;0;0;0;0;0;0;0;0;0;0;0;0;0;0;0;0;0;0;0;0;0;0;;;;;;;;;;;;;;;;;;;
a5b10256-1374-46b7-b349-3e9639192385;00.01.000;;Astron PRS Product (steel elements made of welded sections);;;'EN 15804+A2';;DE;specific dataset;2024;2029;;;2024-07-02;EPD-AST-20240034-IBI1-EN;Institut Bauen und Umwelt e.V. (IBU);;;;1;t;;1 t of PRS structural steel;;;;;;;;;;;D;;;;;;;;;;-991;0;-991;-11500;0;-11500;-18.5;0;0;-12.6;-0.125;-517;0.0119;0;0;0;0;0;-5.08;-1210;0;-1210;-0.272;0;-0.0000815;-1.04;-0.0545;-12.1;0.00000684;-0.00000875;5.6;-3360;-0.0000254;-6.28;-11600;-0.0112;-149;;;;;;;;;;;;;;;;;;;
4b19bab9-db33-4cb4-90c7-bce47dfa7b08;00.01.000;;ES PROLINE;;;'EN 15804+A1';;DE;specific dataset;2021;2026;;;2021-06-28;EPD-DOR-20200269-IBA1-EN;Institut Bauen und Umwelt e.V. (IBU);;;;1;pce;;1 pce.;;;;;;;;;;;A1-A3;;;207;0.0000112;0.0801;1.16;;0.0558;2650;380;37.7;418;2900;89.3;2990;14.3;0;0;6.51;0.00000958;7.85;0.0474;0;2.89;0;0;0;;;;;;;;;;;;;;;;;;;;;;;;;;;;;;;;;;;;;;
4b19bab9-db33-4cb4-90c7-bce47dfa7b08;00.01.000;;ES PROLINE;;;'EN 15804+A1';;DE;specific dataset;2021;2026;;;2021-06-28;EPD-DOR-20200269-IBA1-EN;Institut Bauen und Umwelt e.V. (IBU);;;;1;pce;;1 pce.;;;;;;;;;;;A4;;;2.77;0.00000000000000041;-0.000725;0.0434;;0.000000161;36.1;1.23;0;1.23;36.2;0;36.2;0;0;0;0.00145;0.000000976;0.00477;0.0000429;0;0;0;0;0;;;;;;;;;;;;;;;;;;;;;;;;;;;;;;;;;;;;;;
4b19bab9-db33-4cb4-90c7-bce47dfa7b08;00.01.000;;ES PROLINE;;;'EN 15804+A1';;DE;specific dataset;2021;2026;;;2021-06-28;EPD-DOR-20200269-IBA1-EN;Institut Bauen und Umwelt e.V. (IBU);;;;1;pce;;1 pce.;;;;;;;;;;;A5;;;4.8;0.00000000000000444;0.000146;0.00187;;0.0000171;7.29;38.7;-37.7;1.02;8.22;-0.344;7.88;0;0;0;0.0136;0.0000000227;0.137;0.000235;0;0;2.98;6.57;11.9;;;;;;;;;;;;;;;;;;;;;;;;;;;;;;;;;;;;;;
4b19bab9-db33-4cb4-90c7-bce47dfa7b08;00.01.000;;ES PROLINE;;;'EN 15804+A1';;DE;specific dataset;2021;2026;;;2021-06-28;EPD-DOR-20200269-IBA1-EN;Institut Bauen und Umwelt e.V. (IBU);;;;1;pce;;1 pce.;;;;;;;;;;;B6;;;390;0.0000000000117;0.0583;0.819;;0.00013;4320;3100;0;3100;7000;0;7000;0;0;0;3.59;0.0000029;4.96;1.06;0;0;0;0;0;;;;;;;;;;;;;;;;;;;;;;;;;;;;;;;;;;;;;;
4b19bab9-db33-4cb4-90c7-bce47dfa7b08;00.01.000;;ES PROLINE;;;'EN 15804+A1';;DE;specific dataset;2021;2026;;;2021-06-28;EPD-DOR-20200269-IBA1-EN;Institut Bauen und Umwelt e.V. (IBU);;;;1;pce;;1 pce.;;;;;;;;;;;C1;;;0.00411;0.000000000000000123;0.000000615;0.00000863;;0.00000000137;0.0456;0.0327;0;0.0327;0.0737;0;0.0737;0;0;0;0.0000378;0.0000000000305;0.0000523;0.0000112;0;0;0;0;0;;;;;;;;;;;;;;;;;;;;;;;;;;;;;;;;;;;;;;
4b19bab9-db33-4cb4-90c7-bce47dfa7b08;00.01.000;;ES PROLINE;;;'EN 15804+A1';;DE;specific dataset;2021;2026;;;2021-06-28;EPD-DOR-20200269-IBA1-EN;Institut Bauen und Umwelt e.V. (IBU);;;;1;pce;;1 pce.;;;;;;;;;;;C2;;;0.214;0.0000000000000000681;-0.000343;0.00091;;0.0000000201;2.92;0.171;0;0.171;2.93;0;2.93;0;0;0;0.000184;0.000000127;0.000483;0.00000493;0;0;0;0;0;;;;;;;;;;;;;;;;;;;;;;;;;;;;;;;;;;;;;;
4b19bab9-db33-4cb4-90c7-bce47dfa7b08;00.01.000;;ES PROLINE;;;'EN 15804+A1';;DE;specific dataset;2021;2026;;;2021-06-28;EPD-DOR-20200269-IBA1-EN;Institut Bauen und Umwelt e.V. (IBU);;;;1;pce;;1 pce.;;;;;;;;;;;C3;;;6.73;0.0000000000000419;0.0000885;0.0022;;0.000000989;3.77;0.878;0;0.878;93;-88.9;4.13;0;0;0;0.0185;0.0000000155;1.04;0.000145;0;21.2;3.43;12.9;27.6;;;;;;;;;;;;;;;;;;;;;;;;;;;;;;;;;;;;;;
4b19bab9-db33-4cb4-90c7-bce47dfa7b08;00.01.000;;ES PROLINE;;;'EN 15804+A1';;DE;specific dataset;2021;2026;;;2021-06-28;EPD-DOR-20200269-IBA1-EN;Institut Bauen und Umwelt e.V. (IBU);;;;1;pce;;1 pce.;;;;;;;;;;;C4;;;0;0;0;0;;0;0;0;0;0;0;0;0;0;0;0;0;0;0;0;0;0;0;0;0;;;;;;;;;;;;;;;;;;;;;;;;;;;;;;;;;;;;;;
4b19bab9-db33-4cb4-90c7-bce47dfa7b08;00.01.000;;ES PROLINE;;;'EN 15804+A1';;DE;specific dataset;2021;2026;;;2021-06-28;EPD-DOR-20200269-IBA1-EN;Institut Bauen und Umwelt e.V. (IBU);;;;1;pce;;1 pce.;;;;;;;;;;;D;;;-30.4;-0.000000000000127;-0.00956;-0.108;;-0.00309;-341;-132;0;-132;-397;0;-397;9.6;0;0;-0.361;-0.000000117;-4.87;-0.0241;0;0;0;0;0;;;;;;;;;;;;;;;;;;;;;;;;;;;;;;;;;;;;;;
70be7680-6b72-4c01-8015-debd1f103fc4;00.01.000;;EcoWorx S? Carpet Tile with EcoSolution Q100? Face Fibre;;;'EN 15804+A2';;UK;specific dataset;2023;2028;;;2023-11-06;EPD-SHA-20230447-CBA1-EN;Institut Bauen und Umwelt e.V. (IBU);;;;1;qm;;1 m2 of installed EcoWorx STM Carpet Tile;;;;;;;;;;;A1-A3;;;;;;;;;;9.15;5.31;14.5;69.7;51.6;120;1.47;0;0;0.0257;0.00000000645;0.355;0.0038;0;0;0;0;0;0.0156;4.25;-0.342;4.59;0.00256;53.2;0.000000189;0.0043;0.0000195;0.0468;0.00000000114;0.0000000471;0.367;11.4;0.00000000828;0.0129;113;0.000002;0.671;;;;;;;;;;;;;;;;;;;
70be7680-6b72-4c01-8015-debd1f103fc4;00.01.000;;EcoWorx S? Carpet Tile with EcoSolution Q100? Face Fibre;;;'EN 15804+A2';;UK;specific dataset;2023;2028;;;2023-11-06;EPD-SHA-20230447-CBA1-EN;Institut Bauen und Umwelt e.V. (IBU);;;;1;qm;;1 m2 of installed EcoWorx STM Carpet Tile;;;;;;;;;;;A4;;;;;;;;;;0.141;0;0.141;2.48;0;2.48;0;0;0;0.000151;0.0000000000113;0.000338;0.0000029;0;0;0;0;0;0.000181;0.177;-0.000243;0.176;0.000981;1.63;0.00000000105;0.0000593;0.000000525;0.000706;0.0000000000329;0.00000000171;0.000426;0.81;0.0000000000000105;0.00016;2.35;0.0000000147;0.00158;;;;;;;;;;;;;;;;;;;
70be7680-6b72-4c01-8015-debd1f103fc4;00.01.000;;EcoWorx S? Carpet Tile with EcoSolution Q100? Face Fibre;;;'EN 15804+A2';;UK;specific dataset;2023;2028;;;2023-11-06;EPD-SHA-20230447-CBA1-EN;Institut Bauen und Umwelt e.V. (IBU);;;;1;qm;;1 m2 of installed EcoWorx STM Carpet Tile;;;;;;;;;;;A5;;;;;;;;;;5.1;-4.19;0.916;1.51;-0.317;1.19;0.0772;0;0;0.00942;0.00000000277;0.19;0.000219;0;0.181;0;0.0637;0.0977;0.00122;0.322;-0.00435;0.326;0.000221;3.75;0.0000000147;0.000297;0.0000148;0.00387;0.0000000000936;0.00000000446;0.0218;11;0.000000000436;0.000997;7.24;0.00000013;0.105;;;;;;;;;;;;;;;;;;;
70be7680-6b72-4c01-8015-debd1f103fc4;00.01.000;;EcoWorx S? Carpet Tile with EcoSolution Q100? Face Fibre;;;'EN 15804+A2';;UK;specific dataset;2023;2028;;;2023-11-06;EPD-SHA-20230447-CBA1-EN;Institut Bauen und Umwelt e.V. (IBU);;;;1;qm;;1 m2 of installed EcoWorx STM Carpet Tile;;;;;;;;;;;B1;;;;;;;;;;0;0;0;0;0;0;0;0;0;0;0;0;0;0;0;0;0;0;0;0.000254;0;0.000254;0;0.000115;0;0;0;0;0;0.00000000000307;0;0;0;0.0000141;0;0;0;;;;;;;;;;;;;;;;;;;
70be7680-6b72-4c01-8015-debd1f103fc4;00.01.000;;EcoWorx S? Carpet Tile with EcoSolution Q100? Face Fibre;;;'EN 15804+A2';;UK;specific dataset;2023;2028;;;2023-11-06;EPD-SHA-20230447-CBA1-EN;Institut Bauen und Umwelt e.V. (IBU);;;;1;qm;;1 m2 of installed EcoWorx STM Carpet Tile;;;;;;;;;;;B2;;;;;;;;;;2.88;0;2.88;5.19;0;5.19;0;0;0;0.00275;0.000000000449;0.00477;0.00083;0;0;0;0;0;0.000629;0.289;0.00305;0.286;0.0000606;2.35;0.00000000521;0.000143;0.0000014;0.00148;0.0000000000679;0.00000000265;0.141;1.87;0.00000000000419;0.000382;5.19;0.000000078;0.0654;;;;;;;;;;;;;;;;;;;
70be7680-6b72-4c01-8015-debd1f103fc4;00.01.000;;EcoWorx S? Carpet Tile with EcoSolution Q100? Face Fibre;;;'EN 15804+A2';;UK;specific dataset;2023;2028;;;2023-11-06;EPD-SHA-20230447-CBA1-EN;Institut Bauen und Umwelt e.V. (IBU);;;;1;qm;;1 m2 of installed EcoWorx STM Carpet Tile;;;;;;;;;;;C1;;;;;;;;;;0;0;0;0;0;0;0;0;0;0;0;0;0;0;0;0;0;0;0;0;0;0;0;0;0;0;0;0;0;0;0;0;0;0;0;0;0;;;;;;;;;;;;;;;;;;;
70be7680-6b72-4c01-8015-debd1f103fc4;00.01.000;;EcoWorx S? Carpet Tile with EcoSolution Q100? Face Fibre;;;'EN 15804+A2';;UK;specific dataset;2023;2028;;;2023-11-06;EPD-SHA-20230447-CBA1-EN;Institut Bauen und Umwelt e.V. (IBU);;;;1;qm;;1 m2 of installed EcoWorx STM Carpet Tile;;;;;;;;;;;C2;;;;;;;;;;0.0279;0;0.0279;0.491;0;0.491;0;0;0;0.0000315;0.00000000000235;0.0000704;0.000000605;0;0;0;0;0;0.0000378;0.0368;-0.0000507;0.0367;0.000205;0.34;0.000000000218;0.0000124;0.00000011;0.000147;0.00000000000686;0.000000000356;0.0000887;0.169;0.0000000000000022;0.0000333;0.49;0.00000000307;0.000329;;;;;;;;;;;;;;;;;;;
70be7680-6b72-4c01-8015-debd1f103fc4;00.01.000;;EcoWorx S? Carpet Tile with EcoSolution Q100? Face Fibre;;;'EN 15804+A2';;UK;specific dataset;2023;2028;;;2023-11-06;EPD-SHA-20230447-CBA1-EN;Institut Bauen und Umwelt e.V. (IBU);;;;1;qm;;1 m2 of installed EcoWorx STM Carpet Tile;;;;;;;;;;;C3;;;;;;;;;;0;0;0;0;0;0;0;0;0;0;0;0;0;0;0;0;0;0;0;0;0;0;0;0;0;0;0;0;0;0;0;0;0;0;0;0;0;;;;;;;;;;;;;;;;;;;
70be7680-6b72-4c01-8015-debd1f103fc4;00.01.000;;EcoWorx S? Carpet Tile with EcoSolution Q100? Face Fibre;;;'EN 15804+A2';;UK;specific dataset;2023;2028;;;2023-11-06;EPD-SHA-20230447-CBA1-EN;Institut Bauen und Umwelt e.V. (IBU);;;;1;qm;;1 m2 of installed EcoWorx STM Carpet Tile;;;;;;;;;;;C4;;;;;;;;;;0.225;0;0.225;2.74;0;2.74;0;0;0;0.0000354;0.000000000422;2.71;0.0000336;0;0;0;0;0;0.000571;0.191;-0.00205;0.193;0.0000938;2.68;0.00000000549;0.000126;0.000036;0.00139;0.00000000012;0.0000000101;0.00496;0.197;0.000000000000259;0.000406;2.73;0.0000000134;-0.0019;;;;;;;;;;;;;;;;;;;
70be7680-6b72-4c01-8015-debd1f103fc4;00.01.000;;EcoWorx S? Carpet Tile with EcoSolution Q100? Face Fibre;;;'EN 15804+A2';;UK;specific dataset;2023;2028;;;2023-11-06;EPD-SHA-20230447-CBA1-EN;Institut Bauen und Umwelt e.V. (IBU);;;;1;qm;;1 m2 of installed EcoWorx STM Carpet Tile;;;;;;;;;;;D;;;;;;;;;;3.98;0;3.98;104;0;104;-1.54;0;0;0.0104;0.00000000928;0.00523;0.000685;0;0;0;0;0;0.00948;5.16;0.021;5.14;0.000348;48.4;0.0000000622;0.00266;0.00000418;0.0229;0.00000000137;0.000000052;0.103;2.32;0.00000000000823;0.00861;103;0.000000535;0.204;;;;;;;;;;;;;;;;;;;
558ef255-6c34-4cdc-abb0-5376f84be2d5;00.01.000;;CEM III/A 42,5 R (na), Werk Eisenhüttenstadt;;;'EN 15804+A2';;DE;specific dataset;2024;2029;;;2024-11-26;EPD-CEM-20240347-CAA1-DE;Institut Bauen und Umwelt e.V. (IBU);;;;1000;kg;;1000 kg;;;;;;;;;;;A1-A3;;;;;;;;;;51;0;51;2790;0;2790;490;689;494;0.865;0.113;0.772;;0;0;0;0;0;1.97;513;0.0499;513;0.0502;64.1;0.0000179;0.0065;0.0993;2.88;0.000000938;0.0000128;16.7;620;0.0000148;0.894;2790;0.000129;33.4;;;;;;;;;;;;;;;;;;;
92767c10-f58d-4b73-9f12-d538933b3eb5;00.01.000;;Bachl ReXPS - Extruded Polystyrene (XPS) foam board;;;'EN 15804+A2';;DE;specific dataset;2022;2027;;;2022-11-30;EPD-BAC-20220231-CBA2-DE;Institut Bauen und Umwelt e.V. (IBU);;;;1;m3;;1 m3 Re-XPS insulation board;;;;;;;;;;;A1-A3;;;;;;;;;;69.4;0;69.4;756;30.6;787;28.4;0;0;0.355;0.0000000599;1.3;0.0413;0;0;0;0;0;0.0927;54.2;0.63;53.6;0.0264;401;0.00000155;0.0337;0.000105;0.376;0.0000000072;0.000000397;3.44;60.1;0.000000000172;0.445;786;0.00000493;1.89;;;;;;;;;;;;;;;;;;;
92767c10-f58d-4b73-9f12-d538933b3eb5;00.01.000;;Bachl ReXPS - Extruded Polystyrene (XPS) foam board;;;'EN 15804+A2';;DE;specific dataset;2022;2027;;;2022-11-30;EPD-BAC-20220231-CBA2-DE;Institut Bauen und Umwelt e.V. (IBU);;;;1;m3;;1 m3 Re-XPS insulation board;;;;;;;;;;;A4;;;;;;;;;;0.381;0;0.381;6.71;0;6.71;0;0;0;0.00043;0.0000000000321;0.000962;0.00000826;0;0;0;0;0;0.000477;0.506;0.000153;0.503;0.00279;4.65;0.00000000288;0.000149;0.0000015;0.00178;0.0000000000937;0.00000000485;0.00121;2.3;0.00000000000003;0.000415;6.69;0.0000000419;0.00449;;;;;;;;;;;;;;;;;;;
92767c10-f58d-4b73-9f12-d538933b3eb5;00.01.000;;Bachl ReXPS - Extruded Polystyrene (XPS) foam board;;;'EN 15804+A2';;DE;specific dataset;2022;2027;;;2022-11-30;EPD-BAC-20220231-CBA2-DE;Institut Bauen und Umwelt e.V. (IBU);;;;1;m3;;1 m3 Re-XPS insulation board;;;;;;;;;;;A5;;;;;;;;;;0.0573;0;0.0573;;;;0;0;0;0.00451;0.0000000000229;0.00827;0.0000147;0;0;0;4.45;7.91;0.000207;2.09;0.000067;2.09;0.0000022;0.112;0.00000000121;0.0000432;0.0000000208;0.00097;0.0000000000133;0.000000000414;0.00241;0.0735;0.0000000000000894;0.000129;0.243;0.00000000216;0.192;;;;;;;;;;;;;;;;;;;
92767c10-f58d-4b73-9f12-d538933b3eb5;00.01.000;;Bachl ReXPS - Extruded Polystyrene (XPS) foam board;;;'EN 15804+A2';;DE;specific dataset;2022;2027;;;2022-11-30;EPD-BAC-20220231-CBA2-DE;Institut Bauen und Umwelt e.V. (IBU);;;;1;m3;;1 m3 Re-XPS insulation board;;;;;;;;;;;C1;;;;;;;;;;0;0;0;0;0;0;0;0;0;0;0;0;0;0;0;0;0;0;0;0;0;0;0;0;0;0;0;0;0;0;0;0;0;0;0;0;0;;;;;;;;;;;;;;;;;;;
92767c10-f58d-4b73-9f12-d538933b3eb5;00.01.000;;Bachl ReXPS - Extruded Polystyrene (XPS) foam board;;;'EN 15804+A2';;DE;specific dataset;2022;2027;;;2022-11-30;EPD-BAC-20220231-CBA2-DE;Institut Bauen und Umwelt e.V. (IBU);;;;1;m3;;1 m3 Re-XPS insulation board;;;;;;;;;;;C2;;;;;;;;;;0.372;0;0.372;6.56;0;6.56;0;0;0;0.000421;0.0000000000314;0.00094;0.00000808;0;0;0;0;0;0.000466;0.494;0.00015;0.492;0.00273;4.54;0.00000000282;0.000145;0.00000146;0.00174;0.0000000000915;0.00000000474;0.00118;2.25;0.0000000000000293;0.000406;6.54;0.0000000409;0.00439;;;;;;;;;;;;;;;;;;;
92767c10-f58d-4b73-9f12-d538933b3eb5;00.01.000;;Bachl ReXPS - Extruded Polystyrene (XPS) foam board;;;'EN 15804+A2';;DE;specific dataset;2022;2027;;;2022-11-30;EPD-BAC-20220231-CBA2-DE;Institut Bauen und Umwelt e.V. (IBU);;;;1;m3;;1 m3 Re-XPS insulation board;;;;;;;;;;;C3/1;;;;;;;;;;2.91;0;2.91;12.2;0;12.2;0;0;0;0.21;0.00000000114;0.63;0.000733;0;0;0;198;353;0.00964;110;0.00327;110;0.000128;5.96;0.0000000561;0.00211;0.00000107;0.0452;0.0000000006;0.0000000195;0.12;3.69;0.00000000000458;0.00623;12.1;0.000000111;8.94;;;;;;;;;;;;;;;;;;;
92767c10-f58d-4b73-9f12-d538933b3eb5;00.01.000;;Bachl ReXPS - Extruded Polystyrene (XPS) foam board;;;'EN 15804+A2';;DE;specific dataset;2022;2027;;;2022-11-30;EPD-BAC-20220231-CBA2-DE;Institut Bauen und Umwelt e.V. (IBU);;;;1;m3;;1 m3 Re-XPS insulation board;;;;;;;;;;;C3/2;;;;;;;;;;47.1;0;47.1;84.9;0;84.9;0;0;0;0.045;0.00000000735;0.064;0.0136;0;32.7;0;0;0;0.0103;4.72;0.0421;4.68;0.00099;37.2;0.0000000852;0.00231;0.0000137;0.0242;0.00000000107;0.0000000391;2.3;30.6;0.0000000000685;0.00623;84.9;0.00000128;1.07;;;;;;;;;;;;;;;;;;;
92767c10-f58d-4b73-9f12-d538933b3eb5;00.01.000;;Bachl ReXPS - Extruded Polystyrene (XPS) foam board;;;'EN 15804+A2';;DE;specific dataset;2022;2027;;;2022-11-30;EPD-BAC-20220231-CBA2-DE;Institut Bauen und Umwelt e.V. (IBU);;;;1;m3;;1 m3 Re-XPS insulation board;;;;;;;;;;;C4/3;;;;;;;;;;2.7;0;2.7;32.9;0;32.9;0;0;0;0.000426;0.00000000507;32.6;0.000404;0;0;0;0;0;0.00687;2.29;-0.0247;2.32;0.00113;32.2;0.000000066;0.00152;0.000433;0.0167;0.00000000145;0.000000121;0.0596;2.37;0.00000000000311;0.00489;32.9;0.000000161;-0.0228;;;;;;;;;;;;;;;;;;;
92767c10-f58d-4b73-9f12-d538933b3eb5;00.01.000;;Bachl ReXPS - Extruded Polystyrene (XPS) foam board;;;'EN 15804+A2';;DE;specific dataset;2022;2027;;;2022-11-30;EPD-BAC-20220231-CBA2-DE;Institut Bauen und Umwelt e.V. (IBU);;;;1;m3;;1 m3 Re-XPS insulation board;;;;;;;;;;;D/1;;;;;;;;;;-4.62;0;-4.62;-16.7;0;-16.7;0;0;0;-0.00444;-0.00000000226;-0.00848;-0.00133;0;0;0;0;0;-0.0013;-0.989;-0.00505;-0.984;-0.000109;-3.69;-0.0000000108;-0.000352;-0.00000136;-0.00377;-0.000000000169;-0.00000000649;-0.224;-3;-0.00000000000669;-0.000984;-16.7;-0.000000149;-0.105;;;;;;;;;;;;;;;;;;;
92767c10-f58d-4b73-9f12-d538933b3eb5;00.01.000;;Bachl ReXPS - Extruded Polystyrene (XPS) foam board;;;'EN 15804+A2';;DE;specific dataset;2022;2027;;;2022-11-30;EPD-BAC-20220231-CBA2-DE;Institut Bauen und Umwelt e.V. (IBU);;;;1;m3;;1 m3 Re-XPS insulation board;;;;;;;;;;;D/2;;;;;;;;;;-4.62;0;-4.62;-16.7;0;-16.7;0;0;0;-0.00444;-0.00000000226;-0.00848;-0.00133;0;0;0;0;0;-0.0013;-0.989;-0.00505;-0.984;-0.000109;-3.69;-0.0000000108;-0.000352;-0.00000136;-0.00377;-0.000000000169;-0.00000000649;-0.224;-3;-0.00000000000669;-0.000984;-16.7;-0.000000149;-0.105;;;;;;;;;;;;;;;;;;;
92767c10-f58d-4b73-9f12-d538933b3eb5;00.01.000;;Bachl ReXPS - Extruded Polystyrene (XPS) foam board;;;'EN 15804+A2';;DE;specific dataset;2022;2027;;;2022-11-30;EPD-BAC-20220231-CBA2-DE;Institut Bauen und Umwelt e.V. (IBU);;;;1;m3;;1 m3 Re-XPS insulation board;;;;;;;;;;;D/3;;;;;;;;;;-4.62;0;-4.62;-16.7;0;-16.7;0;0;0;-0.00444;-0.00000000226;-0.00848;-0.00133;0;0;0;0;0;-0.0013;-0.989;-0.00505;-0.984;-0.000109;-3.69;-0.0000000108;-0.000352;-0.00000136;-0.00377;-0.000000000169;-0.00000000649;-0.224;-3;-0.00000000000669;-0.000984;-16.7;-0.000000149;-0.105;;;;;;;;;;;;;;;;;;;
0b7b9459-0918-48e6-ae0a-3b1ef0e38038;00.01.000;;BEST T Deadbolt Series;;;'EN 15804+A2';;US;specific dataset;2022;2027;;;2022-05-04;EPD-DOR-20210320-CBA1-EN;Institut Bauen und Umwelt e.V. (IBU);;;;1;lock;;1 lock (1 piece) of the BEST T Deadbolt Series;;;;;;;;;;;A1-A3;;;;;;;;;;7.81;0.002;7.81;33.4;4.82;38.2;1.07;0;0;0.021;0.0000000898;0.342;0.0015;0;0;0;0.017;0.031;0.0159;2.49;0.012;2.47;0.00334;22.6;0.000000152;0.00121;0.00000376;0.0171;0.000000126;0.0000000643;0.257;10;0.0000000000000215;0.00462;38.2;0.000482;0.687;;;;;;;;;;;;;;;;;;;
0b7b9459-0918-48e6-ae0a-3b1ef0e38038;00.01.000;;BEST T Deadbolt Series;;;'EN 15804+A2';;US;specific dataset;2022;2027;;;2022-05-04;EPD-DOR-20210320-CBA1-EN;Institut Bauen und Umwelt e.V. (IBU);;;;1;lock;;1 lock (1 piece) of the BEST T Deadbolt Series;;;;;;;;;;;A4;;;;;;;;;;0.009;0;0.009;2.72;0;2.72;0;0;0;0.0000155;0.000000000265;0.000278;0.00000294;0;0;0;0;0;0.002;0.205;0.007;0.198;0.00000457;1.93;0.0000000265;0.000447;0.0000000428;0.005;0.0000000000362;0.00000000158;0.000421;0.007;0.0000000000000000204;0.001;2.72;0.00000000575;0.000381;;;;;;;;;;;;;;;;;;;
0b7b9459-0918-48e6-ae0a-3b1ef0e38038;00.01.000;;BEST T Deadbolt Series;;;'EN 15804+A2';;US;specific dataset;2022;2027;;;2022-05-04;EPD-DOR-20210320-CBA1-EN;Institut Bauen und Umwelt e.V. (IBU);;;;1;lock;;1 lock (1 piece) of the BEST T Deadbolt Series;;;;;;;;;;;A5;;;;;;;;;;0.033;0;0.033;4.76;-4.63;0.127;0;0;0;0.00067;0.000000000484;0.028;0.00000471;0;0;0;0.507;1.16;0.0000488;0.274;0.00000638;0.274;0.0000155;0.048;0.000000000622;0.000011;0.000000022;0.000222;0.00000000000412;0.000000000418;0.000424;0.038;0.000000000000000138;0.0000304;0.127;0.00000000189;0.028;;;;;;;;;;;;;;;;;;;
0b7b9459-0918-48e6-ae0a-3b1ef0e38038;00.01.000;;BEST T Deadbolt Series;;;'EN 15804+A2';;US;specific dataset;2022;2027;;;2022-05-04;EPD-DOR-20210320-CBA1-EN;Institut Bauen und Umwelt e.V. (IBU);;;;1;lock;;1 lock (1 piece) of the BEST T Deadbolt Series;;;;;;;;;;;B6;;;;;;;;;;0;0;0;0;0;0;0;0;0;0;0;0;0;0;0;0;0;0;0;0;0;0;0;0;0;0;0;0;0;0;0;0;0;0;0;0;0;;;;;;;;;;;;;;;;;;;
0b7b9459-0918-48e6-ae0a-3b1ef0e38038;00.01.000;;BEST T Deadbolt Series;;;'EN 15804+A2';;US;specific dataset;2022;2027;;;2022-05-04;EPD-DOR-20210320-CBA1-EN;Institut Bauen und Umwelt e.V. (IBU);;;;1;lock;;1 lock (1 piece) of the BEST T Deadbolt Series;;;;;;;;;;;C1;;;;;;;;;;0;0;0;0;0;0;0;0;0;0;0;0;0;0;0;0;0;0;0;0;0;0;0;0;0;0;0;0;0;0;0;0;0;0;0;0;0;;;;;;;;;;;;;;;;;;;
0b7b9459-0918-48e6-ae0a-3b1ef0e38038;00.01.000;;BEST T Deadbolt Series;;;'EN 15804+A2';;US;specific dataset;2022;2027;;;2022-05-04;EPD-DOR-20210320-CBA1-EN;Institut Bauen und Umwelt e.V. (IBU);;;;1;lock;;1 lock (1 piece) of the BEST T Deadbolt Series;;;;;;;;;;;C2;;;;;;;;;;0.000215;0;0.000215;0.068;0;0.068;0;0;0;0.000000385;0.0000000000066;0.00000696;0.0000000731;0;0;0;0;0;0.0000048;;;;;0.048;0.0000000000252;0.00000153;0.00000000103;0.000017;0.000000000000907;0.0000000000388;0.0000104;0.000175;0.000000000000000000506;0.00000432;0.068;0.000000000144;0.0000094;;;;;;;;;;;;;;;;;;;
0b7b9459-0918-48e6-ae0a-3b1ef0e38038;00.01.000;;BEST T Deadbolt Series;;;'EN 15804+A2';;US;specific dataset;2022;2027;;;2022-05-04;EPD-DOR-20210320-CBA1-EN;Institut Bauen und Umwelt e.V. (IBU);;;;1;lock;;1 lock (1 piece) of the BEST T Deadbolt Series;;;;;;;;;;;C3;;;;;;;;;;0.004;-0.002;0.002;0.197;-0.189;0.008;0;0;0;0.0000423;0.0000000000305;0.002;0.000000297;0;1.14;0;0;0;0.00000308;0.017;0.000000403;0.017;0.000000977;0.003;0.0000000000393;0.000000694;0.00000000139;0.000014;0.00000000000026;0.0000000000264;0.0000268;0.002;0.00000000000000000872;0.00000192;0.008;0.00000000012;0.002;;;;;;;;;;;;;;;;;;;
0b7b9459-0918-48e6-ae0a-3b1ef0e38038;00.01.000;;BEST T Deadbolt Series;;;'EN 15804+A2';;US;specific dataset;2022;2027;;;2022-05-04;EPD-DOR-20210320-CBA1-EN;Institut Bauen und Umwelt e.V. (IBU);;;;1;lock;;1 lock (1 piece) of the BEST T Deadbolt Series;;;;;;;;;;;C4;;;;;;;;;;0.00000521;0;0.00000521;0.0000398;0;0.0000398;0;0;0;0.00000001;0.000000000000607;0.0002;0.000000000453;0;0;0;0;0;0.0000000218;0.00000305;0.0000000104;0.00000303;0.00000000873;0.0000227;0.000000000000269;0.0000000056;0.00000000000521;0.0000000616;0.00000000000000337;0.000000000000371;0.0000000466;0.0000083;0.0000000000000000000113;0.000000017;0.0000398;0.000000000000273;0.000000318;;;;;;;;;;;;;;;;;;;
0b7b9459-0918-48e6-ae0a-3b1ef0e38038;00.01.000;;BEST T Deadbolt Series;;;'EN 15804+A2';;US;specific dataset;2022;2027;;;2022-05-04;EPD-DOR-20210320-CBA1-EN;Institut Bauen und Umwelt e.V. (IBU);;;;1;lock;;1 lock (1 piece) of the BEST T Deadbolt Series;;;;;;;;;;;D;;;;;;;;;;-1.07;0;-1.07;-6.96;0;-6.96;0;0;0;-0.007;-0.000000125;-0.022;-0.00013;0;0;0;0;0;-0.000712;-0.55;0.001;-0.551;-0.000712;-1.49;-0.0000000293;-0.000278;-0.000000284;-0.003;-0.00000000067;0.0000000115;-0.027;-0.126;-0.0000000000000015;-0.000832;-6.96;0.000131;-0.136;;;;;;;;;;;;;;;;;;;
bef4a3bd-e1f3-4154-879f-69949d04b9bd;00.01.000;;Access manager 92 30;;;'EN 15804+A2';;DE;specific dataset;2021;2026;;;2021-10-07;EPD-DOR-20210181-CBA2-EN;Institut Bauen und Umwelt e.V. (IBU);;;;1;pcs.;;1 piece Access manager 92 30;;;;;;;;;;;A1-A3;;;;;;;;;;;;;;;;0.0071;0;0.0951;0.0951;0.0000139;0.521;0.0048;;;;;;0.0857;15.9;-0.24;16.1;0.0231;;;0.0152;0.000114;0.162;;;;;0.00000000175;0.0447;207;0.131;3.51;;;;;;;;;;;;;;;;;;;
bef4a3bd-e1f3-4154-879f-69949d04b9bd;00.01.000;;Access manager 92 30;;;'EN 15804+A2';;DE;specific dataset;2021;2026;;;2021-10-07;EPD-DOR-20210181-CBA2-EN;Institut Bauen und Umwelt e.V. (IBU);;;;1;pcs.;;1 piece Access manager 92 30;;;;;;;;;;;A4;;;;;;;;;;0.00271;0;0.00271;0.858;0;0.858;0;0;0;0.00000486;0.0000000000833;0.0000877;0.000000922;;;;;;0.000169;0.0636;0.00268;0.0609;0.00000144;;;0.0000478;0.0000000131;0.000526;;;;;0.00000000000000000639;0.000134;0.857;0.00000000181;0.000119;;;;;;;;;;;;;;;;;;;
bef4a3bd-e1f3-4154-879f-69949d04b9bd;00.01.000;;Access manager 92 30;;;'EN 15804+A2';;DE;specific dataset;2021;2026;;;2021-10-07;EPD-DOR-20210181-CBA2-EN;Institut Bauen und Umwelt e.V. (IBU);;;;1;pcs.;;1 piece Access manager 92 30;;;;;;;;;;;A5;;;;;;;;;;;;;1.03;-0.905;0.126;0;0;0;0.00107;0.000000000244;0.0156;0.00000626;;;;;;0.0000997;0.375;0.314;0.0616;0.00000832;;;0.0000347;0.0000000156;0.000449;;;;;0.000000000000000085;0.0000922;0.126;0.00000000129;0.0454;;;;;;;;;;;;;;;;;;;
bef4a3bd-e1f3-4154-879f-69949d04b9bd;00.01.000;;Access manager 92 30;;;'EN 15804+A2';;DE;specific dataset;2021;2026;;;2021-10-07;EPD-DOR-20210181-CBA2-EN;Institut Bauen und Umwelt e.V. (IBU);;;;1;pcs.;;1 piece Access manager 92 30;;;;;;;;;;;B6;;;;;;;;;;2320;0;2320;6200;0;6200;0;0;0;3.16;0.00000287;3.87;0.718;;;;;;1.83;413;0.816;411;0.578;;;0.3;0.000783;3.23;;;;;0.0000000000062;0.867;6190;0.0000848;87.4;;;;;;;;;;;;;;;;;;;
bef4a3bd-e1f3-4154-879f-69949d04b9bd;00.01.000;;Access manager 92 30;;;'EN 15804+A2';;DE;specific dataset;2021;2026;;;2021-10-07;EPD-DOR-20210181-CBA2-EN;Institut Bauen und Umwelt e.V. (IBU);;;;1;pcs.;;1 piece Access manager 92 30;;;;;;;;;;;C2;;;;;;;;;;0.000127;0;0.000127;0.0404;0;0.0404;0;0;0;0.000000228;0.00000000000392;0.00000413;0.0000000434;;;;;;0.00000285;0.00298;0.000132;0.00285;0.0000000678;;;0.000000907;0.00000000061;0.0000101;;;;;0.000000000000000000301;0.00000256;0.0404;0.0000000000854;0.00000558;;;;;;;;;;;;;;;;;;;
bef4a3bd-e1f3-4154-879f-69949d04b9bd;00.01.000;;Access manager 92 30;;;'EN 15804+A2';;DE;specific dataset;2021;2026;;;2021-10-07;EPD-DOR-20210181-CBA2-EN;Institut Bauen und Umwelt e.V. (IBU);;;;1;pcs.;;1 piece Access manager 92 30;;;;;;;;;;;C3;;;;;;;;;;0.395;-0.264;0.131;15.9;-15.4;0.503;0;0;0;0.00265;0.00000000192;0.113;0.0000187;;;;;;0.000193;1.08;0.0000253;1.08;0.0000613;;;0.0000435;0.0000000873;0.00088;;;;;0.000000000000000547;0.000121;0.503;0.0000000075;0.111;;;;;;;;;;;;;;;;;;;
bef4a3bd-e1f3-4154-879f-69949d04b9bd;00.01.000;;Access manager 92 30;;;'EN 15804+A2';;DE;specific dataset;2021;2026;;;2021-10-07;EPD-DOR-20210181-CBA2-EN;Institut Bauen und Umwelt e.V. (IBU);;;;1;pcs.;;1 piece Access manager 92 30;;;;;;;;;;;C4;;;;;;;;;;0.000691;0;0.000691;0.00528;0;0.00528;0;0;0;0.00000133;0.0000000000804;0.0265;0.00000006;;;;;;0.00000288;0.000405;0.00000137;0.000402;0.00000116;;;0.000000742;0.00000000069;0.00000816;;;;;0.00000000000000000149;0.00000225;0.00527;0.0000000000361;0.0000421;;;;;;;;;;;;;;;;;;;
bef4a3bd-e1f3-4154-879f-69949d04b9bd;00.01.000;;Access manager 92 30;;;'EN 15804+A2';;DE;specific dataset;2021;2026;;;2021-10-07;EPD-DOR-20210181-CBA2-EN;Institut Bauen und Umwelt e.V. (IBU);;;;1;pcs.;;1 piece Access manager 92 30;;;;;;;;;;;D;;;;;;;;;;-3.05;0;-3.05;-17.9;0;-17.9;0;0;0;-0.00779;-0.000000031;-0.14;-0.000774;;;;;;-0.0114;-1.24;0.000169;-1.24;-0.00145;;;-0.000975;-0.00000118;-0.0105;;;;;-0.00000000000000826;-0.00319;-17.9;-0.000492;-0.354;;;;;;;;;;;;;;;;;;;
418793e6-36bd-4a70-a44e-75d44b15d05b;00.01.000;;Tufted wall-to-wall carpet, 95% recycled polyamide 6 with a maximum total pile weight of 1215 g/m2 and a textile backing;;;'EN 15804+A2';;DK;specific dataset;2023;2028;;;2023-01-31;EPD-DAN-20220311-CBA1-EN;Institut Bauen und Umwelt e.V. (IBU);;;;1;qm;;1 m² tufted wall-to-wall carpet, PA 6 pile material with a SBR based textile backing;;;;;;;;;;;A1-A3;;;;;;;;;;65.6;0.097;65.7;77.6;15.8;93.4;1.46;0;0;0.167;0.00357;0.775;0.00201;;;;;;0.0202;5.27;-0.0516;5.31;0.00896;;;0.00714;0.0000643;0.0661;;;;;0.0000000143;0.0169;93.3;0.00000144;6.99;;;;;;;;;;;;;;;;;;;
418793e6-36bd-4a70-a44e-75d44b15d05b;00.01.000;;Tufted wall-to-wall carpet, 95% recycled polyamide 6 with a maximum total pile weight of 1215 g/m2 and a textile backing;;;'EN 15804+A2';;DK;specific dataset;2023;2028;;;2023-01-31;EPD-DAN-20220311-CBA1-EN;Institut Bauen und Umwelt e.V. (IBU);;;;1;qm;;1 m² tufted wall-to-wall carpet, PA 6 pile material with a SBR based textile backing;;;;;;;;;;;A4;;;;;;;;;;0.14;0;0.14;2.47;0;2.47;0;0;0;0.000158;0.0000000000118;0.000353;0.00000304;;;;;;0.0011;0.185;0.00235;0.181;0.00103;;;0.000538;0.000000549;0.00596;;;;;;0.00102;2.46;0.0000000154;0.00165;;;;;;;;;;;;;;;;;;;
418793e6-36bd-4a70-a44e-75d44b15d05b;00.01.000;;Tufted wall-to-wall carpet, 95% recycled polyamide 6 with a maximum total pile weight of 1215 g/m2 and a textile backing;;;'EN 15804+A2';;DK;specific dataset;2023;2028;;;2023-01-31;EPD-DAN-20220311-CBA1-EN;Institut Bauen und Umwelt e.V. (IBU);;;;1;qm;;1 m² tufted wall-to-wall carpet, PA 6 pile material with a SBR based textile backing;;;;;;;;;;;A5;;;;;;;;;;6.05;-0.097;5.96;9.32;-0.46;8.86;0.131;0;0;0.0163;0.000321;0.126;0.000189;;;;;;0.00242;1.07;0.172;0.907;0.000915;;;0.000941;0.00000588;0.00927;;;;;0.00000000128;0.00225;8.85;0.000000133;0.681;;;;;;;;;;;;;;;;;;;
418793e6-36bd-4a70-a44e-75d44b15d05b;00.01.000;;Tufted wall-to-wall carpet, 95% recycled polyamide 6 with a maximum total pile weight of 1215 g/m2 and a textile backing;;;'EN 15804+A2';;DK;specific dataset;2023;2028;;;2023-01-31;EPD-DAN-20220311-CBA1-EN;Institut Bauen und Umwelt e.V. (IBU);;;;1;qm;;1 m² tufted wall-to-wall carpet, PA 6 pile material with a SBR based textile backing;;;;;;;;;;;B1;;;;;;;;;;0;0;0;0;0;0;0;0;0;0;0;0;0;;;;;;0;0;0;0;0;;;0;0;0;;;;;0;0.000418;0;0;0;;;;;;;;;;;;;;;;;;;
418793e6-36bd-4a70-a44e-75d44b15d05b;00.01.000;;Tufted wall-to-wall carpet, 95% recycled polyamide 6 with a maximum total pile weight of 1215 g/m2 and a textile backing;;;'EN 15804+A2';;DK;specific dataset;2023;2028;;;2023-01-31;EPD-DAN-20220311-CBA1-EN;Institut Bauen und Umwelt e.V. (IBU);;;;1;qm;;1 m² tufted wall-to-wall carpet, PA 6 pile material with a SBR based textile backing;;;;;;;;;;;B2;;;;;;;;;;3.69;0;3.69;5.9;0;5.9;0;0;0;0.00334;0.0000419;0.0073;0.000376;;;;;;0.000832;0.416;0.00416;0.215;0.196;;;0.000197;0.00000519;0.00283;;;;;0.0000000342;0.000983;5.9;0.00000023;0.0999;;;;;;;;;;;;;;;;;;;
418793e6-36bd-4a70-a44e-75d44b15d05b;00.01.000;;Tufted wall-to-wall carpet, 95% recycled polyamide 6 with a maximum total pile weight of 1215 g/m2 and a textile backing;;;'EN 15804+A2';;DK;specific dataset;2023;2028;;;2023-01-31;EPD-DAN-20220311-CBA1-EN;Institut Bauen und Umwelt e.V. (IBU);;;;1;qm;;1 m² tufted wall-to-wall carpet, PA 6 pile material with a SBR based textile backing;;;;;;;;;;;C1;;;;;;;;;;0;0;0;0;0;0;0;0;0;0;0;0;0;;;;;;0;0;0;0;0;;;0;0;0;;;;;0;0;0;0;0;;;;;;;;;;;;;;;;;;;
418793e6-36bd-4a70-a44e-75d44b15d05b;00.01.000;;Tufted wall-to-wall carpet, 95% recycled polyamide 6 with a maximum total pile weight of 1215 g/m2 and a textile backing;;;'EN 15804+A2';;DK;specific dataset;2023;2028;;;2023-01-31;EPD-DAN-20220311-CBA1-EN;Institut Bauen und Umwelt e.V. (IBU);;;;1;qm;;1 m² tufted wall-to-wall carpet, PA 6 pile material with a SBR based textile backing;;;;;;;;;;;C2;;;;;;;;;;0.00784;0;0.00784;0.138;0;0.138;0;0;0;0.00000885;0.000000000000662;0.0000198;0.00000017;;;;;;0.0000614;0.0103;0.000131;0.0102;0.0000575;;;0.0000301;0.0000000308;0.000334;;;;;;0.000057;0.138;;0.0000922;;;;;;;;;;;;;;;;;;;
418793e6-36bd-4a70-a44e-75d44b15d05b;00.01.000;;Tufted wall-to-wall carpet, 95% recycled polyamide 6 with a maximum total pile weight of 1215 g/m2 and a textile backing;;;'EN 15804+A2';;DK;specific dataset;2023;2028;;;2023-01-31;EPD-DAN-20220311-CBA1-EN;Institut Bauen und Umwelt e.V. (IBU);;;;1;qm;;1 m² tufted wall-to-wall carpet, PA 6 pile material with a SBR based textile backing;;;;;;;;;;;D;;;;;;;;;;-0.177;0;-0.177;-0.666;0;-0.666;0;0;0;-0.000169;-0.0000000000913;-0.000331;-0.0000506;;;;;;-0.0000505;-0.0395;-0.000196;-0.0393;-0.00000419;;;-0.0000138;-0.000000052;-0.000148;;;;;;-0.0000388;-0.666;-0.00000000577;-0.00398;;;;;;;;;;;;;;;;;;;
418793e6-36bd-4a70-a44e-75d44b15d05b;00.01.000;;Tufted wall-to-wall carpet, 95% recycled polyamide 6 with a maximum total pile weight of 1215 g/m2 and a textile backing;;;'EN 15804+A2';;DK;specific dataset;2023;2028;;;2023-01-31;EPD-DAN-20220311-CBA1-EN;Institut Bauen und Umwelt e.V. (IBU);;;;1;qm;;1 m² tufted wall-to-wall carpet, PA 6 pile material with a SBR based textile backing;;;;;;;;;;;C3/2;;;;;;;;;;0.374;0;0.374;17.8;-15.4;2.43;0;0;0;0.0129;0.000000000382;0.627;0.0000798;;;;;;0.00548;4.2;0.000567;4.2;0.000129;;;0.00274;0.000000502;0.0305;;;;;;0.00701;2.42;0.0000000194;0.547;;;;;;;;;;;;;;;;;;;
418793e6-36bd-4a70-a44e-75d44b15d05b;00.01.000;;Tufted wall-to-wall carpet, 95% recycled polyamide 6 with a maximum total pile weight of 1215 g/m2 and a textile backing;;;'EN 15804+A2';;DK;specific dataset;2023;2028;;;2023-01-31;EPD-DAN-20220311-CBA1-EN;Institut Bauen und Umwelt e.V. (IBU);;;;1;qm;;1 m² tufted wall-to-wall carpet, PA 6 pile material with a SBR based textile backing;;;;;;;;;;;C3/3;;;;;;;;;;0.551;0;0.551;18.4;-15.4;3.05;0;0;0;0.0131;0.000000000408;0.628;0.000125;;;;;;0.00567;4.24;0.00104;4.24;0.000276;;;0.00283;0.000000625;0.0314;;;;;;0.00718;3.05;0.0000000258;0.551;;;;;;;;;;;;;;;;;;;
418793e6-36bd-4a70-a44e-75d44b15d05b;00.01.000;;Tufted wall-to-wall carpet, 95% recycled polyamide 6 with a maximum total pile weight of 1215 g/m2 and a textile backing;;;'EN 15804+A2';;DK;specific dataset;2023;2028;;;2023-01-31;EPD-DAN-20220311-CBA1-EN;Institut Bauen und Umwelt e.V. (IBU);;;;1;qm;;1 m² tufted wall-to-wall carpet, PA 6 pile material with a SBR based textile backing;;;;;;;;;;;C4/1;;;;;;;;;;0.252;0;0.252;3.07;0;3.07;0;0;0;0.0000359;0.000000000473;3.03;0.0000377;;;;;;0.00064;0.216;0;0.216;0.000105;;;0.000142;0.0000403;0.00155;;;;;;0.000456;3.06;0.000000015;-0.00229;;;;;;;;;;;;;;;;;;;
418793e6-36bd-4a70-a44e-75d44b15d05b;00.01.000;;Tufted wall-to-wall carpet, 95% recycled polyamide 6 with a maximum total pile weight of 1215 g/m2 and a textile backing;;;'EN 15804+A2';;DK;specific dataset;2023;2028;;;2023-01-31;EPD-DAN-20220311-CBA1-EN;Institut Bauen und Umwelt e.V. (IBU);;;;1;qm;;1 m² tufted wall-to-wall carpet, PA 6 pile material with a SBR based textile backing;;;;;;;;;;;D/1;;;;;;;;;;0;0;0;0;0;0;0;0;0;0;0;0;0;;;;;;0;0;0;0;0;;;0;0;0;;;;;0;0;0;0;0;;;;;;;;;;;;;;;;;;;
418793e6-36bd-4a70-a44e-75d44b15d05b;00.01.000;;Tufted wall-to-wall carpet, 95% recycled polyamide 6 with a maximum total pile weight of 1215 g/m2 and a textile backing;;;'EN 15804+A2';;DK;specific dataset;2023;2028;;;2023-01-31;EPD-DAN-20220311-CBA1-EN;Institut Bauen und Umwelt e.V. (IBU);;;;1;qm;;1 m² tufted wall-to-wall carpet, PA 6 pile material with a SBR based textile backing;;;;;;;;;;;D/2;;;;;;;;;;-1.14;0;-1.14;-4.42;0;-4.42;0;0;0;-0.00109;-0.000000000611;-0.00216;-0.000325;;;;;;-0.00033;-0.262;-0.00127;-0.261;-0.0000271;;;-0.0000909;-0.000000335;-0.000976;;;;;;-0.000255;-4.41;-0.0000000375;-0.0256;;;;;;;;;;;;;;;;;;;
418793e6-36bd-4a70-a44e-75d44b15d05b;00.01.000;;Tufted wall-to-wall carpet, 95% recycled polyamide 6 with a maximum total pile weight of 1215 g/m2 and a textile backing;;;'EN 15804+A2';;DK;specific dataset;2023;2028;;;2023-01-31;EPD-DAN-20220311-CBA1-EN;Institut Bauen und Umwelt e.V. (IBU);;;;1;qm;;1 m² tufted wall-to-wall carpet, PA 6 pile material with a SBR based textile backing;;;;;;;;;;;D/3;;;;;;;;;;-0.482;0;-0.482;-15.9;0;-15.9;0.72;0;0;-0.00184;-0.000000000378;-0.268;-0.000111;;;;;;-0.00129;-0.263;-0.000524;-0.263;-0.000152;;;-0.000356;-0.000000329;-0.0039;;;;;;-0.00103;-15.9;-0.0000000279;-0.0326;;;;;;;;;;;;;;;;;;;
e0a54ede-92ba-46b4-aea6-25a28962df4b;00.01.000;;best wood BSH;;;'EN 15804+A2';;DE;specific dataset;2024;2029;;;2024-04-04;EPD-HWS-20240044-IBA2-DE;Institut Bauen und Umwelt e.V. (IBU);;;;1;m3;;1 m³;;;;;;;;;;;A1-A3;;;;;;;;;;359;7420;7780;2200;72;2270;0;0;0;0.596;0.000000611;1.66;0.0811;0;0;0;0;0;0.557;-554;-713;158;0.553;1240;0.000112;0.237;0.001;2.57;0.000000106;0.00000783;7.46;124000;0.000000205;0.693;2270;0.0000576;13.6;;;;;;;;;;;;;;;;;;;
e0a54ede-92ba-46b4-aea6-25a28962df4b;00.01.000;;best wood BSH;;;'EN 15804+A2';;DE;specific dataset;2024;2029;;;2024-04-04;EPD-HWS-20240044-IBA2-DE;Institut Bauen und Umwelt e.V. (IBU);;;;1;m3;;1 m³;;;;;;;;;;;A4;;;;;;;;;;3.64;0;3.64;63.5;0;63.5;0;0;0;0.00417;0.00000000335;0.00996;0.000115;0;0;0;0;0;0.0051;4.78;0;4.74;0.0388;46.9;0.0000000347;0.00164;0.0000141;0.0195;0.000000000949;0.0000000493;0.0168;21.7;0.000000000000000938;0.00444;63.3;0.000000421;0.0441;;;;;;;;;;;;;;;;;;;
e0a54ede-92ba-46b4-aea6-25a28962df4b;00.01.000;;best wood BSH;;;'EN 15804+A2';;DE;specific dataset;2024;2029;;;2024-04-04;EPD-HWS-20240044-IBA2-DE;Institut Bauen und Umwelt e.V. (IBU);;;;1;m3;;1 m³;;;;;;;;;;;A5;;;;;;;;;;0.205;0;0.205;;;;0;0;0;0.00308;0.000000000134;0.00562;0.0000609;0;0;0;2.87;5.11;0.000276;1.39;0;1.39;0.000191;0.408;0.00000000153;0.0000869;0.000000122;0.00127;0.0000000000166;0.000000000637;0.00993;0.242;0.000000000000000566;0.000205;0.763;0.00000000889;0.127;;;;;;;;;;;;;;;;;;;
e0a54ede-92ba-46b4-aea6-25a28962df4b;00.01.000;;best wood BSH;;;'EN 15804+A2';;DE;specific dataset;2024;2029;;;2024-04-04;EPD-HWS-20240044-IBA2-DE;Institut Bauen und Umwelt e.V. (IBU);;;;1;m3;;1 m³;;;;;;;;;;;B1;;;;;;;;;;0;0;0;0;0;0;0;0;0;0;0;0;0;0;0;0;0;0;0;0;0;0;0;0;0;0;0;0;0;0;0;0;0;0;0;0;0;;;;;;;;;;;;;;;;;;;
e0a54ede-92ba-46b4-aea6-25a28962df4b;00.01.000;;best wood BSH;;;'EN 15804+A2';;DE;specific dataset;2024;2029;;;2024-04-04;EPD-HWS-20240044-IBA2-DE;Institut Bauen und Umwelt e.V. (IBU);;;;1;m3;;1 m³;;;;;;;;;;;B2;;;;;;;;;;0;0;0;0;0;0;0;0;0;0;0;0;0;0;0;0;0;0;0;0;0;0;0;0;0;0;0;0;0;0;0;0;0;0;0;0;0;;;;;;;;;;;;;;;;;;;
e0a54ede-92ba-46b4-aea6-25a28962df4b;00.01.000;;best wood BSH;;;'EN 15804+A2';;DE;specific dataset;2024;2029;;;2024-04-04;EPD-HWS-20240044-IBA2-DE;Institut Bauen und Umwelt e.V. (IBU);;;;1;m3;;1 m³;;;;;;;;;;;C1;;;;;;;;;;0;0;0;0;0;0;0;0;0;0;0;0;0;0;0;0;0;0;0;0;0;0;0;0;0;0;0;0;0;0;0;0;0;0;0;0;0;;;;;;;;;;;;;;;;;;;
e0a54ede-92ba-46b4-aea6-25a28962df4b;00.01.000;;best wood BSH;;;'EN 15804+A2';;DE;specific dataset;2024;2029;;;2024-04-04;EPD-HWS-20240044-IBA2-DE;Institut Bauen und Umwelt e.V. (IBU);;;;1;m3;;1 m³;;;;;;;;;;;C2;;;;;;;;;;14.7;0;14.7;256;0;256;0;0;0;0.0168;0.0000000135;0.0402;0.000465;0;0;0;0;0;0.102;19.1;0;19;0.157;190;0.0000004;0.0492;0.000057;0.545;0.00000000384;0.000000211;0.068;87.8;0.00000000000000379;0.0956;255;0.0000017;0.178;;;;;;;;;;;;;;;;;;;
e0a54ede-92ba-46b4-aea6-25a28962df4b;00.01.000;;best wood BSH;;;'EN 15804+A2';;DE;specific dataset;2024;2029;;;2024-04-04;EPD-HWS-20240044-IBA2-DE;Institut Bauen und Umwelt e.V. (IBU);;;;1;m3;;1 m³;;;;;;;;;;;C3;;;;;;;;;;;;;223;-53.8;169;0;0;0;1.89;0.0000000305;5.59;0.00939;0;0;0;1130;2020;0.111;725;713;11.5;0.00738;73.1;0.000000555;0.0363;0.000014;0.527;0.00000000491;0.000000175;1.49;46.3;0.000000000000102;0.0987;169;0.00000155;80.5;;;;;;;;;;;;;;;;;;;
e0a54ede-92ba-46b4-aea6-25a28962df4b;00.01.000;;best wood BSH;;;'EN 15804+A2';;DE;specific dataset;2024;2029;;;2024-04-04;EPD-HWS-20240044-IBA2-DE;Institut Bauen und Umwelt e.V. (IBU);;;;1;m3;;1 m³;;;;;;;;;;;C4;;;;;;;;;;0;0;0;0;0;0;0;0;0;0;0;0;0;0;0;0;0;0;0;0;0;0;0;0;0;0;0;0;0;0;0;0;0;0;0;0;0;;;;;;;;;;;;;;;;;;;
e0a54ede-92ba-46b4-aea6-25a28962df4b;00.01.000;;best wood BSH;;;'EN 15804+A2';;DE;specific dataset;2024;2029;;;2024-04-04;EPD-HWS-20240044-IBA2-DE;Institut Bauen und Umwelt e.V. (IBU);;;;1;m3;;1 m³;;;;;;;;;;;D;;;;;;;;;;-986;0;-986;-4440;0;-4440;0;0;0;-0.96;-0.000000996;-2.07;-0.316;0;0;0;0;0;-0.331;-256;0;-256;-0.175;-912;-0.00000285;-0.0945;-0.00033;-1.01;-0.0000000421;-0.00000166;-51.7;-677;-0.00000000000288;-0.265;-4430;-0.0000421;-19.1;;;;;;;;;;;;;;;;;;;
02a2c9d1-fcb5-4843-84bd-3dedd2d23f76;00.01.000;;Geryon Security Revolving Door;;;'EN 15804+A2';;DE;specific dataset;2022;2027;;;2022-10-18;EPD-DOR-20220167-CBA1-EN;Institut Bauen und Umwelt e.V. (IBU);;;;1;pcs.;;1 piece of the product: one (1) dormakaba Geryon Security Revolving Door (SRD-E01), consisting of the following items: - drive and control unit (K8) - upper body - side walls - columns incl. door leafs - floor bearing - fastening material - packaging material;;;;;;;;;;;A1-A3;;;;;;;;;;639;74.5;714;1220;29.6;1250;4.52;0;0;0.865;0.0000176;15;0.052;0;0;0;0;0;0.611;88;-9.63;97.6;0.0841;952;0.00000548;0.101;0.000327;1.11;0.00000128;0.00000372;8.76;1460;0.00000000178;0.267;1250;0.00501;18;;;;;;;;;;;;;;;;;;;
02a2c9d1-fcb5-4843-84bd-3dedd2d23f76;00.01.000;;Geryon Security Revolving Door;;;'EN 15804+A2';;DE;specific dataset;2022;2027;;;2022-10-18;EPD-DOR-20220167-CBA1-EN;Institut Bauen und Umwelt e.V. (IBU);;;;1;pcs.;;1 piece of the product: one (1) dormakaba Geryon Security Revolving Door (SRD-E01), consisting of the following items: - drive and control unit (K8) - upper body - side walls - columns incl. door leafs - floor bearing - fastening material - packaging material;;;;;;;;;;;A4;;;;;;;;;;0.012;0;0.012;3.83;0;3.83;0;0;0;0.0000217;0.000000000372;0.000392;0.00000412;0;0;0;0;0;0.00027;0.283;0.012;0.27;0.00000643;2.72;0.00000000142;0.000086;0.0000000578;0.000956;0.0000000000511;0.00000000218;0.000588;0.01;0.0000000000000000285;0.000243;3.83;0.0000000081;0.000529;;;;;;;;;;;;;;;;;;;
02a2c9d1-fcb5-4843-84bd-3dedd2d23f76;00.01.000;;Geryon Security Revolving Door;;;'EN 15804+A2';;DE;specific dataset;2022;2027;;;2022-10-18;EPD-DOR-20220167-CBA1-EN;Institut Bauen und Umwelt e.V. (IBU);;;;1;pcs.;;1 piece of the product: one (1) dormakaba Geryon Security Revolving Door (SRD-E01), consisting of the following items: - drive and control unit (K8) - upper body - side walls - columns incl. door leafs - floor bearing - fastening material - packaging material;;;;;;;;;;;A5;;;;;;;;;;75;-74.5;0.505;2.78;0;2.78;0;0;0;0.026;0.0000000041;0.276;0.000146;0;0;0;13.3;24.2;0.002;8.81;8.58;0.221;0.000145;1.32;0.0000000137;0.00089;0.00000031;0.011;0.0000000000698;0.00000000302;0.023;0.737;0.00000000000000159;0.002;2.78;0.0000000251;1.09;;;;;;;;;;;;;;;;;;;
02a2c9d1-fcb5-4843-84bd-3dedd2d23f76;00.01.000;;Geryon Security Revolving Door;;;'EN 15804+A2';;DE;specific dataset;2022;2027;;;2022-10-18;EPD-DOR-20220167-CBA1-EN;Institut Bauen und Umwelt e.V. (IBU);;;;1;pcs.;;1 piece of the product: one (1) dormakaba Geryon Security Revolving Door (SRD-E01), consisting of the following items: - drive and control unit (K8) - upper body - side walls - columns incl. door leafs - floor bearing - fastening material - packaging material;;;;;;;;;;;B2;;;;;;;;;;0;0;0;0;0;0;0;0;0;0;0;0;0;0;0;0;0;0;0;0;0;0;0;0;0;0;0;0;0;0;0;0;0;0;0;0;0;;;;;;;;;;;;;;;;;;;
02a2c9d1-fcb5-4843-84bd-3dedd2d23f76;00.01.000;;Geryon Security Revolving Door;;;'EN 15804+A2';;DE;specific dataset;2022;2027;;;2022-10-18;EPD-DOR-20220167-CBA1-EN;Institut Bauen und Umwelt e.V. (IBU);;;;1;pcs.;;1 piece of the product: one (1) dormakaba Geryon Security Revolving Door (SRD-E01), consisting of the following items: - drive and control unit (K8) - upper body - side walls - columns incl. door leafs - floor bearing - fastening material - packaging material;;;;;;;;;;;B6;;;;;;;;;;1530;0;1530;3450;0;3450;0;0;0;1.77;0.00000143;2.45;0.523;0;0;0;0;0;0.433;197;0.654;196;0.284;1480;0.00000363;0.096;0.000524;1.01;0.0000000408;0.0000015;85.9;1100;0.00000000000432;0.264;3450;0.0000568;42.8;;;;;;;;;;;;;;;;;;;
02a2c9d1-fcb5-4843-84bd-3dedd2d23f76;00.01.000;;Geryon Security Revolving Door;;;'EN 15804+A2';;DE;specific dataset;2022;2027;;;2022-10-18;EPD-DOR-20220167-CBA1-EN;Institut Bauen und Umwelt e.V. (IBU);;;;1;pcs.;;1 piece of the product: one (1) dormakaba Geryon Security Revolving Door (SRD-E01), consisting of the following items: - drive and control unit (K8) - upper body - side walls - columns incl. door leafs - floor bearing - fastening material - packaging material;;;;;;;;;;;C1;;;;;;;;;;0;0;0;0;0;0;0;0;0;0;0;0;0;0;0;0;0;0;0;0;0;0;0;0;0;0;0;0;0;0;0;0;0;0;0;0;0;;;;;;;;;;;;;;;;;;;
02a2c9d1-fcb5-4843-84bd-3dedd2d23f76;00.01.000;;Geryon Security Revolving Door;;;'EN 15804+A2';;DE;specific dataset;2022;2027;;;2022-10-18;EPD-DOR-20220167-CBA1-EN;Institut Bauen und Umwelt e.V. (IBU);;;;1;pcs.;;1 piece of the product: one (1) dormakaba Geryon Security Revolving Door (SRD-E01), consisting of the following items: - drive and control unit (K8) - upper body - side walls - columns incl. door leafs - floor bearing - fastening material - packaging material;;;;;;;;;;;C2;;;;;;;;;;0.005;0;0.005;1.74;0;1.74;0;0;0;0.00000983;0.000000000169;0.000178;0.00000187;0;0;0;0;0;0.000123;0.128;0.006;0.123;0.00000292;1.23;0.000000000645;0.000039;0.0000000262;0.000434;0.0000000000232;0.000000000991;0.000267;0.004;0.0000000000000000129;0.00011;1.74;0.00000000367;0.00024;;;;;;;;;;;;;;;;;;;
02a2c9d1-fcb5-4843-84bd-3dedd2d23f76;00.01.000;;Geryon Security Revolving Door;;;'EN 15804+A2';;DE;specific dataset;2022;2027;;;2022-10-18;EPD-DOR-20220167-CBA1-EN;Institut Bauen und Umwelt e.V. (IBU);;;;1;pcs.;;1 piece of the product: one (1) dormakaba Geryon Security Revolving Door (SRD-E01), consisting of the following items: - drive and control unit (K8) - upper body - side walls - columns incl. door leafs - floor bearing - fastening material - packaging material;;;;;;;;;;;C3;;;;;;;;;;0.257;0;0.257;30.6;-29.6;0.988;0;0;0;0.005;0.00000000376;0.221;0.0000366;0;5.01;0;0;0;0.000379;2.13;0.0000496;2.13;0.00012;0.371;0.00000000484;0.0000855;0.000000171;0.002;0.0000000000321;0.00000000325;0.003;0.296;0.00000000000000107;0.000237;0.987;0.0000000147;0.218;;;;;;;;;;;;;;;;;;;
02a2c9d1-fcb5-4843-84bd-3dedd2d23f76;00.01.000;;Geryon Security Revolving Door;;;'EN 15804+A2';;DE;specific dataset;2022;2027;;;2022-10-18;EPD-DOR-20220167-CBA1-EN;Institut Bauen und Umwelt e.V. (IBU);;;;1;pcs.;;1 piece of the product: one (1) dormakaba Geryon Security Revolving Door (SRD-E01), consisting of the following items: - drive and control unit (K8) - upper body - side walls - columns incl. door leafs - floor bearing - fastening material - packaging material;;;;;;;;;;;C4;;;;;;;;;;0.612;0;0.612;4.67;0;4.67;0;0;0;0.001;0.0000000712;23.5;0.0000532;0;0;0;0;0;0.296;;;;;2.67;0.0000000316;0.000657;0.000000611;0.007;0.000000000395;0.0000000436;0.005;0.973;0.00000000325;0.002;4.67;0.000000032;0.037;;;;;;;;;;;;;;;;;;;
02a2c9d1-fcb5-4843-84bd-3dedd2d23f76;00.01.000;;Geryon Security Revolving Door;;;'EN 15804+A2';;DE;specific dataset;2022;2027;;;2022-10-18;EPD-DOR-20220167-CBA1-EN;Institut Bauen und Umwelt e.V. (IBU);;;;1;pcs.;;1 piece of the product: one (1) dormakaba Geryon Security Revolving Door (SRD-E01), consisting of the following items: - drive and control unit (K8) - upper body - side walls - columns incl. door leafs - floor bearing - fastening material - packaging material;;;;;;;;;;;D;;;;;;;;;;-180;0;-180;-444;0;-444;0;0;0;-0.351;-0.000000183;-6.64;-0.042;0;0;0;0;0;-0.133;-30.9;-0.062;-30.8;-0.014;-165;-0.00000197;-0.017;-0.0000194;-0.182;-0.0000000148;-0.000000226;-8.31;-28.6;-0.000000000181;-0.052;-444;-0.000741;-3.11;;;;;;;;;;;;;;;;;;;
499de8eb-f5df-468a-98b4-90051aa8ce3b;00.01.000;;ASSA ABLOY PULSE - Digital lock cylinder;;;'EN 15804+A2';;RER;specific dataset;2021;2026;;;2021-04-14;EPD-ASA-20210013-ICB-EN;Institut Bauen und Umwelt e.V. (IBU);;;;1;pcs.;;1 piece electromechanical lock cylinder;;;;;;;;;;;A1-A3;;;;;;;;;;5.81;0.456;6.27;11.2;0.0501;11.2;0.0657;0;0;0.0262;0.0152;0.0604;0.0000475;0;0;0;0;0;0.00635;0.96;-0.0116;0.97;0.000836;9.16;0.0000000602;0.000871;0.0000804;0.00949;0.0000000249;0.000000365;0.0158;8.22;0.00000000576;0.00293;11.2;0.0000266;0.721;;;;;;;;;;;;;;;;;;;
499de8eb-f5df-468a-98b4-90051aa8ce3b;00.01.000;;ASSA ABLOY PULSE - Digital lock cylinder;;;'EN 15804+A2';;RER;specific dataset;2021;2026;;;2021-04-14;EPD-ASA-20210013-ICB-EN;Institut Bauen und Umwelt e.V. (IBU);;;;1;pcs.;;1 piece electromechanical lock cylinder;;;;;;;;;;;B6;;;;;;;;;;0;0;0;0;0;0;0;0;0;0;0;0;0;0;0;0;0;0;0;0;0;0;0;0;0;0;0;0;0;0;0;0;0;0;0;0;0;;;;;;;;;;;;;;;;;;;
499de8eb-f5df-468a-98b4-90051aa8ce3b;00.01.000;;ASSA ABLOY PULSE - Digital lock cylinder;;;'EN 15804+A2';;RER;specific dataset;2021;2026;;;2021-04-14;EPD-ASA-20210013-ICB-EN;Institut Bauen und Umwelt e.V. (IBU);;;;1;pcs.;;1 piece electromechanical lock cylinder;;;;;;;;;;;C1;;;;;;;;;;0;0;0;0;0;0;0;0;0;0;0;0;0;0;0;0;0;0;0;0;0;0;0;0;0;0;0;0;0;0;0;0;0;0;0;0;0;;;;;;;;;;;;;;;;;;;
499de8eb-f5df-468a-98b4-90051aa8ce3b;00.01.000;;ASSA ABLOY PULSE - Digital lock cylinder;;;'EN 15804+A2';;RER;specific dataset;2021;2026;;;2021-04-14;EPD-ASA-20210013-ICB-EN;Institut Bauen und Umwelt e.V. (IBU);;;;1;pcs.;;1 piece electromechanical lock cylinder;;;;;;;;;;;C2;;;;;;;;;;0.000731;0;0.000731;0.0127;0;0.0127;0;0;0;0.000000852;0.000000000587;0.00249;0.0000000234;0;0;0;0;0;0.00000109;0.000954;-0.00000159;0.000948;0.00000767;0.00946;0.00000000000726;0.000000336;0.00000000289;0.00000399;0.000000000000195;0.00000000000997;0.00000345;0.00444;0.000000000000000000174;0.000000907;0.0126;0.0000000000766;0.00000924;;;;;;;;;;;;;;;;;;;
499de8eb-f5df-468a-98b4-90051aa8ce3b;00.01.000;;ASSA ABLOY PULSE - Digital lock cylinder;;;'EN 15804+A2';;RER;specific dataset;2021;2026;;;2021-04-14;EPD-ASA-20210013-ICB-EN;Institut Bauen und Umwelt e.V. (IBU);;;;1;pcs.;;1 piece electromechanical lock cylinder;;;;;;;;;;;C3;;;;;;;;;;0.0104;0;0.0104;0.524;0;0.524;0;0;0;0.0000337;0.00000000581;0.000931;0.000000232;0;0.245;0;0;0;0.00031;0.0384;-0.0000038;0.0383;0.0000799;0.343;0.00000000792;0.000135;0.0000014;0.00148;0.0000000000104;0.00000000031;0.0019;0.0979;0.00000000613;0.000404;0.523;0.0000000467;0.00117;;;;;;;;;;;;;;;;;;;
499de8eb-f5df-468a-98b4-90051aa8ce3b;00.01.000;;ASSA ABLOY PULSE - Digital lock cylinder;;;'EN 15804+A2';;RER;specific dataset;2021;2026;;;2021-04-14;EPD-ASA-20210013-ICB-EN;Institut Bauen und Umwelt e.V. (IBU);;;;1;pcs.;;1 piece electromechanical lock cylinder;;;;;;;;;;;C4;;;;;;;;;;0.0000073;0;0.0000073;0.00307;0;0.00307;0;0;0;-0.0000000704;0.0000000000636;0.00323;-0.000000048;0;0;0;0;0;0.000000682;0.00116;0.000872;0.000283;0.000000813;0.00221;0.00000000000692;0.000000328;0.0000000194;0.00000217;0.000000000000109;0.0000000000104;-0.00000857;0.00042;-0.000000000000000000255;0.00000086;0.00307;0.0000000000099;-0.00000373;;;;;;;;;;;;;;;;;;;
499de8eb-f5df-468a-98b4-90051aa8ce3b;00.01.000;;ASSA ABLOY PULSE - Digital lock cylinder;;;'EN 15804+A2';;RER;specific dataset;2021;2026;;;2021-04-14;EPD-ASA-20210013-ICB-EN;Institut Bauen und Umwelt e.V. (IBU);;;;1;pcs.;;1 piece electromechanical lock cylinder;;;;;;;;;;;D;;;;;;;;;;-0.197;0;-0.197;-4.55;0;-4.55;0;0;0;-0.0122;-0.000000329;-0.0389;-0.00000408;0;0;0;0;0;-0.0016;-0.434;-0.000228;-0.433;-0.000134;0.913;-0.000000022;-0.000284;-0.00000026;-0.00308;-0.00000000711;-0.00000000488;-0.00182;-0.273;-0.000000000000000423;-0.000923;-4.55;-0.00000239;-0.519;;;;;;;;;;;;;;;;;;;
9498f97c-0e9b-4990-bba7-103985525312;00.01.000;;Tufted tiles, Polyamid 6 with a maximum total pile weight of 720 g/m2, EcoFlex Echo backing;;;'EN 15804+A2';;;specific dataset;2022;2027;;;2022-09-15;EPD-IVC-20220244-CBB1-EN;Institut Bauen und Umwelt e.V. (IBU);;;;1;qm;;1 m2 produced textile floor covering;;;;;;;;;;;A1-A3;;;;;;;;;;22.4;0.238;22.6;170;62.6;233;0.408;0;0;0.034;0.0000000575;0.201;0.00515;0;0.0145;0;0;0;0.017;10.4;-0.147;10.5;0.0031;112;0.000000144;0.00481;0.0000179;0.0459;0.00000000339;0.000000129;0.762;;;0.0161;233;0.00000166;0.478;;;;;;;;;;;;;;;;;;;
9498f97c-0e9b-4990-bba7-103985525312;00.01.000;;Tufted tiles, Polyamid 6 with a maximum total pile weight of 720 g/m2, EcoFlex Echo backing;;;'EN 15804+A2';;;specific dataset;2022;2027;;;2022-09-15;EPD-IVC-20220244-CBB1-EN;Institut Bauen und Umwelt e.V. (IBU);;;;1;qm;;1 m2 produced textile floor covering;;;;;;;;;;;A4;;;;;;;;;;0.22;0;0.22;3.87;0;3.87;0;0;0;0.000248;0.0000000000186;0.000555;0.00000477;0;0;0;0;0;0.00172;0.29;0.00369;0.285;0.00161;2.68;0.00000000995;0.000845;0.000000863;0.00936;0.0000000000542;0.00000000322;0.000699;;;0.0016;3.87;0.0000000242;0.00259;;;;;;;;;;;;;;;;;;;
9498f97c-0e9b-4990-bba7-103985525312;00.01.000;;Tufted tiles, Polyamid 6 with a maximum total pile weight of 720 g/m2, EcoFlex Echo backing;;;'EN 15804+A2';;;specific dataset;2022;2027;;;2022-09-15;EPD-IVC-20220244-CBB1-EN;Institut Bauen und Umwelt e.V. (IBU);;;;1;qm;;1 m2 produced textile floor covering;;;;;;;;;;;A5;;;;;;;;;;0.943;-0.238;0.705;8.94;-1.72;7.22;0.0123;0;0;0.00181;0.00000000174;0.047;0.000159;0;0.122;0;0.428;0.782;0.000705;0.794;0.191;0.604;0.000153;3.51;0.00000000542;0.000234;0.000000594;0.00241;0.000000000107;0.00000000419;0.0236;;;0.000697;7.22;0.0000000515;0.0475;;;;;;;;;;;;;;;;;;;
9498f97c-0e9b-4990-bba7-103985525312;00.01.000;;Tufted tiles, Polyamid 6 with a maximum total pile weight of 720 g/m2, EcoFlex Echo backing;;;'EN 15804+A2';;;specific dataset;2022;2027;;;2022-09-15;EPD-IVC-20220244-CBB1-EN;Institut Bauen und Umwelt e.V. (IBU);;;;1;qm;;1 m2 produced textile floor covering;;;;;;;;;;;B1;;;;;;;;;;0;0;0;0;0;0;0;0;0;0;0;0;0;0;0;0;0;0;0;0;0;0;0;0.0036;0;0;0;0;0;0.000000000026;0;;0;0.000418;0;0;0;;;;;;;;;;;;;;;;;;;
9498f97c-0e9b-4990-bba7-103985525312;00.01.000;;Tufted tiles, Polyamid 6 with a maximum total pile weight of 720 g/m2, EcoFlex Echo backing;;;'EN 15804+A2';;;specific dataset;2022;2027;;;2022-09-15;EPD-IVC-20220244-CBB1-EN;Institut Bauen und Umwelt e.V. (IBU);;;;1;qm;;1 m2 produced textile floor covering;;;;;;;;;;;B2;;;;;;;;;;3.69;0;3.69;5.9;0;5.9;0;0;0;0.00334;0.0000419;0.0073;0.000376;0;0;0;0;0;0.000832;0.549;0.00416;0.348;0.196;2.69;0.0000000684;0.000197;0.00000519;0.00283;0.000000000621;0.00000000946;0.0678;;0.0000000342;0.000983;5.9;0.00000023;0.0999;;;;;;;;;;;;;;;;;;;
9498f97c-0e9b-4990-bba7-103985525312;00.01.000;;Tufted tiles, Polyamid 6 with a maximum total pile weight of 720 g/m2, EcoFlex Echo backing;;;'EN 15804+A2';;;specific dataset;2022;2027;;;2022-09-15;EPD-IVC-20220244-CBB1-EN;Institut Bauen und Umwelt e.V. (IBU);;;;1;qm;;1 m2 produced textile floor covering;;;;;;;;;;;C1;;;;;;;;;;0;0;0;0;0;0;0;0;0;0;0;0;0;0;0;0;0;0;0;0;0;0;0;0;0;0;0;0;0;0;0;0;0;0;0;0;0;;;;;;;;;;;;;;;;;;;
9498f97c-0e9b-4990-bba7-103985525312;00.01.000;;Tufted tiles, Polyamid 6 with a maximum total pile weight of 720 g/m2, EcoFlex Echo backing;;;'EN 15804+A2';;;specific dataset;2022;2027;;;2022-09-15;EPD-IVC-20220244-CBB1-EN;Institut Bauen und Umwelt e.V. (IBU);;;;1;qm;;1 m2 produced textile floor covering;;;;;;;;;;;C2;;;;;;;;;;0.0121;0;0.0121;0.214;0;0.214;0;0;0;0.0000137;0.00000000000103;0.0000307;0.000000264;0;0;0;0;0;0.0000951;0.016;0.000204;0.0157;0.0000891;0.148;0.00000000055;0.0000467;0.0000000477;0.000517;0.000000000003;0.000000000178;0.0000386;;;0.0000883;0.214;0.00000000134;0.000143;;;;;;;;;;;;;;;;;;;
9498f97c-0e9b-4990-bba7-103985525312;00.01.000;;Tufted tiles, Polyamid 6 with a maximum total pile weight of 720 g/m2, EcoFlex Echo backing;;;'EN 15804+A2';;;specific dataset;2022;2027;;;2022-09-15;EPD-IVC-20220244-CBB1-EN;Institut Bauen und Umwelt e.V. (IBU);;;;1;qm;;1 m2 produced textile floor covering;;;;;;;;;;;D;;;;;;;;;;-0.416;0;-0.416;-1.53;0;-1.53;0;0;0;-0.000398;-0.000000000208;-0.000769;-0.000119;0;0;0;0;0;-0.000118;-0.0904;-0.000457;-0.0899;-0.00000982;-0.333;;-0.000032;-0.000000123;-0.000343;;;-0.0202;;;-0.0000896;-1.53;-0.0000000135;-0.00939;;;;;;;;;;;;;;;;;;;
9498f97c-0e9b-4990-bba7-103985525312;00.01.000;;Tufted tiles, Polyamid 6 with a maximum total pile weight of 720 g/m2, EcoFlex Echo backing;;;'EN 15804+A2';;;specific dataset;2022;2027;;;2022-09-15;EPD-IVC-20220244-CBB1-EN;Institut Bauen und Umwelt e.V. (IBU);;;;1;qm;;1 m2 produced textile floor covering;;;;;;;;;;;C3/2;;;;;;;;;;0.561;0;0.561;64.1;-60.9;3.2;0;0;0;0.017;0.000000000464;1.35;0.000122;0;0;0;5.38;10.2;0.00418;5.14;0.000705;5.13;0.000269;1.74;0.0000000233;0.00199;0.000000951;0.0222;0.0000000000832;0.00000000617;0.0185;;;0.00512;3.19;0.0000000278;0.718;;;;;;;;;;;;;;;;;;;
9498f97c-0e9b-4990-bba7-103985525312;00.01.000;;Tufted tiles, Polyamid 6 with a maximum total pile weight of 720 g/m2, EcoFlex Echo backing;;;'EN 15804+A2';;;specific dataset;2022;2027;;;2022-09-15;EPD-IVC-20220244-CBB1-EN;Institut Bauen und Umwelt e.V. (IBU);;;;1;qm;;1 m2 produced textile floor covering;;;;;;;;;;;C3/3;;;;;;;;;;0.835;0;0.835;65.1;-60.9;4.17;0;0;0;0.0173;0.000000000505;1.35;0.000193;0;1.44;0;0;67.3;0.00447;5.2;0.00143;5.2;0.000497;2.31;0.0000000252;0.00212;0.00000114;0.0236;0.0000000000962;0.00000000682;0.0305;;;0.00538;4.17;0.0000000378;0.724;;;;;;;;;;;;;;;;;;;
9498f97c-0e9b-4990-bba7-103985525312;00.01.000;;Tufted tiles, Polyamid 6 with a maximum total pile weight of 720 g/m2, EcoFlex Echo backing;;;'EN 15804+A2';;;specific dataset;2022;2027;;;2022-09-15;EPD-IVC-20220244-CBB1-EN;Institut Bauen und Umwelt e.V. (IBU);;;;1;qm;;1 m2 produced textile floor covering;;;;;;;;;;;C4/1;;;;;;;;;;0.39;0;0.39;4.75;0;4.75;0;0;0;0.0000556;0.000000000732;4.7;0.0000583;0;0;0;0;0;0.000992;0.335;0;0.335;0.000163;4.65;0.00000000953;0.000219;0.0000625;0.00241;0.000000000209;0.0000000175;0.00861;;;0.000706;4.75;0.0000000232;-0.00355;;;;;;;;;;;;;;;;;;;
9498f97c-0e9b-4990-bba7-103985525312;00.01.000;;Tufted tiles, Polyamid 6 with a maximum total pile weight of 720 g/m2, EcoFlex Echo backing;;;'EN 15804+A2';;;specific dataset;2022;2027;;;2022-09-15;EPD-IVC-20220244-CBB1-EN;Institut Bauen und Umwelt e.V. (IBU);;;;1;qm;;1 m2 produced textile floor covering;;;;;;;;;;;D/1;;;;;;;;;;0;0;0;0;0;0;0;0;0;0;0;0;0;0;0;0;0;0;0;0;0;0;0;0;0;0;0;0;0;0;0;;0;0;0;0;0;;;;;;;;;;;;;;;;;;;
9498f97c-0e9b-4990-bba7-103985525312;00.01.000;;Tufted tiles, Polyamid 6 with a maximum total pile weight of 720 g/m2, EcoFlex Echo backing;;;'EN 15804+A2';;;specific dataset;2022;2027;;;2022-09-15;EPD-IVC-20220244-CBB1-EN;Institut Bauen und Umwelt e.V. (IBU);;;;1;qm;;1 m2 produced textile floor covering;;;;;;;;;;;D/2;;;;;;;;;;-4.63;0;-4.63;-17.5;0;-17.5;0;0;0;-0.00442;-0.00000000239;-0.00867;-0.00133;0;0;0;0;0;-0.00132;-1.03;-0.00513;-1.03;-0.00011;0;0;-0.000363;-0.00000136;-0.00389;0;0;0;;;-0.00102;-17.5;-0.000000151;-0.104;;;;;;;;;;;;;;;;;;;
9498f97c-0e9b-4990-bba7-103985525312;00.01.000;;Tufted tiles, Polyamid 6 with a maximum total pile weight of 720 g/m2, EcoFlex Echo backing;;;'EN 15804+A2';;;specific dataset;2022;2027;;;2022-09-15;EPD-IVC-20220244-CBB1-EN;Institut Bauen und Umwelt e.V. (IBU);;;;1;qm;;1 m2 produced textile floor covering;;;;;;;;;;;D/3;;;;;;;;;;-0.425;0;-0.425;-53.9;0;-53.9;1.44;0;0;-0.0047;-0.0000000000973;-0.00113;-0.0000787;0;0;0;0;0;-0.00101;-0.343;-0.0000103;-0.343;-0.000165;-9.13;-0.0000000328;-0.00035;-0.000000426;-0.00383;;-0.00000000434;-0.00685;;;-0.00107;-53.9;-0.000000033;-0.054;;;;;;;;;;;;;;;;;;;
c1fb9c7d-3ce7-436d-95c1-ae7a3ae86d0c;00.01.000;;Steel radiator;;;'EN 15804+A2';;DE;specific dataset;2023;2028;;;2023-08-29;EPD-KER-20230254-CCB1-DE;Institut Bauen und Umwelt e.V. (IBU);;;;1;kg;;1 kg Stahlheizkörper;;;;;;;;;;;A1-A3;;;;;;;;;;2.27;2.06;4.33;28.7;0.0855;28.7;0.189;0;0;0.0043;0.00000000251;0.0358;0.000574;0;0.0551;0;0;0;0.00699;2.66;-0.206;2.87;0.000883;6.58;0.000000115;0.00162;0.00000227;0.0175;0.00000000307;0.0000000316;0.0494;33;0.00000000000316;0.00527;28.6;0.00000534;0.183;;;;;;;;;;;;;;;;;;;
c1fb9c7d-3ce7-436d-95c1-ae7a3ae86d0c;00.01.000;;Steel radiator;;;'EN 15804+A2';;DE;specific dataset;2023;2028;;;2023-08-29;EPD-KER-20230254-CCB1-DE;Institut Bauen und Umwelt e.V. (IBU);;;;1;kg;;1 kg Stahlheizkörper;;;;;;;;;;;A4;;;;;;;;;;0.00653;0;0.00653;0.0993;0;0.0993;0;0;0;0.00000506;0.000000000000433;0.0000162;0.000000125;0;0;0;0;0;0.00000725;0.0075;0.00000374;0.00747;0.0000288;0.0759;0.0000000000461;0.00000245;0.0000000149;0.0000289;0.00000000000152;0.0000000000765;0.0000127;0.0297;0.00000000000000153;0.00000649;0.0992;0.000000000749;0.0000321;;;;;;;;;;;;;;;;;;;
c1fb9c7d-3ce7-436d-95c1-ae7a3ae86d0c;00.01.000;;Steel radiator;;;'EN 15804+A2';;DE;specific dataset;2023;2028;;;2023-08-29;EPD-KER-20230254-CCB1-DE;Institut Bauen und Umwelt e.V. (IBU);;;;1;kg;;1 kg Stahlheizkörper;;;;;;;;;;;A5;;;;;;;;;;;;;0.144;-0.0855;0.0588;0;0;0;0.000616;0.00000000000627;0.00234;0.00000191;0;0;0;0.314;0.725;0.0000465;0.216;0.207;0.00885;0.000000822;0.0247;0.000000000249;0.0000132;0.0000000079;0.000222;0.00000000000169;0.0000000000661;0.000201;0.0183;0.0000000000000346;0.0000346;0.0588;0.000000000846;0.0262;;;;;;;;;;;;;;;;;;;
c1fb9c7d-3ce7-436d-95c1-ae7a3ae86d0c;00.01.000;;Steel radiator;;;'EN 15804+A2';;DE;specific dataset;2023;2028;;;2023-08-29;EPD-KER-20230254-CCB1-DE;Institut Bauen und Umwelt e.V. (IBU);;;;1;kg;;1 kg Stahlheizkörper;;;;;;;;;;;C1;;;;;;;;;;0;0;0;0;0;0;0;0;0;0;0;0;0;0;0;0;0;0;0;0;0;0;0;0;0;0;0;0;0;0;0;0;0;0;0;0;0;;;;;;;;;;;;;;;;;;;
c1fb9c7d-3ce7-436d-95c1-ae7a3ae86d0c;00.01.000;;Steel radiator;;;'EN 15804+A2';;DE;specific dataset;2023;2028;;;2023-08-29;EPD-KER-20230254-CCB1-DE;Institut Bauen und Umwelt e.V. (IBU);;;;1;kg;;1 kg Stahlheizkörper;;;;;;;;;;;C2;;;;;;;;;;0.00286;0;0.00286;0.0435;0;0.0435;0;0;0;0.00000222;0.00000000000019;0.00000708;0.0000000547;0;0;0;0;0;0.00000318;0.00329;0.00000164;0.00328;0.0000126;0.0333;0.0000000000202;0.00000107;0.00000000654;0.0000127;0.000000000000668;0.0000000000336;0.00000556;0.013;0.000000000000000672;0.00000285;0.0435;0.000000000329;0.0000141;;;;;;;;;;;;;;;;;;;
c1fb9c7d-3ce7-436d-95c1-ae7a3ae86d0c;00.01.000;;Steel radiator;;;'EN 15804+A2';;DE;specific dataset;2023;2028;;;2023-08-29;EPD-KER-20230254-CCB1-DE;Institut Bauen und Umwelt e.V. (IBU);;;;1;kg;;1 kg Stahlheizkörper;;;;;;;;;;;C3;;;;;;;;;;0;0;0;0;0;0;0;0;0;0;0;0;0;0;1;0;0;0;0;0;0;0;0;0;0;0;0;0;0;0;0;0;0;0;0;0;0;;;;;;;;;;;;;;;;;;;
c1fb9c7d-3ce7-436d-95c1-ae7a3ae86d0c;00.01.000;;Steel radiator;;;'EN 15804+A2';;DE;specific dataset;2023;2028;;;2023-08-29;EPD-KER-20230254-CCB1-DE;Institut Bauen und Umwelt e.V. (IBU);;;;1;kg;;1 kg Stahlheizkörper;;;;;;;;;;;C4;;;;;;;;;;0;0;0;0;0;0;0;0;0;0;0;0;0;0;0;0;0;0;0;0;0;0;0;0;0;0;0;0;0;0;0;0;0;0;0;0;0;;;;;;;;;;;;;;;;;;;
c1fb9c7d-3ce7-436d-95c1-ae7a3ae86d0c;00.01.000;;Steel radiator;;;'EN 15804+A2';;DE;specific dataset;2023;2028;;;2023-08-29;EPD-KER-20230254-CCB1-DE;Institut Bauen und Umwelt e.V. (IBU);;;;1;kg;;1 kg Stahlheizkörper;;;;;;;;;;;D;;;;;;;;;;0.42;0;0.42;-15.1;0;-15.1;0.866;0;0;-0.00648;-0.000000000336;0.208;-0.0000478;0;0;0;0;0;-0.00331;-1.59;0.0000898;-1.59;-0.000047;-1.07;-0.0000000462;-0.000599;-0.000000469;-0.00532;-0.000000000627;-0.0000000209;0.0288;-0.138;-0.000000000000967;-0.00238;-15.1;-0.00000376;-0.28;;;;;;;;;;;;;;;;;;;
c2175ccb-d2a7-444e-90b9-eeb700ae2fa3;00.01.000;;CEM II/A-LL 32,5 R;;;'EN 15804+A2';;DE;specific dataset;2024;2029;;;2024-11-22;EPD-CEM-20240346-CAA1-DE;Institut Bauen und Umwelt e.V. (IBU);;;;1000;kg;;1000 kg;;;;;;;;;;;A1-A3;;;;;;;;;;26.5;0;26.5;1880;0;1880;79;991;711;0.881;0.0623;0.981;;0;0;0;0;0;1.8;568;0.0332;568;0.0357;43.9;0.000018;0.00349;0.0525;2.76;0.000000699;0.0000106;12;444;0.00001;0.799;1880;0.0000907;35.5;;;;;;;;;;;;;;;;;;;
7b056247-ffed-4a99-b4cf-19d74c483652;00.01.000;;Tufted wall-to-wall carpet, polypropylene with a maximum total pile weight of 1275 g/m2 and a foam backing;;;'EN 15804+A2';;DK;specific dataset;2023;2028;;;2023-01-31;EPD-DAN-20220312-CBA1-EN;Institut Bauen und Umwelt e.V. (IBU);;;;1;qm;;1 m² tufted wall-to-wall carpet;;;;;;;;;;;A1-A3;;;;;;;;;;27.6;0.097;27.7;130;78.3;209;0.0434;0;0;0.0387;0.0000000343;0.358;0.00476;;;;;;0.0161;7.5;-0.03;7.53;0.00336;;;0.00474;0.0000206;0.0509;;;;;;0.0149;208;0.00000146;0.815;;;;;;;;;;;;;;;;;;;
7b056247-ffed-4a99-b4cf-19d74c483652;00.01.000;;Tufted wall-to-wall carpet, polypropylene with a maximum total pile weight of 1275 g/m2 and a foam backing;;;'EN 15804+A2';;DK;specific dataset;2023;2028;;;2023-01-31;EPD-DAN-20220312-CBA1-EN;Institut Bauen und Umwelt e.V. (IBU);;;;1;qm;;1 m² tufted wall-to-wall carpet;;;;;;;;;;;A4;;;;;;;;;;0.16;0;0.16;2.83;0;2.83;0;0;0;0.000181;0.0000000000135;0.000405;0.00000348;;;;;;0.00126;0.212;0.00269;0.208;0.00118;;;0.000617;0.00000063;0.00683;;;;;;0.00117;2.82;0.0000000177;0.00189;;;;;;;;;;;;;;;;;;;
7b056247-ffed-4a99-b4cf-19d74c483652;00.01.000;;Tufted wall-to-wall carpet, polypropylene with a maximum total pile weight of 1275 g/m2 and a foam backing;;;'EN 15804+A2';;DK;specific dataset;2023;2028;;;2023-01-31;EPD-DAN-20220312-CBA1-EN;Institut Bauen und Umwelt e.V. (IBU);;;;1;qm;;1 m² tufted wall-to-wall carpet;;;;;;;;;;;A5;;;;;;;;;;2.64;-0.097;2.55;19.7;-0.46;19.2;0.00391;0;0;0.00501;0.00000000311;0.101;0.000437;;;;;;0.00168;1.33;0.0776;1.25;0.000427;;;0.000521;0.00000196;0.00573;;;;;;0.00154;19.2;0.000000135;0.138;;;;;;;;;;;;;;;;;;;
7b056247-ffed-4a99-b4cf-19d74c483652;00.01.000;;Tufted wall-to-wall carpet, polypropylene with a maximum total pile weight of 1275 g/m2 and a foam backing;;;'EN 15804+A2';;DK;specific dataset;2023;2028;;;2023-01-31;EPD-DAN-20220312-CBA1-EN;Institut Bauen und Umwelt e.V. (IBU);;;;1;qm;;1 m² tufted wall-to-wall carpet;;;;;;;;;;;B1;;;;;;;;;;0;0;0;0;0;0;0;0;0;0;0;0;0;;;;;;0;0;0;0;0;;;0;0;0;;;;;0;0.000418;0;0;0;;;;;;;;;;;;;;;;;;;
7b056247-ffed-4a99-b4cf-19d74c483652;00.01.000;;Tufted wall-to-wall carpet, polypropylene with a maximum total pile weight of 1275 g/m2 and a foam backing;;;'EN 15804+A2';;DK;specific dataset;2023;2028;;;2023-01-31;EPD-DAN-20220312-CBA1-EN;Institut Bauen und Umwelt e.V. (IBU);;;;1;qm;;1 m² tufted wall-to-wall carpet;;;;;;;;;;;B2;;;;;;;;;;3.69;0;3.69;5.9;0;5.9;0;0;0;0.00334;0.0000419;0.0073;0.000376;;;;;;0.000832;0.416;0.00416;0.215;0.196;;;0.000197;0.00000519;0.00283;;;;;0.0000000342;0.000983;5.9;0.00000023;0.0999;;;;;;;;;;;;;;;;;;;
7b056247-ffed-4a99-b4cf-19d74c483652;00.01.000;;Tufted wall-to-wall carpet, polypropylene with a maximum total pile weight of 1275 g/m2 and a foam backing;;;'EN 15804+A2';;DK;specific dataset;2023;2028;;;2023-01-31;EPD-DAN-20220312-CBA1-EN;Institut Bauen und Umwelt e.V. (IBU);;;;1;qm;;1 m² tufted wall-to-wall carpet;;;;;;;;;;;C1;;;;;;;;;;0;0;0;0;0;0;0;0;0;0;0;0;0;;;;;;0;0;0;0;0;;;0;0;0;;;;;0;0;0;0;0;;;;;;;;;;;;;;;;;;;
7b056247-ffed-4a99-b4cf-19d74c483652;00.01.000;;Tufted wall-to-wall carpet, polypropylene with a maximum total pile weight of 1275 g/m2 and a foam backing;;;'EN 15804+A2';;DK;specific dataset;2023;2028;;;2023-01-31;EPD-DAN-20220312-CBA1-EN;Institut Bauen und Umwelt e.V. (IBU);;;;1;qm;;1 m² tufted wall-to-wall carpet;;;;;;;;;;;C2;;;;;;;;;;0.00901;0;0.00901;0.159;0;0.159;0;0;0;0.0000102;0.000000000000761;0.0000228;0.000000196;;;;;;0.0000706;0.0119;0.000151;0.0117;0.0000661;;;0.0000347;0.0000000354;0.000384;;;;;;0.0000656;0.159;;0.000106;;;;;;;;;;;;;;;;;;;
7b056247-ffed-4a99-b4cf-19d74c483652;00.01.000;;Tufted wall-to-wall carpet, polypropylene with a maximum total pile weight of 1275 g/m2 and a foam backing;;;'EN 15804+A2';;DK;specific dataset;2023;2028;;;2023-01-31;EPD-DAN-20220312-CBA1-EN;Institut Bauen und Umwelt e.V. (IBU);;;;1;qm;;1 m² tufted wall-to-wall carpet;;;;;;;;;;;D;;;;;;;;;;-1.01;0;-1.01;-3.68;0;-3.68;0;0;0;-0.000962;-0.000000000499;-0.00185;-0.000289;;;;;;-0.000284;-0.217;-0.0011;-0.216;-0.0000237;;;-0.0000771;-0.000000296;-0.000826;;;;;;-0.000216;-3.68;-0.0000000325;-0.0227;;;;;;;;;;;;;;;;;;;
7b056247-ffed-4a99-b4cf-19d74c483652;00.01.000;;Tufted wall-to-wall carpet, polypropylene with a maximum total pile weight of 1275 g/m2 and a foam backing;;;'EN 15804+A2';;DK;specific dataset;2023;2028;;;2023-01-31;EPD-DAN-20220312-CBA1-EN;Institut Bauen und Umwelt e.V. (IBU);;;;1;qm;;1 m² tufted wall-to-wall carpet;;;;;;;;;;;C3/2;;;;;;;;;;0.373;0;0.373;79.6;-77.8;1.82;0;0;0;0.016;0.000000000225;0.759;0.0000855;;;;;;0.00119;5.77;0.000411;5.77;0.000148;;;0.000389;0.000000536;0.00538;;;;;;0.00106;1.82;0.0000000167;0.681;;;;;;;;;;;;;;;;;;;
7b056247-ffed-4a99-b4cf-19d74c483652;00.01.000;;Tufted wall-to-wall carpet, polypropylene with a maximum total pile weight of 1275 g/m2 and a foam backing;;;'EN 15804+A2';;DK;specific dataset;2023;2028;;;2023-01-31;EPD-DAN-20220312-CBA1-EN;Institut Bauen und Umwelt e.V. (IBU);;;;1;qm;;1 m² tufted wall-to-wall carpet;;;;;;;;;;;C3/3;;;;;;;;;;0.576;0;0.576;80.4;-77.8;2.55;0;0;0;0.0162;0.000000000255;0.76;0.000138;;;;;;0.0014;5.82;0.00095;5.82;0.000317;;;0.000485;0.000000677;0.00643;;;;;;0.00124;2.55;0.0000000241;0.685;;;;;;;;;;;;;;;;;;;
7b056247-ffed-4a99-b4cf-19d74c483652;00.01.000;;Tufted wall-to-wall carpet, polypropylene with a maximum total pile weight of 1275 g/m2 and a foam backing;;;'EN 15804+A2';;DK;specific dataset;2023;2028;;;2023-01-31;EPD-DAN-20220312-CBA1-EN;Institut Bauen und Umwelt e.V. (IBU);;;;1;qm;;1 m² tufted wall-to-wall carpet;;;;;;;;;;;C4/1;;;;;;;;;;0.29;0;0.29;3.53;0;3.53;0;0;0;0.0000413;0.000000000544;3.49;0.0000433;;;;;;0.000736;0.249;0;0.248;0.000121;;;0.000163;0.0000464;0.00179;;;;;;0.000524;3.53;0.0000000172;-0.00264;;;;;;;;;;;;;;;;;;;
7b056247-ffed-4a99-b4cf-19d74c483652;00.01.000;;Tufted wall-to-wall carpet, polypropylene with a maximum total pile weight of 1275 g/m2 and a foam backing;;;'EN 15804+A2';;DK;specific dataset;2023;2028;;;2023-01-31;EPD-DAN-20220312-CBA1-EN;Institut Bauen und Umwelt e.V. (IBU);;;;1;qm;;1 m² tufted wall-to-wall carpet;;;;;;;;;;;D/1;;;;;;;;;;0;0;0;0;0;0;0;0;0;0;0;0;0;;;;;;0;0;0;0;0;;;0;0;0;;;;;0;0;0;0;0;;;;;;;;;;;;;;;;;;;
7b056247-ffed-4a99-b4cf-19d74c483652;00.01.000;;Tufted wall-to-wall carpet, polypropylene with a maximum total pile weight of 1275 g/m2 and a foam backing;;;'EN 15804+A2';;DK;specific dataset;2023;2028;;;2023-01-31;EPD-DAN-20220312-CBA1-EN;Institut Bauen und Umwelt e.V. (IBU);;;;1;qm;;1 m² tufted wall-to-wall carpet;;;;;;;;;;;D/2;;;;;;;;;;-10.4;0;-10.4;-37.9;0;-37.9;0;0;0;-0.0099;-0.00000000514;-0.0191;-0.00297;;;;;;-0.00292;-2.24;-0.0114;-2.23;-0.000244;;;-0.000794;-0.00000305;-0.0085;;;;;;-0.00222;-37.9;-0.000000335;-0.234;;;;;;;;;;;;;;;;;;;
7b056247-ffed-4a99-b4cf-19d74c483652;00.01.000;;Tufted wall-to-wall carpet, polypropylene with a maximum total pile weight of 1275 g/m2 and a foam backing;;;'EN 15804+A2';;DK;specific dataset;2023;2028;;;2023-01-31;EPD-DAN-20220312-CBA1-EN;Institut Bauen und Umwelt e.V. (IBU);;;;1;qm;;1 m² tufted wall-to-wall carpet;;;;;;;;;;;D/3;;;;;;;;;;-0.825;0;-0.825;-70.9;0;-70.9;0.81;0;0;-0.00657;-0.000000000434;-0.242;-0.000177;;;;;;-0.00217;-0.586;-0.000822;-0.585;-0.000284;;;-0.000664;-0.00000065;-0.00728;;;;;;-0.00199;;-0.0000000564;-0.0858;;;;;;;;;;;;;;;;;;;
eb7bc343-1cd4-4e9d-bcc7-7293250f6e9d;00.01.000;;Epoxy Powder Coating;;;'EN 15804+A2';;DE;specific dataset;2023;2028;;;2023-06-22;EPD-VDL-20230165-IAG1-DE;Institut Bauen und Umwelt e.V. (IBU);;;;1;kg;;1 kg;;;;;;;;;;;A1-A3;;;;;;;;;;16.1;1.05;17.2;98.3;17;115;0;0;0;0.0201;0.0000000242;0.638;0.00218;0;0;0;0;0;0.0126;6.38;0.134;6.25;0.00116;60;0.00000015;0.00309;0.0000284;0.0335;0.0000000112;0.00000124;0.235;21.9;0.0000000000344;0.0102;115;0.00000886;0.208;;;;;;;;;;;;;;;;;;;
eb7bc343-1cd4-4e9d-bcc7-7293250f6e9d;00.01.000;;Epoxy Powder Coating;;;'EN 15804+A2';;DE;specific dataset;2023;2028;;;2023-06-22;EPD-VDL-20230165-IAG1-DE;Institut Bauen und Umwelt e.V. (IBU);;;;1;kg;;1 kg;;;;;;;;;;;C1;;;;;;;;;;0;0;0;0;0;0;0;0;0;0;0;0;0;0;0;0;0;0;0;0;0;0;0;0;0;0;0;0;0;0;0;0;0;0;0;0;0;;;;;;;;;;;;;;;;;;;
eb7bc343-1cd4-4e9d-bcc7-7293250f6e9d;00.01.000;;Epoxy Powder Coating;;;'EN 15804+A2';;DE;specific dataset;2023;2028;;;2023-06-22;EPD-VDL-20230165-IAG1-DE;Institut Bauen und Umwelt e.V. (IBU);;;;1;kg;;1 kg;;;;;;;;;;;C2;;;;;;;;;;0.000335;0;0.000335;0.0578;0;0.0578;0;0;0;0.000000285;0.000000000000193;0.00000695;0.0000000513;0;0;0;0;0;0.0000134;0.00431;0.000191;0.00412;0.0000000671;0.0459;0.0000000000717;0.00000645;0.000000000856;0.0000708;0.000000000000861;0.0000000000433;0.0000046;0.000251;0.000000000000000626;0.0000124;0.0577;0.000000000229;0.00000473;;;;;;;;;;;;;;;;;;;
eb7bc343-1cd4-4e9d-bcc7-7293250f6e9d;00.01.000;;Epoxy Powder Coating;;;'EN 15804+A2';;DE;specific dataset;2023;2028;;;2023-06-22;EPD-VDL-20230165-IAG1-DE;Institut Bauen und Umwelt e.V. (IBU);;;;1;kg;;1 kg;;;;;;;;;;;C3;;;;;;;;;;0;0;0;0;0;0;0;0;0;0;0;0;0;0;0;0;0;0;0;0;0;0;0;0;0;0;0;0;0;0;0;0;0;0;0;0;0;;;;;;;;;;;;;;;;;;;
eb7bc343-1cd4-4e9d-bcc7-7293250f6e9d;00.01.000;;Epoxy Powder Coating;;;'EN 15804+A2';;DE;specific dataset;2023;2028;;;2023-06-22;EPD-VDL-20230165-IAG1-DE;Institut Bauen und Umwelt e.V. (IBU);;;;1;kg;;1 kg;;;;;;;;;;;C4;;;;;;;;;;1.21;-1.05;0.156;;;;0;0;0;0.00552;0.0000000000614;0.0488;0.0000172;0;0;0;0;0;0.000675;2.3;0.000201;2.3;0.0000118;0.219;0.00000000368;0.000209;0.0000000881;0.00322;0.0000000000236;0.0000000015;0.0017;0.162;0.000000000000333;0.000544;0.576;0.00000000813;0.234;;;;;;;;;;;;;;;;;;;
eb7bc343-1cd4-4e9d-bcc7-7293250f6e9d;00.01.000;;Epoxy Powder Coating;;;'EN 15804+A2';;DE;specific dataset;2023;2028;;;2023-06-22;EPD-VDL-20230165-IAG1-DE;Institut Bauen und Umwelt e.V. (IBU);;;;1;kg;;1 kg;;;;;;;;;;;D;;;;;;;;;;0;0;0;0;0;0;0;0;0;0;0;0;0;0;0;0;0;0;0;0;0;0;0;0;0;0;0;0;0;0;0;0;0;0;0;0;0;;;;;;;;;;;;;;;;;;;
d0dc23b4-e971-46d1-8ac7-7c596ce5159d;00.01.000;;Needled carpet tiles, yarn mixture of 80% polypropylene, 20% polyester and an NSF foam backing;;;'EN 15804+A2';;NL;specific dataset;2022;2027;;;2022-11-30;EPD-VEB-20220242-CBB1-EN;Institut Bauen und Umwelt e.V. (IBU);;;;1;qm;;1 m² needled tiles, PP and PET pile material with a NSF foam backing;;;;;;;;;;;A1-A3;;;;;;;;;;19;0.007;19;155;86.9;241;0.363;0;0;0.244;0.00000866;0.0881;0.00754;0;0;0;0;0;0.017;8.04;0.0212;8.01;0.0055;123;0.000000159;0.00468;0.0000256;0.05;0.0000000038;0.000000256;0.832;;0.00000000493;0.0158;241;0.00000127;9.89;;;;;;;;;;;;;;;;;;;
d0dc23b4-e971-46d1-8ac7-7c596ce5159d;00.01.000;;Needled carpet tiles, yarn mixture of 80% polypropylene, 20% polyester and an NSF foam backing;;;'EN 15804+A2';;NL;specific dataset;2022;2027;;;2022-11-30;EPD-VEB-20220242-CBB1-EN;Institut Bauen und Umwelt e.V. (IBU);;;;1;qm;;1 m² needled tiles, PP and PET pile material with a NSF foam backing;;;;;;;;;;;A4;;;;;;;;;;0.133;0;0.133;2.35;0;2.35;0;0;0;0.00015;0.0000000000112;0.000336;0.00000289;0;0;0;0;0;0.00104;0.176;0.00223;0.172;0.000976;1.62;0.00000000602;0.000512;0.000000523;0.00567;0.0000000000328;0.00000000195;0.000423;;;0.000968;2.34;0.0000000146;0.00157;;;;;;;;;;;;;;;;;;;
d0dc23b4-e971-46d1-8ac7-7c596ce5159d;00.01.000;;Needled carpet tiles, yarn mixture of 80% polypropylene, 20% polyester and an NSF foam backing;;;'EN 15804+A2';;NL;specific dataset;2022;2027;;;2022-11-30;EPD-VEB-20220242-CBB1-EN;Institut Bauen und Umwelt e.V. (IBU);;;;1;qm;;1 m² needled tiles, PP and PET pile material with a NSF foam backing;;;;;;;;;;;A5;;;;;;;;;;0.584;0;0.584;7.39;-0.037;7.36;0.0109;0;0;0.00779;0.00000026;0.00932;0.000228;0;0.0034;0;0.377;0.676;0.000581;0.458;0.00572;0.452;0.000197;3.76;0.00000000521;0.000169;0.000000789;0.00186;0.000000000117;0.00000000785;0.0253;;;0.000538;7.35;0.000000039;0.317;;;;;;;;;;;;;;;;;;;
d0dc23b4-e971-46d1-8ac7-7c596ce5159d;00.01.000;;Needled carpet tiles, yarn mixture of 80% polypropylene, 20% polyester and an NSF foam backing;;;'EN 15804+A2';;NL;specific dataset;2022;2027;;;2022-11-30;EPD-VEB-20220242-CBB1-EN;Institut Bauen und Umwelt e.V. (IBU);;;;1;qm;;1 m² needled tiles, PP and PET pile material with a NSF foam backing;;;;;;;;;;;B1;;;;;;;;;;0;0;0;0;0;0;0;0;0;0;0;0;0;0;0;0;0;0;0;0;0;0;0;0.0036;0;0;0;0;0;0.000000000026;0;;0;0.000418;0;0;0;;;;;;;;;;;;;;;;;;;
d0dc23b4-e971-46d1-8ac7-7c596ce5159d;00.01.000;;Needled carpet tiles, yarn mixture of 80% polypropylene, 20% polyester and an NSF foam backing;;;'EN 15804+A2';;NL;specific dataset;2022;2027;;;2022-11-30;EPD-VEB-20220242-CBB1-EN;Institut Bauen und Umwelt e.V. (IBU);;;;1;qm;;1 m² needled tiles, PP and PET pile material with a NSF foam backing;;;;;;;;;;;B2;;;;;;;;;;3.69;0;3.69;5.9;0;5.9;0;0;0;0.00334;0.0000419;0.0073;0.000376;0;0;0;0;0;0.000832;0.416;0.00416;0.215;0.196;2.69;0.0000000684;0.000197;0.00000519;0.00283;0.000000000621;0.00000000946;0.0678;;0.0000000342;0.000983;5.9;0.00000023;0.0999;;;;;;;;;;;;;;;;;;;
d0dc23b4-e971-46d1-8ac7-7c596ce5159d;00.01.000;;Needled carpet tiles, yarn mixture of 80% polypropylene, 20% polyester and an NSF foam backing;;;'EN 15804+A2';;NL;specific dataset;2022;2027;;;2022-11-30;EPD-VEB-20220242-CBB1-EN;Institut Bauen und Umwelt e.V. (IBU);;;;1;qm;;1 m² needled tiles, PP and PET pile material with a NSF foam backing;;;;;;;;;;;C1;;;;;;;;;;0;0;0;0;0;0;0;0;0;0;0;0;0;0;0;0;0;0;0;0;0;0;0;0;0;0;0;0;0;0;0;;0;0;0;0;0;;;;;;;;;;;;;;;;;;;
d0dc23b4-e971-46d1-8ac7-7c596ce5159d;00.01.000;;Needled carpet tiles, yarn mixture of 80% polypropylene, 20% polyester and an NSF foam backing;;;'EN 15804+A2';;NL;specific dataset;2022;2027;;;2022-11-30;EPD-VEB-20220242-CBB1-EN;Institut Bauen und Umwelt e.V. (IBU);;;;1;qm;;1 m² needled tiles, PP and PET pile material with a NSF foam backing;;;;;;;;;;;C2;;;;;;;;;;0.00759;0;0.00759;0.134;0;0.134;0;0;0;0.00000858;0.000000000000641;0.0000192;0.000000165;0;0;0;0;0;0.0000595;0.01;0.000127;0.00984;0.0000557;0.0927;0.000000000344;0.0000292;0.0000000298;0.000323;0.00000000000187;0.000000000111;0.0000242;;;0.0000552;0.134;;0.0000894;;;;;;;;;;;;;;;;;;;
d0dc23b4-e971-46d1-8ac7-7c596ce5159d;00.01.000;;Needled carpet tiles, yarn mixture of 80% polypropylene, 20% polyester and an NSF foam backing;;;'EN 15804+A2';;NL;specific dataset;2022;2027;;;2022-11-30;EPD-VEB-20220242-CBB1-EN;Institut Bauen und Umwelt e.V. (IBU);;;;1;qm;;1 m² needled tiles, PP and PET pile material with a NSF foam backing;;;;;;;;;;;D;;;;;;;;;;-0.355;0;-0.355;-1.29;0;-1.29;0;0;0;-0.000339;-0.000000000175;-0.000652;-0.000102;0;0;0;0;0;-0.0000999;-0.0762;-0.000388;-0.0758;-0.00000835;-0.284;;-0.0000271;-0.000000105;-0.00029;;;-0.0172;;;-0.0000758;-1.29;-0.0000000115;-0.00801;;;;;;;;;;;;;;;;;;;
d0dc23b4-e971-46d1-8ac7-7c596ce5159d;00.01.000;;Needled carpet tiles, yarn mixture of 80% polypropylene, 20% polyester and an NSF foam backing;;;'EN 15804+A2';;NL;specific dataset;2022;2027;;;2022-11-30;EPD-VEB-20220242-CBB1-EN;Institut Bauen und Umwelt e.V. (IBU);;;;1;qm;;1 m² needled tiles, PP and PET pile material with a NSF foam backing;;;;;;;;;;;C3/2;;;;;;;;;;0.305;-0.007;0.298;;;;0;0;0;0.0157;0.000000000128;0.222;0.0000697;0;0;0;12.4;22.2;0.00129;6.78;0.000313;6.77;0.0000259;0.68;0.00000000823;0.000412;0.000000194;0.00585;0.00000000006;0.00000000353;0.0112;;;0.00112;1.33;0.0000000118;0.67;;;;;;;;;;;;;;;;;;;
d0dc23b4-e971-46d1-8ac7-7c596ce5159d;00.01.000;;Needled carpet tiles, yarn mixture of 80% polypropylene, 20% polyester and an NSF foam backing;;;'EN 15804+A2';;NL;specific dataset;2022;2027;;;2022-11-30;EPD-VEB-20220242-CBB1-EN;Institut Bauen und Umwelt e.V. (IBU);;;;1;qm;;1 m² needled tiles, PP and PET pile material with a NSF foam backing;;;;;;;;;;;C3/3;;;;;;;;;;0.476;-0.007;0.469;88.8;-86.8;1.94;0;0;0;0.0159;0.000000000153;0.222;0.000114;0;0;0;0;95;0.00147;6.82;0.000768;6.81;0.000168;1.03;0.00000000936;0.000493;0.000000313;0.00674;0.0000000000682;0.00000000393;0.0187;;;0.00127;1.94;0.000000018;0.674;;;;;;;;;;;;;;;;;;;
d0dc23b4-e971-46d1-8ac7-7c596ce5159d;00.01.000;;Needled carpet tiles, yarn mixture of 80% polypropylene, 20% polyester and an NSF foam backing;;;'EN 15804+A2';;NL;specific dataset;2022;2027;;;2022-11-30;EPD-VEB-20220242-CBB1-EN;Institut Bauen und Umwelt e.V. (IBU);;;;1;qm;;1 m² needled tiles, PP and PET pile material with a NSF foam backing;;;;;;;;;;;C4/1;;;;;;;;;;0.244;0;0.244;2.97;0;2.97;0;0;0;0.0000348;0.000000000458;2.94;0.0000365;0;0;0;0;0;0.00062;0.207;0;0.207;0.000102;2.91;0.00000000596;0.000137;0.0000391;0.00151;0.00000000013;0.0000000109;0.00538;;;0.000441;2.97;0.0000000145;-0.00222;;;;;;;;;;;;;;;;;;;
d0dc23b4-e971-46d1-8ac7-7c596ce5159d;00.01.000;;Needled carpet tiles, yarn mixture of 80% polypropylene, 20% polyester and an NSF foam backing;;;'EN 15804+A2';;NL;specific dataset;2022;2027;;;2022-11-30;EPD-VEB-20220242-CBB1-EN;Institut Bauen und Umwelt e.V. (IBU);;;;1;qm;;1 m² needled tiles, PP and PET pile material with a NSF foam backing;;;;;;;;;;;D/1;;;;;;;;;;0;0;0;0;0;0;0;0;0;0;0;0;0;0;0;0;0;0;0;0;0;0;0;0;0;0;0;0;0;0;0;;0;0;0;0;0;;;;;;;;;;;;;;;;;;;
d0dc23b4-e971-46d1-8ac7-7c596ce5159d;00.01.000;;Needled carpet tiles, yarn mixture of 80% polypropylene, 20% polyester and an NSF foam backing;;;'EN 15804+A2';;NL;specific dataset;2022;2027;;;2022-11-30;EPD-VEB-20220242-CBB1-EN;Institut Bauen und Umwelt e.V. (IBU);;;;1;qm;;1 m² needled tiles, PP and PET pile material with a NSF foam backing;;;;;;;;;;;D/3;;;;;;;;;;-0.523;0;-0.523;-76.7;0;-76.7;0;0;0;-0.00666;-0.000000000128;-0.00147;-0.000105;0;0;0;0;0;-0.00137;-0.471;-0.000534;-0.471;-0.000197;-12.9;-0.0000000178;-0.000464;-0.000000466;-0.00508;;-0.00000000574;-0.00901;;;-0.00144;-76.7;-0.000000042;-0.0767;;;;;;;;;;;;;;;;;;;
d0dc23b4-e971-46d1-8ac7-7c596ce5159d;00.01.000;;Needled carpet tiles, yarn mixture of 80% polypropylene, 20% polyester and an NSF foam backing;;;'EN 15804+A2';;NL;specific dataset;2022;2027;;;2022-11-30;EPD-VEB-20220242-CBB1-EN;Institut Bauen und Umwelt e.V. (IBU);;;;1;qm;;1 m² needled tiles, PP and PET pile material with a NSF foam backing;;;;;;;;;;;D/2;;;;;;;;;;-11.6;0;-11.6;-42.3;0;-42.3;0;0;0;-0.0111;-0.00000000572;-0.0214;-0.00334;0;0;0;0;0;-0.00327;;-0.0127;;-0.000274;0;0;-0.000888;-0.00000343;-0.00951;0;0;0;;;-0.00248;-42.3;-0.000000376;-0.262;;;;;;;;;;;;;;;;;;;
23b511a4-6228-4215-b1fd-4f5b74d82c45;00.01.000;;Stainless steel lever and window handle CORE/PREMIUM;;;'EN 15804+A2';;DE;specific dataset;2024;2029;;;2024-06-18;EPD-OGR-20240053-CBA5-EN;Institut Bauen und Umwelt e.V. (IBU);;;;1;pcs.;;1 piece;;;;;;;;;;;A1-A3;;;;;;;;;;10.1;1.18;11.3;38.4;0.462;38.9;0.306;0;0;0.039;0.000000213;0.245;0.000665;0;0;0;0;0;0.0148;2.9;-0.161;3.06;0.00531;17.3;0.000000256;0.00226;0.00000703;0.023;0.000000572;0.0000000537;0.068;25;0.0000000000011;0.00672;38.9;0.000117;1.02;;;;;;;;;;;;;;;;;;;
23b511a4-6228-4215-b1fd-4f5b74d82c45;00.01.000;;Stainless steel lever and window handle CORE/PREMIUM;;;'EN 15804+A2';;DE;specific dataset;2024;2029;;;2024-06-18;EPD-OGR-20240053-CBA5-EN;Institut Bauen und Umwelt e.V. (IBU);;;;1;pcs.;;1 piece;;;;;;;;;;;A4;;;;;;;;;;0.000268;0;0.000268;0.085;0;0.085;0;0;0;0.000000481;0.00000000000825;0.0000087;0.0000000913;0;0;0;0;0;0.000006;;;;;0.06;0.0000000000315;0.00000191;0.00000000128;0.0000212;0.00000000000113;0.0000000000485;0.0000131;0.000219;0.000000000000000000633;0.0000054;0.085;0.00000000018;0.0000117;;;;;;;;;;;;;;;;;;;
23b511a4-6228-4215-b1fd-4f5b74d82c45;00.01.000;;Stainless steel lever and window handle CORE/PREMIUM;;;'EN 15804+A2';;DE;specific dataset;2024;2029;;;2024-06-18;EPD-OGR-20240053-CBA5-EN;Institut Bauen und Umwelt e.V. (IBU);;;;1;pcs.;;1 piece;;;;;;;;;;;A5;;;;;;;;;;;;;0.044;0;0.044;0;0;0;0.000406;0.0000000000647;0.004;0.00000231;0;0;0;0.21;0.381;0.0000389;0.139;0.135;0.003;0.00000229;0.021;0.000000000216;0.0000141;0.0000000049;0.000175;0.0000000000011;0.0000000000477;0.000357;0.012;0.000000000000000025;0.0000372;0.044;0.000000000396;0.017;;;;;;;;;;;;;;;;;;;
23b511a4-6228-4215-b1fd-4f5b74d82c45;00.01.000;;Stainless steel lever and window handle CORE/PREMIUM;;;'EN 15804+A2';;DE;specific dataset;2024;2029;;;2024-06-18;EPD-OGR-20240053-CBA5-EN;Institut Bauen und Umwelt e.V. (IBU);;;;1;pcs.;;1 piece;;;;;;;;;;;C1;;;;;;;;;;0;0;0;0;0;0;0;0;0;0;0;0;0;0;0;0;0;0;0;0;0;0;0;0;0;0;0;0;0;0;0;0;0;0;0;0;0;;;;;;;;;;;;;;;;;;;
23b511a4-6228-4215-b1fd-4f5b74d82c45;00.01.000;;Stainless steel lever and window handle CORE/PREMIUM;;;'EN 15804+A2';;DE;specific dataset;2024;2029;;;2024-06-18;EPD-OGR-20240053-CBA5-EN;Institut Bauen und Umwelt e.V. (IBU);;;;1;pcs.;;1 piece;;;;;;;;;;;C2;;;;;;;;;;0.000116;0;0.000116;0.037;0;0.037;0;0;0;0.000000208;0.00000000000356;0.00000376;0.0000000394;0;0;0;0;0;0.00000259;0.003;0.00012;0.003;0.0000000616;0.026;0.0000000000136;0.000000824;0.000000000554;0.00000916;0.000000000000489;0.0000000000209;0.00000563;0.0000943;0.000000000000000000273;0.00000233;0.037;0.0000000000776;0.00000507;;;;;;;;;;;;;;;;;;;
23b511a4-6228-4215-b1fd-4f5b74d82c45;00.01.000;;Stainless steel lever and window handle CORE/PREMIUM;;;'EN 15804+A2';;DE;specific dataset;2024;2029;;;2024-06-18;EPD-OGR-20240053-CBA5-EN;Institut Bauen und Umwelt e.V. (IBU);;;;1;pcs.;;1 piece;;;;;;;;;;;C3;;;;;;;;;;0.009;0;0.009;0.499;-0.462;0.037;0;0;0;0.000193;0.000000000139;0.008;0.00000136;0;0.588;0;0.146;0.335;0.000014;0.079;0.00000184;0.079;0.00000445;0.014;0.000000000179;0.00000316;0.00000000634;0.0000639;0.00000000000119;0.00000000012;0.000122;0.011;0.0000000000000000397;0.00000875;0.037;0.000000000545;0.008;;;;;;;;;;;;;;;;;;;
23b511a4-6228-4215-b1fd-4f5b74d82c45;00.01.000;;Stainless steel lever and window handle CORE/PREMIUM;;;'EN 15804+A2';;DE;specific dataset;2024;2029;;;2024-06-18;EPD-OGR-20240053-CBA5-EN;Institut Bauen und Umwelt e.V. (IBU);;;;1;pcs.;;1 piece;;;;;;;;;;;C4;;;;;;;;;;0;0;0;0;0;0;0;0;0;0;0;0;0;0;0;0;0;0;0;0;0;0;0;0;0;0;0;0;0;0;0;0;0;0;0;0;0;;;;;;;;;;;;;;;;;;;
23b511a4-6228-4215-b1fd-4f5b74d82c45;00.01.000;;Stainless steel lever and window handle CORE/PREMIUM;;;'EN 15804+A2';;DE;specific dataset;2024;2029;;;2024-06-18;EPD-OGR-20240053-CBA5-EN;Institut Bauen und Umwelt e.V. (IBU);;;;1;pcs.;;1 piece;;;;;;;;;;;D;;;;;;;;;;-4.8;0;-4.8;-24.1;0;-24.1;0;0;0;-0.029;-0.00000014;-0.163;-0.000199;0;0;0;0;0;-0.008;-1.97;0.009;-1.98;-0.004;-11.8;-0.000000167;-0.001;-0.00000172;-0.014;-0.00000000372;-0.0000000106;-0.026;-3.35;-0.00000000000000427;-0.004;-24;-0.0000569;-0.752;;;;;;;;;;;;;;;;;;;
35bfbcf6-5fbc-46fa-b17b-a21553aadecf;00.01.000;;Driveway 200x100x50 mm Brindle, Mix Design ID: BUR/DW50/1.5 RMCBP24 RMCBP23, Plant: Barton, United Kingdom;;;'EN 15804+A2';;;specific dataset;;;;;;;Institut Bauen und Umwelt e.V. (IBU);;;;;;;;;;;;;;;;;;A1-A3;;;;;;;;;;23.4;;23.42;;;;;;;;;;;;;;;;;8.04;;;;;;;;;;;;;;;;;;;;;;;;;;;;;;;;;;;;
35bfbcf6-5fbc-46fa-b17b-a21553aadecf;00.01.000;;Driveway 200x100x50 mm Brindle, Mix Design ID: BUR/DW50/1.5 RMCBP24 RMCBP23, Plant: Barton, United Kingdom;;;'EN 15804+A2';;;specific dataset;;;;;;;Institut Bauen und Umwelt e.V. (IBU);;;;;;;;;;;;;;;;;;A4;;;;;;;;;;;;;7.03;;7.031;;;;;;;;;;;;;;;;;;;;;;;;;;;;;;;;;;;;;;;;;;;;;;;;;;
35bfbcf6-5fbc-46fa-b17b-a21553aadecf;00.01.000;;Driveway 200x100x50 mm Brindle, Mix Design ID: BUR/DW50/1.5 RMCBP24 RMCBP23, Plant: Barton, United Kingdom;;;'EN 15804+A2';;;specific dataset;;;;;;;Institut Bauen und Umwelt e.V. (IBU);;;;;;;;;;;;;;;;;;D;;;;;;;;;;;;;;;0;;;;;;;;;;;;;;;;;;;;;;;;;;;;;;;;;;;;;;;;;;;;;;;;;;
71b3eff0-25e5-42d0-a8be-036aca499ad7;00.01.000;;Cast strips as precursor material for slugs;;;'EN 15804+A2';;DE;specific dataset;2023;2028;;;2023-12-18;EPD-AWW-20230483-IBA2-DE;Institut Bauen und Umwelt e.V. (IBU);;;;1;kg;;1 kg gegossene Bänder (Gießbänder);;;;;;;;;;;A1-A3;;;;;;;;;;32.6;0;32.6;43.2;0;43.2;0.0697;0;0;0.0999;0.0000000263;1.51;0.00102;0;0;0;0;0;0.0243;3.97;0.0068;3.96;0.000622;;;0.00269;0.00000138;0.0295;;;;;0.000000000000692;0.00854;42.8;0.00000162;0.871;;;;;;;;;;;;;;;;;;;
71b3eff0-25e5-42d0-a8be-036aca499ad7;00.01.000;;Cast strips as precursor material for slugs;;;'EN 15804+A2';;DE;specific dataset;2023;2028;;;2023-12-18;EPD-AWW-20230483-IBA2-DE;Institut Bauen und Umwelt e.V. (IBU);;;;1;kg;;1 kg gegossene Bänder (Gießbänder);;;;;;;;;;;C1;;;;;;;;;;0;0;0;0;0;0;0;0;0;0;0;0;0;0;0;0;0;0;0;0;0;0;0;;;0;0;0;;;;;0;0;0;0;0;;;;;;;;;;;;;;;;;;;
71b3eff0-25e5-42d0-a8be-036aca499ad7;00.01.000;;Cast strips as precursor material for slugs;;;'EN 15804+A2';;DE;specific dataset;2023;2028;;;2023-12-18;EPD-AWW-20230483-IBA2-DE;Institut Bauen und Umwelt e.V. (IBU);;;;1;kg;;1 kg gegossene Bänder (Gießbänder);;;;;;;;;;;C2;;;;;;;;;;0.00273;0;0.00273;0.0396;0;0.0396;0;0;0;0.00000315;0.000000000000209;0.00000645;0.0000000734;0;0;0;0;0;0.00001;0.00303;0;0.00301;0.0000202;;;0.00000459;0.0000000107;0.0000514;;;;;0.000000000000000295;0.000009;0.0394;0.000000000303;0.0000336;;;;;;;;;;;;;;;;;;;
71b3eff0-25e5-42d0-a8be-036aca499ad7;00.01.000;;Cast strips as precursor material for slugs;;;'EN 15804+A2';;DE;specific dataset;2023;2028;;;2023-12-18;EPD-AWW-20230483-IBA2-DE;Institut Bauen und Umwelt e.V. (IBU);;;;1;kg;;1 kg gegossene Bänder (Gießbänder);;;;;;;;;;;C3;;;;;;;;;;0;0;0;0;0;0;0;0;0;0;0;0;0;0;0.95;0;0;0;0;0;0;0;0;;;0;0;0;;;;;0;0;0;0;0;;;;;;;;;;;;;;;;;;;
71b3eff0-25e5-42d0-a8be-036aca499ad7;00.01.000;;Cast strips as precursor material for slugs;;;'EN 15804+A2';;DE;specific dataset;2023;2028;;;2023-12-18;EPD-AWW-20230483-IBA2-DE;Institut Bauen und Umwelt e.V. (IBU);;;;1;kg;;1 kg gegossene Bänder (Gießbänder);;;;;;;;;;;C4;;;;;;;;;;0.0028;0;0.0028;0.0343;0;0.0343;0;0;0;0.000000481;0.00000000000517;0.0501;0.000000413;0;0;0;0;0;0.00000762;0.00239;0.0000000184;0.00242;0.00000145;;;0.00000186;0.00000000185;0.0000204;;;;;0.00000000000000318;0.00000588;0.0343;0.000000000168;-0.0000228;;;;;;;;;;;;;;;;;;;
71b3eff0-25e5-42d0-a8be-036aca499ad7;00.01.000;;Cast strips as precursor material for slugs;;;'EN 15804+A2';;DE;specific dataset;2023;2028;;;2023-12-18;EPD-AWW-20230483-IBA2-DE;Institut Bauen und Umwelt e.V. (IBU);;;;1;kg;;1 kg gegossene Bänder (Gießbänder);;;;;;;;;;;D;;;;;;;;;;-40.6;0;-40.6;-83.9;0;-83.9;0.881;0;0;-0.104;-0.00000000357;-2.08;-0.00514;0;0;0;0;0;-0.0345;-6.73;-0.0165;-6.71;-0.00149;;;-0.0043;-0.00000263;-0.0468;;;;;-0.00000000000432;-0.0133;-83.7;-0.000000457;-1.07;;;;;;;;;;;;;;;;;;;
6607fb6e-a298-43df-9449-2fff2140aa99;00.01.000;;Combar®;;;'EN 15804+A2';;DE;specific dataset;2021;2026;;;2021-04-13;EPD-SBG-20200240-IBA1-DE;Institut Bauen und Umwelt e.V. (IBU);;;;1;kg;;1 kg Schöck Combar®;;;;;;;;;;;A1-A3;;;;;;;;;;5.73;0.144;5.87;35.3;3.74;39.1;0;;;0.00952;0.197;0.0000000244;0.196;0;0;0;0;0;0.0133;2.22;0.0174;2.2;0.0014;;;0.00181;0.00000594;0.0196;;;;;0.0000000000000168;0.00586;39.1;0.000000477;0.215;;;;;;;;;;;;;;;;;;;
6607fb6e-a298-43df-9449-2fff2140aa99;00.01.000;;Combar®;;;'EN 15804+A2';;DE;specific dataset;2021;2026;;;2021-04-13;EPD-SBG-20200240-IBA1-DE;Institut Bauen und Umwelt e.V. (IBU);;;;1;kg;;1 kg Schöck Combar®;;;;;;;;;;;A5;;;;;;;;;;;;;;;;0;;;0.0000686;0.0000000000199;0.0014;0.000000394;0;0;0;0.05;0.09;0.00000387;0.0257;0.012;0.0137;0.000000612;;;0.00000116;0.000000000923;0.0000178;;;;;0.00000000000000000569;0.00000323;0.00836;0.0000000000859;0.0029;;;;;;;;;;;;;;;;;;;
6607fb6e-a298-43df-9449-2fff2140aa99;00.01.000;;Combar®;;;'EN 15804+A2';;DE;specific dataset;2021;2026;;;2021-04-13;EPD-SBG-20200240-IBA1-DE;Institut Bauen und Umwelt e.V. (IBU);;;;1;kg;;1 kg Schöck Combar®;;;;;;;;;;;C2;;;;;;;;;;0.000128;0;0.000128;0.0256;0;0.0256;0;;;0.00000021;0.00000000000673;0.00000277;0.0000000421;0;0;0;0;0;0.00000184;0.00189;0.0000825;0.00181;0.000000108;;;0.000000573;0.00000000042;0.00000635;;;;;0.000000000000000000303;0.00000165;0.0255;0.0000000000718;0.00000505;;;;;;;;;;;;;;;;;;;
6607fb6e-a298-43df-9449-2fff2140aa99;00.01.000;;Combar®;;;'EN 15804+A2';;DE;specific dataset;2021;2026;;;2021-04-13;EPD-SBG-20200240-IBA1-DE;Institut Bauen und Umwelt e.V. (IBU);;;;1;kg;;1 kg Schöck Combar®;;;;;;;;;;;C3;;;;;;;;;;0.314;0;0.314;0.708;0;0.708;;;;0.000363;0.000000000293;0.000502;0.000107;0;0;0;0;0;0.0000889;0.0404;0.000134;0.0403;0.0000583;;;0.0000197;0.000000108;0.000207;;;;;0.000000000000000886;0.0000541;0.708;0.0000000117;0.00877;;;;;;;;;;;;;;;;;;;
6607fb6e-a298-43df-9449-2fff2140aa99;00.01.000;;Combar®;;;'EN 15804+A2';;DE;specific dataset;2021;2026;;;2021-04-13;EPD-SBG-20200240-IBA1-DE;Institut Bauen und Umwelt e.V. (IBU);;;;1;kg;;1 kg Schöck Combar®;;;;;;;;;;;C4;;;;;;;;;;0.0261;0;0.0261;3.7;-3.5;0.199;0;;;0.0000501;0.00000000303;1;0.00000223;0;0;0;0;0;0.000109;0.0153;0.0000558;0.0152;0.0000437;;;0.000028;0.0000000261;0.000308;;;;;0.0000000000000000568;0.0000848;0.199;0.00000000137;0.00158;;;;;;;;;;;;;;;;;;;
6607fb6e-a298-43df-9449-2fff2140aa99;00.01.000;;Combar®;;;'EN 15804+A2';;DE;specific dataset;2021;2026;;;2021-04-13;EPD-SBG-20200240-IBA1-DE;Institut Bauen und Umwelt e.V. (IBU);;;;1;kg;;1 kg Schöck Combar®;;;;;;;;;;;D;;;;;;;;;;-0.0444;0;-0.0444;-0.203;0;-0.203;;;;-0.0000514;-0.0000000000809;-0.0000939;-0.0000152;0;0;0;0;0;-0.0000168;-0.012;-0.0000281;-0.012;-0.00000839;;;-0.00000433;-0.0000000155;-0.0000464;;;;;-0.000000000000000125;-0.0000125;-0.203;-0.00000000197;-0.00124;;;;;;;;;;;;;;;;;;;
f75f1aae-9b78-487b-8444-ca4e8939d2c9;00.01.000;;Tufted tiles, 100% recycled Polyamid 6 with a maximum total pile weight of 1500 g/m2, a CQuest Bio Sone+ backing;;;'EN 15804+A2';;NL/IE;specific dataset;2023;2028;;;2023-04-27;EPD-INT-20220234-CBB2-EN;Institut Bauen und Umwelt e.V. (IBU);;;;1;qm;;1 m² floor covering;;;;;;;;;;;A1-A3;;;;;;;;;;92.8;13.7;107;93.5;8.09;102;4.58;0;0;0.493;0.00424;0.713;0.0043;0;0;0;0;0;0.0279;5.45;-1.29;6.73;0.0123;111;0.000000217;0.00938;0.000154;0.0885;0.00000000309;0.0000000865;0.706;;0.0000000286;0.0223;102;0.00000272;20.6;;;;;;;;;;;;;;;;;;;
f75f1aae-9b78-487b-8444-ca4e8939d2c9;00.01.000;;Tufted tiles, 100% recycled Polyamid 6 with a maximum total pile weight of 1500 g/m2, a CQuest Bio Sone+ backing;;;'EN 15804+A2';;NL/IE;specific dataset;2023;2028;;;2023-04-27;EPD-INT-20220234-CBB2-EN;Institut Bauen und Umwelt e.V. (IBU);;;;1;qm;;1 m² floor covering;;;;;;;;;;;A4;;;;;;;;;;0.244;0;0.244;4.3;0;4.3;0;0;0;0.000276;0.0000000000206;0.000617;0.0000053;0;0;0;0;0;0.00191;0.322;0.00409;0.316;0.00179;2.98;0.0000000111;0.000939;0.000000959;0.0104;0.0000000000603;0.00000000357;0.000777;;0.0000000000000193;0.00178;4.29;0.0000000269;0.00287;;;;;;;;;;;;;;;;;;;
f75f1aae-9b78-487b-8444-ca4e8939d2c9;00.01.000;;Tufted tiles, 100% recycled Polyamid 6 with a maximum total pile weight of 1500 g/m2, a CQuest Bio Sone+ backing;;;'EN 15804+A2';;NL/IE;specific dataset;2023;2028;;;2023-04-27;EPD-INT-20220234-CBB2-EN;Institut Bauen und Umwelt e.V. (IBU);;;;1;qm;;1 m² floor covering;;;;;;;;;;;A5;;;;;;;;;;3.48;-0.26;3.22;3.7;-0.396;3.3;0.137;0;0;0.0155;0.000127;0.0549;0.000133;0;0.121;0;0.377;0.689;0.00112;0.483;0.0171;0.465;0.000434;3.48;0.00000000772;0.000418;0.00000469;0.00418;0.0000000000975;0.00000000289;0.0219;;0.000000000859;0.000998;3.3;0.0000000834;0.648;;;;;;;;;;;;;;;;;;;
f75f1aae-9b78-487b-8444-ca4e8939d2c9;00.01.000;;Tufted tiles, 100% recycled Polyamid 6 with a maximum total pile weight of 1500 g/m2, a CQuest Bio Sone+ backing;;;'EN 15804+A2';;NL/IE;specific dataset;2023;2028;;;2023-04-27;EPD-INT-20220234-CBB2-EN;Institut Bauen und Umwelt e.V. (IBU);;;;1;qm;;1 m² floor covering;;;;;;;;;;;B1;;;;;;;;;;0;0;0;0;0;0;0;0;0;0;0;0;0;0;0;0;0;0;0;0;0;0;0;0.0036;0;0;0;0;0;0.000000000026;0;;0;0.000418;0;0;0;;;;;;;;;;;;;;;;;;;
f75f1aae-9b78-487b-8444-ca4e8939d2c9;00.01.000;;Tufted tiles, 100% recycled Polyamid 6 with a maximum total pile weight of 1500 g/m2, a CQuest Bio Sone+ backing;;;'EN 15804+A2';;NL/IE;specific dataset;2023;2028;;;2023-04-27;EPD-INT-20220234-CBB2-EN;Institut Bauen und Umwelt e.V. (IBU);;;;1;qm;;1 m² floor covering;;;;;;;;;;;B2;;;;;;;;;;3.69;0;3.69;5.9;0;5.9;0;0;0;0.00334;0.0000419;0.0073;0.000376;0;0;0;0;0;0.000832;0.416;0.00416;0.215;0.196;2.69;0.0000000684;0.000197;0.00000519;0.00283;0.000000000621;0.00000000946;0.0678;;0.0000000342;0.000983;5.9;0.00000023;0.0999;;;;;;;;;;;;;;;;;;;
f75f1aae-9b78-487b-8444-ca4e8939d2c9;00.01.000;;Tufted tiles, 100% recycled Polyamid 6 with a maximum total pile weight of 1500 g/m2, a CQuest Bio Sone+ backing;;;'EN 15804+A2';;NL/IE;specific dataset;2023;2028;;;2023-04-27;EPD-INT-20220234-CBB2-EN;Institut Bauen und Umwelt e.V. (IBU);;;;1;qm;;1 m² floor covering;;;;;;;;;;;C1;;;;;;;;;;0;0;0;0;0;0;0;0;0;0;0;0;0;0;0;0;0;0;0;0;0;0;0;0;0;0;0;0;0;0;0;0;0;0;0;0;0;;;;;;;;;;;;;;;;;;;
f75f1aae-9b78-487b-8444-ca4e8939d2c9;00.01.000;;Tufted tiles, 100% recycled Polyamid 6 with a maximum total pile weight of 1500 g/m2, a CQuest Bio Sone+ backing;;;'EN 15804+A2';;NL/IE;specific dataset;2023;2028;;;2023-04-27;EPD-INT-20220234-CBB2-EN;Institut Bauen und Umwelt e.V. (IBU);;;;1;qm;;1 m² floor covering;;;;;;;;;;;C2;;;;;;;;;;0.0136;0;0.0136;0.24;0;0.24;0;0;0;0.0000154;0.00000000000115;0.0000344;0.000000296;0;0;0;0;0;0.000107;0.018;0.000228;0.0176;0.0000999;0.166;0.000000000616;0.0000524;0.0000000535;0.00058;0.00000000000336;0.000000000199;0.0000433;0.0611;0.00000000000000107;0.000099;0.24;0.0000000015;0.00016;;;;;;;;;;;;;;;;;;;
f75f1aae-9b78-487b-8444-ca4e8939d2c9;00.01.000;;Tufted tiles, 100% recycled Polyamid 6 with a maximum total pile weight of 1500 g/m2, a CQuest Bio Sone+ backing;;;'EN 15804+A2';;NL/IE;specific dataset;2023;2028;;;2023-04-27;EPD-INT-20220234-CBB2-EN;Institut Bauen und Umwelt e.V. (IBU);;;;1;qm;;1 m² floor covering;;;;;;;;;;;D;;;;;;;;;;-0.0999;0;-0.0999;-0.366;0;-0.366;0;0;0;-0.0000954;-0.0000000000496;-0.000184;-0.0000286;0;0;0;0;0;-0.0000282;-0.0216;-0.00011;-0.0215;-0.00000235;-0.0798;-0.000000000234;-0.00000766;-0.0000000294;-0.0000821;-0.00000000000368;-0.000000000142;-0.00485;;-0.000000000000145;-0.0000214;-0.366;-0.00000000323;-0.00225;;;;;;;;;;;;;;;;;;;
f75f1aae-9b78-487b-8444-ca4e8939d2c9;00.01.000;;Tufted tiles, 100% recycled Polyamid 6 with a maximum total pile weight of 1500 g/m2, a CQuest Bio Sone+ backing;;;'EN 15804+A2';;NL/IE;specific dataset;2023;2028;;;2023-04-27;EPD-INT-20220234-CBB2-EN;Institut Bauen und Umwelt e.V. (IBU);;;;1;qm;;1 m² floor covering;;;;;;;;;;;C3/2;;;;;;;;;;;;;11.5;-7.69;3.77;0;0;0;0.0216;0.000000000571;1.11;0.000135;0;0;0;10.5;19.3;0.00711;7.48;0.949;6.53;0.00023;1.74;0.000000028;0.00351;0.000000861;0.0392;0.0000000000895;0.00000000563;0.0207;0.649;0.000000000000612;0.00899;3.77;0.0000000311;0.915;;;;;;;;;;;;;;;;;;;
f75f1aae-9b78-487b-8444-ca4e8939d2c9;00.01.000;;Tufted tiles, 100% recycled Polyamid 6 with a maximum total pile weight of 1500 g/m2, a CQuest Bio Sone+ backing;;;'EN 15804+A2';;NL/IE;specific dataset;2023;2028;;;2023-04-27;EPD-INT-20220234-CBB2-EN;Institut Bauen und Umwelt e.V. (IBU);;;;1;qm;;1 m² floor covering;;;;;;;;;;;C3/3;;;;;;;;;;;;;12.6;-7.69;4.86;0;0;0;0.0219;0.000000000616;1.11;0.000215;0;1.25;0;0;89.7;0.00743;7.55;0.95;6.6;0.000486;2.37;0.00000003;0.00365;0.00000107;0.0408;0.000000000104;0.00000000635;0.0342;0.933;0.00000000000101;0.00927;4.86;0.0000000422;0.921;;;;;;;;;;;;;;;;;;;
f75f1aae-9b78-487b-8444-ca4e8939d2c9;00.01.000;;Tufted tiles, 100% recycled Polyamid 6 with a maximum total pile weight of 1500 g/m2, a CQuest Bio Sone+ backing;;;'EN 15804+A2';;NL/IE;specific dataset;2023;2028;;;2023-04-27;EPD-INT-20220234-CBB2-EN;Institut Bauen und Umwelt e.V. (IBU);;;;1;qm;;1 m² floor covering;;;;;;;;;;;C4/1;;;;;;;;;;0.438;0;0.438;5.33;0;5.33;0;0;0;0.0000624;0.000000000821;5.27;0.0000654;0;0;0;0;0;0.00111;1.32;0.948;0.371;0.000183;5.21;0.0000000107;0.000246;0.00007;0.0027;0.000000000234;0.0000000196;0.00966;0.284;0.000000000000504;0.000791;5.32;0.000000026;-0.00398;;;;;;;;;;;;;;;;;;;
f75f1aae-9b78-487b-8444-ca4e8939d2c9;00.01.000;;Tufted tiles, 100% recycled Polyamid 6 with a maximum total pile weight of 1500 g/m2, a CQuest Bio Sone+ backing;;;'EN 15804+A2';;NL/IE;specific dataset;2023;2028;;;2023-04-27;EPD-INT-20220234-CBB2-EN;Institut Bauen und Umwelt e.V. (IBU);;;;1;qm;;1 m² floor covering;;;;;;;;;;;D/1;;;;;;;;;;0;0;0;0;0;0;0;0;0;0;0;0;0;0;0;0;0;0;0;0;0;0;0;0;0;0;0;0;0;0;0;;0;0;0;0;0;;;;;;;;;;;;;;;;;;;
f75f1aae-9b78-487b-8444-ca4e8939d2c9;00.01.000;;Tufted tiles, 100% recycled Polyamid 6 with a maximum total pile weight of 1500 g/m2, a CQuest Bio Sone+ backing;;;'EN 15804+A2';;NL/IE;specific dataset;2023;2028;;;2023-04-27;EPD-INT-20220234-CBB2-EN;Institut Bauen und Umwelt e.V. (IBU);;;;1;qm;;1 m² floor covering;;;;;;;;;;;D/2;;;;;;;;;;-1.2;0;-1.2;-4.49;0;-4.49;0;0;0;-0.00115;-0.000000000613;-0.00224;-0.000344;0;0;0;0;0;-0.000342;-0.265;-0.00133;-0.264;-0.0000284;0;0;-0.0000934;-0.000000354;-0.001;0;0;0;;-0.00000000000174;-0.000262;-4.48;-0.0000000391;-0.0271;;;;;;;;;;;;;;;;;;;
f75f1aae-9b78-487b-8444-ca4e8939d2c9;00.01.000;;Tufted tiles, 100% recycled Polyamid 6 with a maximum total pile weight of 1500 g/m2, a CQuest Bio Sone+ backing;;;'EN 15804+A2';;NL/IE;specific dataset;2023;2028;;;2023-04-27;EPD-INT-20220234-CBB2-EN;Institut Bauen und Umwelt e.V. (IBU);;;;1;qm;;1 m² floor covering;;;;;;;;;;;D/3;;;;;;;;;;-0.266;0;-0.266;-19.5;0;-19.5;0.15;0;0;-0.00186;-0.000000000162;-0.0982;-0.0000589;0;0;0;0;0;-0.000712;-0.18;-0.000319;-0.18;-0.0000885;-3.59;-0.00000000998;-0.000211;-0.000000196;-0.00231;-0.0000000000495;-0.00000000314;-0.00721;;-0.000000000000215;-0.000628;-19.5;-0.0000000175;-0.0256;;;;;;;;;;;;;;;;;;;
8fa3cdaf-4e1a-4e3e-ba8a-6aedcd812eef;00.01.000;;reinforced elements made of autoclaved aerated concrete;;;'EN 15804+A2';;DE;specific dataset;2023;2028;;;2023-09-06;EPD-XEL-20230353-IBA1-DE;Institut Bauen und Umwelt e.V. (IBU);;;;1;m3;;1 m³ Porenbeton mit einer durchschnittlichen Rohdichte von 528 kg/m³ und 20 kg Bewehrung.;;;;;;;;;;;A1-A3;;;;;;;;;;184;34.6;219;1880;0;1880;39.1;0;0;0.244;0.000000369;2.35;0.0497;0;0;0;0;0;0.207;249;-3.19;252;0.101;;;0.0723;0.000117;0.793;;;;;0.000000000000612;0.215;1880;0.0000149;4.75;;;;;;;;;;;;;;;;;;;
8fa3cdaf-4e1a-4e3e-ba8a-6aedcd812eef;00.01.000;;reinforced elements made of autoclaved aerated concrete;;;'EN 15804+A2';;DE;specific dataset;2023;2028;;;2023-09-06;EPD-XEL-20230353-IBA1-DE;Institut Bauen und Umwelt e.V. (IBU);;;;1;m3;;1 m³ Porenbeton mit einer durchschnittlichen Rohdichte von 528 kg/m³ und 20 kg Bewehrung.;;;;;;;;;;;A4;;;;;;;;;;2.56;0;2.56;44.6;0;44.6;0;0;0;0.00293;0.00000000235;0.007;0.0000809;0;0;0;0;0;0.00354;3.36;0.0356;3.3;0.0273;;;0.00113;0.00000991;0.0134;;;;;0.000000000000000659;0.00308;44.4;0.000000296;0.031;;;;;;;;;;;;;;;;;;;
8fa3cdaf-4e1a-4e3e-ba8a-6aedcd812eef;00.01.000;;reinforced elements made of autoclaved aerated concrete;;;'EN 15804+A2';;DE;specific dataset;2023;2028;;;2023-09-06;EPD-XEL-20230353-IBA1-DE;Institut Bauen und Umwelt e.V. (IBU);;;;1;m3;;1 m³ Porenbeton mit einer durchschnittlichen Rohdichte von 528 kg/m³ und 20 kg Bewehrung.;;;;;;;;;;;A5;;;;;;;;;;;;;5.48;0;5.48;0;0;0;0.0106;0.000000000407;0.0312;0.0000594;0;0;0;6.13;11;0.00231;4.62;4.2;0.417;0.00283;;;0.000999;0.00000109;0.0117;;;;;0.000000000000000623;0.00278;5.46;0.0000000387;0.442;;;;;;;;;;;;;;;;;;;
8fa3cdaf-4e1a-4e3e-ba8a-6aedcd812eef;00.01.000;;reinforced elements made of autoclaved aerated concrete;;;'EN 15804+A2';;DE;specific dataset;2023;2028;;;2023-09-06;EPD-XEL-20230353-IBA1-DE;Institut Bauen und Umwelt e.V. (IBU);;;;1;m3;;1 m³ Porenbeton mit einer durchschnittlichen Rohdichte von 528 kg/m³ und 20 kg Bewehrung.;;;;;;;;;;;B1;;;;;;;;;;0;0;0;0;0;0;0;0;0;0;0;0;0;0;0;0;0;0;0;-90.3;0;-90.3;0;;;0;0;0;;;;;0;0;0;0;0;;;;;;;;;;;;;;;;;;;
8fa3cdaf-4e1a-4e3e-ba8a-6aedcd812eef;00.01.000;;reinforced elements made of autoclaved aerated concrete;;;'EN 15804+A2';;DE;specific dataset;2023;2028;;;2023-09-06;EPD-XEL-20230353-IBA1-DE;Institut Bauen und Umwelt e.V. (IBU);;;;1;m3;;1 m³ Porenbeton mit einer durchschnittlichen Rohdichte von 528 kg/m³ und 20 kg Bewehrung.;;;;;;;;;;;C1;;;;;;;;;;0.261;0;0.261;4.56;0;4.56;0;0;0;0.000299;0.00000000024;0.000715;0.00000827;0;0;0;0;0;0.00171;0.358;0.000529;0.355;0.00279;;;0.000801;0.00000101;0.00887;;;;;0.0000000000000000673;0.00225;4.54;0.0000000302;0.00316;;;;;;;;;;;;;;;;;;;
8fa3cdaf-4e1a-4e3e-ba8a-6aedcd812eef;00.01.000;;reinforced elements made of autoclaved aerated concrete;;;'EN 15804+A2';;DE;specific dataset;2023;2028;;;2023-09-06;EPD-XEL-20230353-IBA1-DE;Institut Bauen und Umwelt e.V. (IBU);;;;1;m3;;1 m³ Porenbeton mit einer durchschnittlichen Rohdichte von 528 kg/m³ und 20 kg Bewehrung.;;;;;;;;;;;C2;;;;;;;;;;1.27;0;1.27;22.2;0;22.2;0;0;0;0.00146;0.00000000117;0.00348;0.0000403;0;0;0;0;0;0.00176;1.67;0.0177;1.64;0.0136;;;0.000563;0.00000494;0.00668;;;;;0.000000000000000328;0.00153;22.1;0.000000147;0.0154;;;;;;;;;;;;;;;;;;;
8fa3cdaf-4e1a-4e3e-ba8a-6aedcd812eef;00.01.000;;reinforced elements made of autoclaved aerated concrete;;;'EN 15804+A2';;DE;specific dataset;2023;2028;;;2023-09-06;EPD-XEL-20230353-IBA1-DE;Institut Bauen und Umwelt e.V. (IBU);;;;1;m3;;1 m³ Porenbeton mit einer durchschnittlichen Rohdichte von 528 kg/m³ und 20 kg Bewehrung.;;;;;;;;;;;C3;;;;;;;;;;2.44;0;2.44;27.6;0;27.6;0;0;0;0.00716;0.0000000016;0.00795;0.000203;0;548;0;0;0;0.0136;1.47;0.00376;1.46;0.00801;;;0.00675;0.00000333;0.0741;;;;;0.00000000000000652;0.0196;27.6;0.00000161;0.246;;;;;;;;;;;;;;;;;;;
8fa3cdaf-4e1a-4e3e-ba8a-6aedcd812eef;00.01.000;;reinforced elements made of autoclaved aerated concrete;;;'EN 15804+A2';;DE;specific dataset;2023;2028;;;2023-09-06;EPD-XEL-20230353-IBA1-DE;Institut Bauen und Umwelt e.V. (IBU);;;;1;m3;;1 m³ Porenbeton mit einer durchschnittlichen Rohdichte von 528 kg/m³ und 20 kg Bewehrung.;;;;;;;;;;;C4;;;;;;;;;;14.8;0;14.8;110;0;110;0;0;0;0.0271;0.0000000117;549;0.00116;0;0;0;0;0;0.0591;8.32;0.000329;8.29;0.0244;;;0.0153;0.0000139;0.168;;;;;0.0000000000000322;0.0464;110;0.000000782;0.89;;;;;;;;;;;;;;;;;;;
8fa3cdaf-4e1a-4e3e-ba8a-6aedcd812eef;00.01.000;;reinforced elements made of autoclaved aerated concrete;;;'EN 15804+A2';;DE;specific dataset;2023;2028;;;2023-09-06;EPD-XEL-20230353-IBA1-DE;Institut Bauen und Umwelt e.V. (IBU);;;;1;m3;;1 m³ Porenbeton mit einer durchschnittlichen Rohdichte von 528 kg/m³ und 20 kg Bewehrung.;;;;;;;;;;;D;;;;;;;;;;-5.99;0;-5.99;-45.1;0;-45.1;532;0;0;-0.00827;-0.00000000684;-22.2;-0.00364;;;;;;-0.00945;-2.62;0.0186;-2.63;-0.00491;;;-0.00363;-0.0000051;-0.0398;;;;;-0.0000000000000194;-0.0104;-45.1;-0.000000329;-0.164;;;;;;;;;;;;;;;;;;;
ae2751fd-795d-4b2d-b8d5-f22cf50be086;00.01.000;;CEM II/B-LL 32,5 R (Sackware);;;'EN 15804+A2';;DE;specific dataset;2024;2029;;;2024-11-22;EPD-CEM-20240351-CAA1-DE;Institut Bauen und Umwelt e.V. (IBU);;;;1000;kg;;1000 kg;;;;;;;;;;;A1-A3;;;;;;;;;;143;135;278;2120;12.9;2140;79.7;891;639;1.04;0.056;0.882;;;;;;;1.78;539;0.0584;539;0.0868;;;0.00408;0.0558;2.78;;;;;0.0000118;0.812;2140;0.000134;41.2;;;;;;;;;;;;;;;;;;;
92823798-e301-4dba-a53b-e15700dad197;00.01.000;;CEM II/B-S 42,5 N;;;'EN 15804+A2';;DE;specific dataset;2024;2029;;;2024-11-22;EPD-CEM-20240350-CAA1-DE;Institut Bauen und Umwelt e.V. (IBU);;;;1000;kg;;1000 kg;;;;;;;;;;;A1-A3;;;;;;;;;;47.3;0;47.3;2550;0;2550;372;774;555;0.866;0.0486;0.766;0;0;0;0;0;0;1.97;532;0.0479;531;0.0488;56.9;0.0000182;0.00503;0.076;2.9;0.000000872;0.0000122;14.9;604;0.0000131;0.883;2550;0.000117;33.8;;;;;;;;;;;;;;;;;;;
3328ea55-2456-4658-b19e-4cd344217901;00.01.000;;AQUAPANEL® Cement Board Indoor- Plant Neuburg - Cement Backer Board;;;'EN 15804+A2';;DE;specific dataset;2025;2030;;;2025-03-07;EPD-KNQ-20240590-IBA1-EN;Institut Bauen und Umwelt e.V. (IBU);;;;1;qm;;1 m² AQUAPANEL® Cement Board Indoor with a thickness of 12,5 mm;;;;;;;;;;;A1;;;;;;;;;;5.82;0;5.82;22.2;0;22.2;0;0;0;0.00675;0.000000000614;0.0792;0.000612;;;;;;0.00505;3.71;0.0286;3.68;0.000576;;;0.00116;0.00000327;0.0126;;;;;0.0000000000118;0.00349;22.2;0.000000136;0.103;;;;;;;;;;;;;;;;;;;
3328ea55-2456-4658-b19e-4cd344217901;00.01.000;;AQUAPANEL® Cement Board Indoor- Plant Neuburg - Cement Backer Board;;;'EN 15804+A2';;DE;specific dataset;2025;2030;;;2025-03-07;EPD-KNQ-20240590-IBA1-EN;Institut Bauen und Umwelt e.V. (IBU);;;;1;qm;;1 m² AQUAPANEL® Cement Board Indoor with a thickness of 12,5 mm;;;;;;;;;;;A2;;;;;;;;;;0.109;0;0.109;2.02;0;2.02;0;0;0;0.000097;0.00000000000367;0.000284;0.00000248;;;;;;0.00151;0.151;-0.000485;0.15;0.000701;;;0.000703;0.000000283;0.00774;;;;;0.0000000000000338;0.00157;2.01;0.00000000881;0.000649;;;;;;;;;;;;;;;;;;;
3328ea55-2456-4658-b19e-4cd344217901;00.01.000;;AQUAPANEL® Cement Board Indoor- Plant Neuburg - Cement Backer Board;;;'EN 15804+A2';;DE;specific dataset;2025;2030;;;2025-03-07;EPD-KNQ-20240590-IBA1-EN;Institut Bauen und Umwelt e.V. (IBU);;;;1;qm;;1 m² AQUAPANEL® Cement Board Indoor with a thickness of 12,5 mm;;;;;;;;;;;A3;;;;;;;;;;0.0213;0;0.0213;4.86;0;4.86;0;0;0;0.0000236;0.00000000114;0.00137;0.00000145;;;;;;0.000171;0.287;0.000539;0.286;0.0000109;;;0.0000784;0.0000000232;0.000867;;;;;0.000000000000022;0.000222;4.86;0.0000000031;0.000226;;;;;;;;;;;;;;;;;;;
3328ea55-2456-4658-b19e-4cd344217901;00.01.000;;AQUAPANEL® Cement Board Indoor- Plant Neuburg - Cement Backer Board;;;'EN 15804+A2';;DE;specific dataset;2025;2030;;;2025-03-07;EPD-KNQ-20240590-IBA1-EN;Institut Bauen und Umwelt e.V. (IBU);;;;1;qm;;1 m² AQUAPANEL® Cement Board Indoor with a thickness of 12,5 mm;;;;;;;;;;;A4;;;;;;;;;;0.985;0;0.985;14.7;0;14.7;0;0;0;0.000876;0.0000000000248;0.0022;0.0000194;;;;;;0.00768;1.07;-0.00484;1.07;0.00646;;;0.00383;0.00000255;0.0423;;;;;0.000000000000267;0.00729;14.7;0.0000000782;0.00567;;;;;;;;;;;;;;;;;;;
3328ea55-2456-4658-b19e-4cd344217901;00.01.000;;AQUAPANEL® Cement Board Indoor- Plant Neuburg - Cement Backer Board;;;'EN 15804+A2';;DE;specific dataset;2025;2030;;;2025-03-07;EPD-KNQ-20240590-IBA1-EN;Institut Bauen und Umwelt e.V. (IBU);;;;1;qm;;1 m² AQUAPANEL® Cement Board Indoor with a thickness of 12,5 mm;;;;;;;;;;;A5;;;;;;;;;;0.0707;0;0.0707;0.0724;0;0.0724;0;0;0;0.0000241;-0.0000000000138;0.000068;0.00000709;;;;;;0.00000794;0.00523;0.0000684;0.00516;0.000000798;;;0.00000257;0.0000000296;0.0000266;;;;;0.000000000000159;0.00000618;0.0724;0.000000000941;0.000152;;;;;;;;;;;;;;;;;;;
3328ea55-2456-4658-b19e-4cd344217901;00.01.000;;AQUAPANEL® Cement Board Indoor- Plant Neuburg - Cement Backer Board;;;'EN 15804+A2';;DE;specific dataset;2025;2030;;;2025-03-07;EPD-KNQ-20240590-IBA1-EN;Institut Bauen und Umwelt e.V. (IBU);;;;1;qm;;1 m² AQUAPANEL® Cement Board Indoor with a thickness of 12,5 mm;;;;;;;;;;;B1;;;;;;;;;;0;0;0;0;0;0;0;0;0;0;0;0;0;;;;;;0;0;0;0;0;;;0;0;0;;;;;0;0;0;0;0;;;;;;;;;;;;;;;;;;;
3328ea55-2456-4658-b19e-4cd344217901;00.01.000;;AQUAPANEL® Cement Board Indoor- Plant Neuburg - Cement Backer Board;;;'EN 15804+A2';;DE;specific dataset;2025;2030;;;2025-03-07;EPD-KNQ-20240590-IBA1-EN;Institut Bauen und Umwelt e.V. (IBU);;;;1;qm;;1 m² AQUAPANEL® Cement Board Indoor with a thickness of 12,5 mm;;;;;;;;;;;B2;;;;;;;;;;0;0;0;0;0;0;0;0;0;0;0;0;0;;;;;;0;0;0;0;0;;;0;0;0;;;;;0;0;0;0;0;;;;;;;;;;;;;;;;;;;
3328ea55-2456-4658-b19e-4cd344217901;00.01.000;;AQUAPANEL® Cement Board Indoor- Plant Neuburg - Cement Backer Board;;;'EN 15804+A2';;DE;specific dataset;2025;2030;;;2025-03-07;EPD-KNQ-20240590-IBA1-EN;Institut Bauen und Umwelt e.V. (IBU);;;;1;qm;;1 m² AQUAPANEL® Cement Board Indoor with a thickness of 12,5 mm;;;;;;;;;;;B6;;;;;;;;;;0;0;0;0;0;0;0;0;0;0;0;0;0;;;;;;0;0;0;0;0;;;0;0;0;;;;;0;0;0;0;0;;;;;;;;;;;;;;;;;;;
3328ea55-2456-4658-b19e-4cd344217901;00.01.000;;AQUAPANEL® Cement Board Indoor- Plant Neuburg - Cement Backer Board;;;'EN 15804+A2';;DE;specific dataset;2025;2030;;;2025-03-07;EPD-KNQ-20240590-IBA1-EN;Institut Bauen und Umwelt e.V. (IBU);;;;1;qm;;1 m² AQUAPANEL® Cement Board Indoor with a thickness of 12,5 mm;;;;;;;;;;;B7;;;;;;;;;;0;0;0;0;0;0;0;0;0;0;0;0;0;;;;;;0;0;0;0;0;;;0;0;0;;;;;0;0;0;0;0;;;;;;;;;;;;;;;;;;;
3328ea55-2456-4658-b19e-4cd344217901;00.01.000;;AQUAPANEL® Cement Board Indoor- Plant Neuburg - Cement Backer Board;;;'EN 15804+A2';;DE;specific dataset;2025;2030;;;2025-03-07;EPD-KNQ-20240590-IBA1-EN;Institut Bauen und Umwelt e.V. (IBU);;;;1;qm;;1 m² AQUAPANEL® Cement Board Indoor with a thickness of 12,5 mm;;;;;;;;;;;C1;;;;;;;;;;0.00701;0;0.00701;0.105;0;0.105;0;0;0;0.00000624;0.000000000000177;0.0000157;0.000000138;;;;;;0.000039;0.00779;-0.0000275;0.00777;0.000046;;;0.0000185;0.0000000181;0.000205;;;;;0.0000000000000019;0.0000518;0.105;0.000000000557;0.0000404;;;;;;;;;;;;;;;;;;;
3328ea55-2456-4658-b19e-4cd344217901;00.01.000;;AQUAPANEL® Cement Board Indoor- Plant Neuburg - Cement Backer Board;;;'EN 15804+A2';;DE;specific dataset;2025;2030;;;2025-03-07;EPD-KNQ-20240590-IBA1-EN;Institut Bauen und Umwelt e.V. (IBU);;;;1;qm;;1 m² AQUAPANEL® Cement Board Indoor with a thickness of 12,5 mm;;;;;;;;;;;C2;;;;;;;;;;0.0924;0;0.0924;1.38;0;1.38;0;0;0;0.0000822;0.00000000000233;0.000207;0.00000182;;;;;;0.00072;0.1;-0.000454;0.1;0.000606;;;0.000359;0.000000239;0.00397;;;;;0.000000000000025;0.000684;1.38;0.00000000734;0.000532;;;;;;;;;;;;;;;;;;;
3328ea55-2456-4658-b19e-4cd344217901;00.01.000;;AQUAPANEL® Cement Board Indoor- Plant Neuburg - Cement Backer Board;;;'EN 15804+A2';;DE;specific dataset;2025;2030;;;2025-03-07;EPD-KNQ-20240590-IBA1-EN;Institut Bauen und Umwelt e.V. (IBU);;;;1;qm;;1 m² AQUAPANEL® Cement Board Indoor with a thickness of 12,5 mm;;;;;;;;;;;C3;;;;;;;;;;0.0587;0;0.0587;0.534;0;0.534;0;0;0;0.000141;-0.00000000000572;0.00015;0.00000438;;;;;;0.000139;0.0274;-0.000028;0.0273;0.000134;;;0.0000649;0.0000000723;0.000717;;;;;0.0000000000000835;0.000175;0.534;0.0000000297;0.00484;;;;;;;;;;;;;;;;;;;
3328ea55-2456-4658-b19e-4cd344217901;00.01.000;;AQUAPANEL® Cement Board Indoor- Plant Neuburg - Cement Backer Board;;;'EN 15804+A2';;DE;specific dataset;2025;2030;;;2025-03-07;EPD-KNQ-20240590-IBA1-EN;Institut Bauen und Umwelt e.V. (IBU);;;;1;qm;;1 m² AQUAPANEL® Cement Board Indoor with a thickness of 12,5 mm;;;;;;;;;;;C4;;;;;;;;;;0.068;0;0.068;0.416;0;0.416;0;0;0;0.000105;0.00000000000895;2.08;0.00000467;;;;;;0.000221;0.0298;-0.00106;0.0308;0.000097;;;0.0000572;0.000000063;0.000629;;;;;0.0000000000000802;0.000173;0.415;0.00000000145;0.00342;;;;;;;;;;;;;;;;;;;
3328ea55-2456-4658-b19e-4cd344217901;00.01.000;;AQUAPANEL® Cement Board Indoor- Plant Neuburg - Cement Backer Board;;;'EN 15804+A2';;DE;specific dataset;2025;2030;;;2025-03-07;EPD-KNQ-20240590-IBA1-EN;Institut Bauen und Umwelt e.V. (IBU);;;;1;qm;;1 m² AQUAPANEL® Cement Board Indoor with a thickness of 12,5 mm;;;;;;;;;;;D;;;;;;;;;;0;0;0;0;0;0;0;0;0;0;0;0;0;;;;;;0;0;0;0;0;;;0;0;0;;;;;0;0;0;0;0;;;;;;;;;;;;;;;;;;;
ad9e7fb6-b7f0-447d-92f2-9d0aa22cfa28;00.01.000;;Digital cylinder;;;'EN 15804+A2';;CH;specific dataset;2023;2028;;;2023-06-22;EPD-DOR-20230097-CBA1-EN;Institut Bauen und Umwelt e.V. (IBU);;;;1;pcs.;;1 piece of the product: Digital cylinder, consisting of the following items: ? Digital cylinder ? Battery ? Assembly screw ? Product packaging;;;;;;;;;;;A1-A3;;;;;;;;;;13.7;0.48;14.2;40.3;0.646;41;0.235;0;0;0.0182;0.000000277;0.237;0.00182;0;0;0;0;0;0.0191;2.85;-0.0588;2.91;0.00242;31.4;0.000000177;0.00244;0.00000686;0.0265;0.0000000193;0.000000101;0.199;18.2;0.0000000000281;0.00749;40.8;0.000811;0.692;;;;;;;;;;;;;;;;;;;
ad9e7fb6-b7f0-447d-92f2-9d0aa22cfa28;00.01.000;;Digital cylinder;;;'EN 15804+A2';;CH;specific dataset;2023;2028;;;2023-06-22;EPD-DOR-20230097-CBA1-EN;Institut Bauen und Umwelt e.V. (IBU);;;;1;pcs.;;1 piece of the product: Digital cylinder, consisting of the following items: ? Digital cylinder ? Battery ? Assembly screw ? Product packaging;;;;;;;;;;;A4;;;;;;;;;;0.000168;0;0.000168;0.0534;0;0.0534;0;0;0;0.000000302;0.00000000000518;0.00000546;0.0000000573;0;0;0;0;0;0.00000376;0.00394;0.000174;0.00376;0.0000000895;0.0378;0.0000000000198;0.0000012;0.000000000805;0.0000133;0.000000000000711;0.0000000000304;0.00000819;0.000137;0.000000000000000000397;0.00000339;0.0533;0.000000000113;0.00000737;;;;;;;;;;;;;;;;;;;
ad9e7fb6-b7f0-447d-92f2-9d0aa22cfa28;00.01.000;;Digital cylinder;;;'EN 15804+A2';;CH;specific dataset;2023;2028;;;2023-06-22;EPD-DOR-20230097-CBA1-EN;Institut Bauen und Umwelt e.V. (IBU);;;;1;pcs.;;1 piece of the product: Digital cylinder, consisting of the following items: ? Digital cylinder ? Battery ? Assembly screw ? Product packaging;;;;;;;;;;;A5;;;;;;;;;;;;;0.0179;0;0.0179;0;0;0;0.000166;0.0000000000264;0.00178;0.000000941;0;0;0;0.0858;0.156;0.0000159;0.0567;0.0553;0.00142;0.000000933;0.0085;0.000000000088;0.00000573;0.000000002;0.0000715;0.000000000000449;0.0000000000195;0.000146;0.00475;0.0000000000000000102;0.0000152;0.0179;0.000000000161;0.00703;;;;;;;;;;;;;;;;;;;
ad9e7fb6-b7f0-447d-92f2-9d0aa22cfa28;00.01.000;;Digital cylinder;;;'EN 15804+A2';;CH;specific dataset;2023;2028;;;2023-06-22;EPD-DOR-20230097-CBA1-EN;Institut Bauen und Umwelt e.V. (IBU);;;;1;pcs.;;1 piece of the product: Digital cylinder, consisting of the following items: ? Digital cylinder ? Battery ? Assembly screw ? Product packaging;;;;;;;;;;;B2;;;;;;;;;;0.445;0;0.445;2.21;0;2.21;0;0;0;0.000999;0.0000000277;0.042;0.0000514;0;0;0;0;0;0.000536;0.172;0.000317;0.171;0.000165;7.55;0.00000000563;0.000118;0.000000276;0.001;0.0000000000383;0.00000000444;0.005;0.215;0.00000000000323;0.000322;2.21;0.000000754;0.023;;;;;;;;;;;;;;;;;;;
ad9e7fb6-b7f0-447d-92f2-9d0aa22cfa28;00.01.000;;Digital cylinder;;;'EN 15804+A2';;CH;specific dataset;2023;2028;;;2023-06-22;EPD-DOR-20230097-CBA1-EN;Institut Bauen und Umwelt e.V. (IBU);;;;1;pcs.;;1 piece of the product: Digital cylinder, consisting of the following items: ? Digital cylinder ? Battery ? Assembly screw ? Product packaging;;;;;;;;;;;C1;;;;;;;;;;0;0;0;0;0;0;0;0;0;0;0;0;0;0;0;0;0;0;0;0;0;0;0;0;0;0;0;0;0;0;0;0;0;0;0;0;0;;;;;;;;;;;;;;;;;;;
ad9e7fb6-b7f0-447d-92f2-9d0aa22cfa28;00.01.000;;Digital cylinder;;;'EN 15804+A2';;CH;specific dataset;2023;2028;;;2023-06-22;EPD-DOR-20230097-CBA1-EN;Institut Bauen und Umwelt e.V. (IBU);;;;1;pcs.;;1 piece of the product: Digital cylinder, consisting of the following items: ? Digital cylinder ? Battery ? Assembly screw ? Product packaging;;;;;;;;;;;C2;;;;;;;;;;0.0000768;0;0.0000768;0.0244;0;0.0244;0;0;0;0.000000138;0.00000000000237;0.00000249;0.0000000262;0;0;0;0;0;0.00000172;0.0018;0.0000794;0.00172;0.0000000409;0.0173;0.00000000000904;0.000000547;0.000000000368;0.00000608;0.000000000000325;0.0000000000139;0.00000374;0.0000626;0.000000000000000000181;0.00000155;0.0244;0.0000000000515;0.00000337;;;;;;;;;;;;;;;;;;;
ad9e7fb6-b7f0-447d-92f2-9d0aa22cfa28;00.01.000;;Digital cylinder;;;'EN 15804+A2';;CH;specific dataset;2023;2028;;;2023-06-22;EPD-DOR-20230097-CBA1-EN;Institut Bauen und Umwelt e.V. (IBU);;;;1;pcs.;;1 piece of the product: Digital cylinder, consisting of the following items: ? Digital cylinder ? Battery ? Assembly screw ? Product packaging;;;;;;;;;;;C3;;;;;;;;;;0.00582;0;0.00582;0.668;-0.646;0.0224;0;0;0;0.000118;0.0000000000853;0.00502;0.000000831;0;0.374;0;0.092;0.211;0.0000086;0.0483;0.00000113;0.0483;0.00000273;0.0084;0.00000000011;0.00000194;0.00000000388;0.0000392;0.000000000000727;0.0000000000736;0.0000749;0.00671;0.0000000000000000244;0.00000536;0.0224;0.000000000334;0.00494;;;;;;;;;;;;;;;;;;;
ad9e7fb6-b7f0-447d-92f2-9d0aa22cfa28;00.01.000;;Digital cylinder;;;'EN 15804+A2';;CH;specific dataset;2023;2028;;;2023-06-22;EPD-DOR-20230097-CBA1-EN;Institut Bauen und Umwelt e.V. (IBU);;;;1;pcs.;;1 piece of the product: Digital cylinder, consisting of the following items: ? Digital cylinder ? Battery ? Assembly screw ? Product packaging;;;;;;;;;;;C4;;;;;;;;;;0.000461;0;0.000461;0.00352;0;0.00352;0;0;0;0.000000888;0.0000000000537;0.0177;0.0000000401;0;0;0;0;0;0.00000193;0.00027;0.000000917;0.000268;0.000000773;0.00201;0.0000000000238;0.000000496;0.000000000461;0.00000545;0.000000000000298;0.0000000000329;0.00000413;0.000734;0.000000000000000000996;0.0000015;0.00352;0.0000000000241;0.0000281;;;;;;;;;;;;;;;;;;;
ad9e7fb6-b7f0-447d-92f2-9d0aa22cfa28;00.01.000;;Digital cylinder;;;'EN 15804+A2';;CH;specific dataset;2023;2028;;;2023-06-22;EPD-DOR-20230097-CBA1-EN;Institut Bauen und Umwelt e.V. (IBU);;;;1;pcs.;;1 piece of the product: Digital cylinder, consisting of the following items: ? Digital cylinder ? Battery ? Assembly screw ? Product packaging;;;;;;;;;;;D;;;;;;;;;;-1.57;0;-1.57;-9.57;0;-9.57;0;0;0;-0.00596;-0.000000144;-0.0571;-0.000305;0;0;0;0;0;-0.00861;-0.821;-0.000494;-0.82;-0.000755;-4.21;-0.0000000815;-0.0009;-0.0000012;-0.00974;0.0000000011;0.000000146;-0.0359;-2.09;-0.00000000000000331;-0.00295;-9.57;-0.000443;-0.228;;;;;;;;;;;;;;;;;;;
8d4c334a-6794-4432-95a7-e7212a47d330;00.01.000;;blaugelb insulation panel MultiPro EPS;;;'EN 15804+A2';;EU-27;specific dataset;2023;2028;;;2023-04-14;EPD-MEN-20230042-IBE1-DE;Institut Bauen und Umwelt e.V. (IBU);;;;1;m3;;1 m³;;;;;;;;;;;A1-A3;;;;;;;;;;535;16.3;551;10000;6910;16900;0.169;0;0;1.61;0.00000206;14.7;0.0768;0;0;0;0;0;0.892;631;9.69;621;0.0885;;;0.296;0.0109;2.8;;;;;0.00000000527;5.77;16800;0.0000645;19.1;;;;;;;;;;;;;;;;;;;
8d4c334a-6794-4432-95a7-e7212a47d330;00.01.000;;blaugelb insulation panel MultiPro EPS;;;'EN 15804+A2';;EU-27;specific dataset;2023;2028;;;2023-04-14;EPD-MEN-20230042-IBE1-DE;Institut Bauen und Umwelt e.V. (IBU);;;;1;m3;;1 m³;;;;;;;;;;;C1;;;;;;;;;;0;0;0;0;0;0;0;0;0;0;0;0;0;0;0;0;0;0;0;0;0;0;0;;;0;0;0;;;;;0;0;0;0;0;;;;;;;;;;;;;;;;;;;
8d4c334a-6794-4432-95a7-e7212a47d330;00.01.000;;blaugelb insulation panel MultiPro EPS;;;'EN 15804+A2';;EU-27;specific dataset;2023;2028;;;2023-04-14;EPD-MEN-20230042-IBE1-DE;Institut Bauen und Umwelt e.V. (IBU);;;;1;m3;;1 m³;;;;;;;;;;;C4;;;;;;;;;;0;0;0;0;0;0;0;0;0;0;0;0;0;0;0;0;0;0;0;0;0;0;0;;;0;0;0;;;;;0;0;0;0;0;;;;;;;;;;;;;;;;;;;
8d4c334a-6794-4432-95a7-e7212a47d330;00.01.000;;blaugelb insulation panel MultiPro EPS;;;'EN 15804+A2';;EU-27;specific dataset;2023;2028;;;2023-04-14;EPD-MEN-20230042-IBE1-DE;Institut Bauen und Umwelt e.V. (IBU);;;;1;m3;;1 m³;;;;;;;;;;;C2/1;;;;;;;;;;0.819;0;0.819;11.9;0;11.9;0;0;0;0.000946;0.0000000000628;0.00193;0.000022;0;0;0;0;0;0.00301;0.909;0;0.903;0.00607;;;0.00138;0.00000322;0.0154;;;;;0.0000000000000884;0.0027;11.8;0.0000000908;0.0101;;;;;;;;;;;;;;;;;;;
8d4c334a-6794-4432-95a7-e7212a47d330;00.01.000;;blaugelb insulation panel MultiPro EPS;;;'EN 15804+A2';;EU-27;specific dataset;2023;2028;;;2023-04-14;EPD-MEN-20230042-IBE1-DE;Institut Bauen und Umwelt e.V. (IBU);;;;1;m3;;1 m³;;;;;;;;;;;C2/2;;;;;;;;;;0.41;0;0.41;5.93;0;5.93;0;0;0;0.000473;0.0000000000314;0.000967;0.000011;0;0;0;0;0;0.0015;0.454;0;0.451;0.00303;;;0.000688;0.00000161;0.00771;;;;;0.0000000000000442;0.00135;5.91;0.0000000454;0.00504;;;;;;;;;;;;;;;;;;;
8d4c334a-6794-4432-95a7-e7212a47d330;00.01.000;;blaugelb insulation panel MultiPro EPS;;;'EN 15804+A2';;EU-27;specific dataset;2023;2028;;;2023-04-14;EPD-MEN-20230042-IBE1-DE;Institut Bauen und Umwelt e.V. (IBU);;;;1;m3;;1 m³;;;;;;;;;;;C3/1;;;;;;;;;;111;0;111;7100;-6900;201;0;0;0;0.106;0.0000000174;0.151;0.0321;0;;0;0;0;0.0243;11.2;0.0996;11.1;0.00234;;;0.00545;0.0000323;0.0572;;;;;0.000000000162;0.0147;201;0.00000301;2.52;;;;;;;;;;;;;;;;;;;
8d4c334a-6794-4432-95a7-e7212a47d330;00.01.000;;blaugelb insulation panel MultiPro EPS;;;'EN 15804+A2';;EU-27;specific dataset;2023;2028;;;2023-04-14;EPD-MEN-20230042-IBE1-DE;Institut Bauen und Umwelt e.V. (IBU);;;;1;m3;;1 m³;;;;;;;;;;;C3/2;;;;;;;;;;12.9;0;12.9;;;;0;0;0;0.961;0.00000000515;1.83;0.00331;0;0;0;;;0.0443;506;0.0151;506;0.000492;;;0.00965;0.00000468;0.208;;;;;0.0000000000201;0.0285;54.7;0.000000486;41;;;;;;;;;;;;;;;;;;;
8d4c334a-6794-4432-95a7-e7212a47d330;00.01.000;;blaugelb insulation panel MultiPro EPS;;;'EN 15804+A2';;EU-27;specific dataset;2023;2028;;;2023-04-14;EPD-MEN-20230042-IBE1-DE;Institut Bauen und Umwelt e.V. (IBU);;;;1;m3;;1 m³;;;;;;;;;;;D/1;;;;;;;;;;-272;0;-272;-11700;0;-11700;160;0;0;-1.81;-0.000000759;-2.75;-0.0433;0;0;0;0;0;-0.516;-369;-1.83;-367;-0.0354;;;-0.141;-0.000443;-1.52;;;;;-0.000000000486;-0.536;-11600;-0.0000428;-38.8;;;;;;;;;;;;;;;;;;;
8d4c334a-6794-4432-95a7-e7212a47d330;00.01.000;;blaugelb insulation panel MultiPro EPS;;;'EN 15804+A2';;EU-27;specific dataset;2023;2028;;;2023-04-14;EPD-MEN-20230042-IBE1-DE;Institut Bauen und Umwelt e.V. (IBU);;;;1;m3;;1 m³;;;;;;;;;;;D/2;;;;;;;;;;-944;0;-944;-3420;0;-3420;0;0;0;-0.908;-0.000000463;-1.73;-0.271;0;0;0;0;0;-0.265;-202;-1.03;-201;-0.0222;;;-0.0719;-0.000278;-0.77;;;;;-0.00000000137;-0.201;-3420;-0.0000305;-21.5;;;;;;;;;;;;;;;;;;;
bbf1fb3b-96d8-4649-98dc-40b6f1e701b8;00.01.000;;CEM III/B 42,5 L;;;'EN 15804+A2';;DE;specific dataset;2024;2029;;;2024-11-22;EPD-CEM-20240503-CAA1-DE;Institut Bauen und Umwelt e.V. (IBU);;;;;;;Zement, lose Siloware (unverpackt) / 1000 kg;;;;;;;;;;;A1-A3;;;;;;;;;;62.2;0;62.2;2990;0;2990;727;371;266;0.725;0.0933;0.458;;0;0;0;0;0;1.84;398;0.055;398;0.0541;50.3;0.0000154;0.00789;0.122;2.59;0.000000945;0.0000118;17.1;508;0.0000149;0.84;2990;0.000127;27;;;;;;;;;;;;;;;;;;;
7d18b5a7-b1d2-4ac7-a253-33a65b4c528e;00.01.000;;Pickled hot-rolled wide strip made from scrap-based electrical steel;;;'EN 15804+A2';;DE;specific dataset;2024;2029;;;2024-01-30;EPD-SAL-20230559-IBA3-DE;Institut Bauen und Umwelt e.V. (IBU);;;;1;t;;1 t;;;;;;;;;;;A1-A3;;;;;;;;;;1000;0;1000;9250;0;9250;1080;0;0;2.51;0.894;62.2;0.552;0;0;0;0;144;1.67;679;1.25;678;0.158;;;0.567;0.0115;6.17;;;;;0.0000012;1.53;9240;0.000098;39.1;;;;;;;;;;;;;;;;;;;
7d18b5a7-b1d2-4ac7-a253-33a65b4c528e;00.01.000;;Pickled hot-rolled wide strip made from scrap-based electrical steel;;;'EN 15804+A2';;DE;specific dataset;2024;2029;;;2024-01-30;EPD-SAL-20230559-IBA3-DE;Institut Bauen und Umwelt e.V. (IBU);;;;1;t;;1 t;;;;;;;;;;;C1;;;;;;;;;;0;0;0;0;0;0;0;0;0;0;0;0;0;0;0;0;0;0;0;0;0;0;0;;;0;0;0;;;;;0;0;0;0;0;;;;;;;;;;;;;;;;;;;
7d18b5a7-b1d2-4ac7-a253-33a65b4c528e;00.01.000;;Pickled hot-rolled wide strip made from scrap-based electrical steel;;;'EN 15804+A2';;DE;specific dataset;2024;2029;;;2024-01-30;EPD-SAL-20230559-IBA3-DE;Institut Bauen und Umwelt e.V. (IBU);;;;1;t;;1 t;;;;;;;;;;;C2;;;;;;;;;;7.81;0;7.81;121;0;121;0;0;0;0.00711;0.000000000324;0.0176;0.000126;0;0;0;0;0;0.0454;8.95;-0.0328;8.93;0.0533;;;0.0221;0.0000208;0.246;;;;;0.00000000000156;0.0431;121;0.000000631;0.0463;;;;;;;;;;;;;;;;;;;
7d18b5a7-b1d2-4ac7-a253-33a65b4c528e;00.01.000;;Pickled hot-rolled wide strip made from scrap-based electrical steel;;;'EN 15804+A2';;DE;specific dataset;2024;2029;;;2024-01-30;EPD-SAL-20230559-IBA3-DE;Institut Bauen und Umwelt e.V. (IBU);;;;1;t;;1 t;;;;;;;;;;;C3;;;;;;;;;;294;0;294;313;0;313;0;0;0;0.103;-0.0000000611;0.287;0.0305;53;916;0;0;0;0.0339;22.7;0.389;22.3;0.00353;;;0.0111;0.000133;0.115;;;;;0.000000000607;0.0266;313;0.00000405;0.636;;;;;;;;;;;;;;;;;;;
7d18b5a7-b1d2-4ac7-a253-33a65b4c528e;00.01.000;;Pickled hot-rolled wide strip made from scrap-based electrical steel;;;'EN 15804+A2';;DE;specific dataset;2024;2029;;;2024-01-30;EPD-SAL-20230559-IBA3-DE;Institut Bauen und Umwelt e.V. (IBU);;;;1;t;;1 t;;;;;;;;;;;C4;;;;;;;;;;0;0;0;0;0;0;0;0;0;0;0;0;0;0;0;0;0;0;0;0;0;0;0;;;0;0;0;;;;;0;0;0;0;0;;;;;;;;;;;;;;;;;;;
7d18b5a7-b1d2-4ac7-a253-33a65b4c528e;00.01.000;;Pickled hot-rolled wide strip made from scrap-based electrical steel;;;'EN 15804+A2';;DE;specific dataset;2024;2029;;;2024-01-30;EPD-SAL-20230559-IBA3-DE;Institut Bauen und Umwelt e.V. (IBU);;;;1;t;;1 t;;;;;;;;;;;D;;;;;;;;;;-53.1;0;-53.1;-490;0;-490;-57.1;0;0;-0.133;-0.0474;-3.3;-0.0293;0;0;0;19.6;0;-0.0883;-36;-0.0661;-35.9;-0.00837;;;-0.0301;-0.000611;-0.327;;;;;-0.0000000635;-0.0812;-490;-0.0000052;-2.07;;;;;;;;;;;;;;;;;;;
1239f3e3-34f4-4e1e-811f-82dd728d183e;00.01.000;;Bachl ReXPS - Extruded Polystyrene (XPS) foam board;;;'EN 15804+A2';;DE;specific dataset;2022;2027;;;2022-11-30;EPD-BAC-20220231-CBA1-EN;Institut Bauen und Umwelt e.V. (IBU);;;;1;m3;;1 m³ of Bachl ReXPS board with a gross density of 32.7 kg/m³;;;;;;;;;;;A1-A3;;;;;;;;;;69.4;0;69.4;756;30.6;787;28.4;0;0;0.355;0.0000000599;1.3;0.0413;0;0;0;0;0;0.0927;54.2;0.63;53.6;0.0264;401;0.00000155;0.0337;0.000105;0.376;0.0000000072;0.000000397;3.44;60.1;0.000000000172;0.445;786;0.00000493;1.89;;;;;;;;;;;;;;;;;;;
1239f3e3-34f4-4e1e-811f-82dd728d183e;00.01.000;;Bachl ReXPS - Extruded Polystyrene (XPS) foam board;;;'EN 15804+A2';;DE;specific dataset;2022;2027;;;2022-11-30;EPD-BAC-20220231-CBA1-EN;Institut Bauen und Umwelt e.V. (IBU);;;;1;m3;;1 m³ of Bachl ReXPS board with a gross density of 32.7 kg/m³;;;;;;;;;;;A4;;;;;;;;;;0.381;0;0.381;6.71;0;6.71;0;0;0;0.00043;0.0000000000321;0.000962;0.00000826;0;0;0;0;0;0.000477;0.506;0.000153;0.503;0.00279;4.65;0.00000000288;0.000149;0.0000015;0.00178;0.0000000000937;0.00000000485;0.00121;2.3;0.00000000000003;0.000415;6.69;0.0000000419;0.00449;;;;;;;;;;;;;;;;;;;
1239f3e3-34f4-4e1e-811f-82dd728d183e;00.01.000;;Bachl ReXPS - Extruded Polystyrene (XPS) foam board;;;'EN 15804+A2';;DE;specific dataset;2022;2027;;;2022-11-30;EPD-BAC-20220231-CBA1-EN;Institut Bauen und Umwelt e.V. (IBU);;;;1;m3;;1 m³ of Bachl ReXPS board with a gross density of 32.7 kg/m³;;;;;;;;;;;A5;;;;;;;;;;0.0573;0;0.0573;;;;0;0;0;0.00451;0.0000000000229;0.00827;0.0000147;0;0;0;4.45;7.91;0.000207;2.09;0.000067;2.09;0.0000022;0.112;0.00000000121;0.0000432;0.0000000208;0.00097;0.0000000000133;0.000000000414;0.00241;0.0735;0.0000000000000894;0.000129;0.243;0.00000000216;0.192;;;;;;;;;;;;;;;;;;;
1239f3e3-34f4-4e1e-811f-82dd728d183e;00.01.000;;Bachl ReXPS - Extruded Polystyrene (XPS) foam board;;;'EN 15804+A2';;DE;specific dataset;2022;2027;;;2022-11-30;EPD-BAC-20220231-CBA1-EN;Institut Bauen und Umwelt e.V. (IBU);;;;1;m3;;1 m³ of Bachl ReXPS board with a gross density of 32.7 kg/m³;;;;;;;;;;;C1;;;;;;;;;;0;0;0;0;0;0;0;0;0;0;0;0;0;0;0;0;0;0;0;0;0;0;0;0;0;0;0;0;0;0;0;0;0;0;0;0;0;;;;;;;;;;;;;;;;;;;
1239f3e3-34f4-4e1e-811f-82dd728d183e;00.01.000;;Bachl ReXPS - Extruded Polystyrene (XPS) foam board;;;'EN 15804+A2';;DE;specific dataset;2022;2027;;;2022-11-30;EPD-BAC-20220231-CBA1-EN;Institut Bauen und Umwelt e.V. (IBU);;;;1;m3;;1 m³ of Bachl ReXPS board with a gross density of 32.7 kg/m³;;;;;;;;;;;C2;;;;;;;;;;0.372;0;0.372;6.56;0;6.56;0;0;0;0.000421;0.0000000000314;0.00094;0.00000808;0;0;0;0;0;0.000466;0.494;0.00015;0.492;0.00273;4.54;0.00000000282;0.000145;0.00000146;0.00174;0.0000000000915;0.00000000474;0.00118;2.25;0.0000000000000293;0.000406;6.54;0.0000000409;0.00439;;;;;;;;;;;;;;;;;;;
1239f3e3-34f4-4e1e-811f-82dd728d183e;00.01.000;;Bachl ReXPS - Extruded Polystyrene (XPS) foam board;;;'EN 15804+A2';;DE;specific dataset;2022;2027;;;2022-11-30;EPD-BAC-20220231-CBA1-EN;Institut Bauen und Umwelt e.V. (IBU);;;;1;m3;;1 m³ of Bachl ReXPS board with a gross density of 32.7 kg/m³;;;;;;;;;;;C3/1;;;;;;;;;;2.91;0;2.91;12.2;0;12.2;0;0;0;0.21;0.00000000114;0.63;0.000733;0;0;0;198;353;0.00964;110;0.00327;110;0.000128;5.96;0.0000000561;0.00211;0.00000107;0.0452;0.0000000006;0.0000000195;0.12;3.69;0.00000000000458;0.00623;12.1;0.000000111;8.94;;;;;;;;;;;;;;;;;;;
1239f3e3-34f4-4e1e-811f-82dd728d183e;00.01.000;;Bachl ReXPS - Extruded Polystyrene (XPS) foam board;;;'EN 15804+A2';;DE;specific dataset;2022;2027;;;2022-11-30;EPD-BAC-20220231-CBA1-EN;Institut Bauen und Umwelt e.V. (IBU);;;;1;m3;;1 m³ of Bachl ReXPS board with a gross density of 32.7 kg/m³;;;;;;;;;;;C3/2;;;;;;;;;;47.1;0;47.1;84.9;0;84.9;0;0;0;0.045;0.00000000735;0.064;0.0136;0;32.7;0;0;0;0.0103;4.72;0.0421;4.68;0.00099;37.2;0.0000000852;0.00231;0.0000137;0.0242;0.00000000107;0.0000000391;2.3;30.6;0.0000000000685;0.00623;84.9;0.00000128;1.07;;;;;;;;;;;;;;;;;;;
1239f3e3-34f4-4e1e-811f-82dd728d183e;00.01.000;;Bachl ReXPS - Extruded Polystyrene (XPS) foam board;;;'EN 15804+A2';;DE;specific dataset;2022;2027;;;2022-11-30;EPD-BAC-20220231-CBA1-EN;Institut Bauen und Umwelt e.V. (IBU);;;;1;m3;;1 m³ of Bachl ReXPS board with a gross density of 32.7 kg/m³;;;;;;;;;;;C4/3;;;;;;;;;;2.7;0;2.7;32.9;0;32.9;0;0;0;0.000426;0.00000000507;32.6;0.000404;0;0;0;0;0;0.00687;2.29;-0.0247;2.32;0.00113;32.2;0.000000066;0.00152;0.000433;0.0167;0.00000000145;0.000000121;0.0596;2.37;0.00000000000311;0.00489;32.9;0.000000161;-0.0228;;;;;;;;;;;;;;;;;;;
1239f3e3-34f4-4e1e-811f-82dd728d183e;00.01.000;;Bachl ReXPS - Extruded Polystyrene (XPS) foam board;;;'EN 15804+A2';;DE;specific dataset;2022;2027;;;2022-11-30;EPD-BAC-20220231-CBA1-EN;Institut Bauen und Umwelt e.V. (IBU);;;;1;m3;;1 m³ of Bachl ReXPS board with a gross density of 32.7 kg/m³;;;;;;;;;;;D/1;;;;;;;;;;-4.62;0;-4.62;-16.7;0;-16.7;0;0;0;-0.00444;-0.00000000226;-0.00848;-0.00133;0;0;0;0;0;-0.0013;-0.989;-0.00505;-0.984;-0.000109;-3.69;-0.0000000108;-0.000352;-0.00000136;-0.00377;-0.000000000169;-0.00000000649;-0.224;-3;-0.00000000000669;-0.000984;-16.7;-0.000000149;-0.105;;;;;;;;;;;;;;;;;;;
1239f3e3-34f4-4e1e-811f-82dd728d183e;00.01.000;;Bachl ReXPS - Extruded Polystyrene (XPS) foam board;;;'EN 15804+A2';;DE;specific dataset;2022;2027;;;2022-11-30;EPD-BAC-20220231-CBA1-EN;Institut Bauen und Umwelt e.V. (IBU);;;;1;m3;;1 m³ of Bachl ReXPS board with a gross density of 32.7 kg/m³;;;;;;;;;;;D/2;;;;;;;;;;-4.62;0;-4.62;-16.7;0;-16.7;0;0;0;-0.00444;-0.00000000226;-0.00848;-0.00133;0;0;0;0;0;-0.0013;-0.989;-0.00505;-0.984;-0.000109;-3.69;-0.0000000108;-0.000352;-0.00000136;-0.00377;-0.000000000169;-0.00000000649;-0.224;-3;-0.00000000000669;-0.000984;-16.7;-0.000000149;-0.105;;;;;;;;;;;;;;;;;;;
1239f3e3-34f4-4e1e-811f-82dd728d183e;00.01.000;;Bachl ReXPS - Extruded Polystyrene (XPS) foam board;;;'EN 15804+A2';;DE;specific dataset;2022;2027;;;2022-11-30;EPD-BAC-20220231-CBA1-EN;Institut Bauen und Umwelt e.V. (IBU);;;;1;m3;;1 m³ of Bachl ReXPS board with a gross density of 32.7 kg/m³;;;;;;;;;;;D/3;;;;;;;;;;-4.62;0;-4.62;-16.7;0;-16.7;0;0;0;-0.00444;-0.00000000226;-0.00848;-0.00133;0;0;0;0;0;-0.0013;-0.989;-0.00505;-0.984;-0.000109;-3.69;-0.0000000108;-0.000352;-0.00000136;-0.00377;-0.000000000169;-0.00000000649;-0.224;-3;-0.00000000000669;-0.000984;-16.7;-0.000000149;-0.105;;;;;;;;;;;;;;;;;;;
e2b8a162-1c41-467c-ad1e-7df1eff76fc0;00.01.000;;Cencon ATM Cash Vault Security System;;;'EN 15804+A2';;MX;specific dataset;2022;2027;;;2022-10-18;EPD-DOR-20220168-CBA5-EN;Institut Bauen und Umwelt e.V. (IBU);;;;1;Cencon;;"1 Cencon ATM Cash Vault Security System (1piece), consisting of the following items:
- Cencon ATM lock
- product packaging";;;;;;;;;;;A1-A3;;;;;;;;;;35.4;0.186;35.6;210;11.1;222;0.045;0;0;0.111;0.00000306;0.403;0.00807;;;;;;0.112;15.9;0.025;15.9;0.0111;;;0.0177;0.0000352;0.191;;;;;0.000000000358;0.0517;221;0.006;4.01;;;;;;;;;;;;;;;;;;;
e2b8a162-1c41-467c-ad1e-7df1eff76fc0;00.01.000;;Cencon ATM Cash Vault Security System;;;'EN 15804+A2';;MX;specific dataset;2022;2027;;;2022-10-18;EPD-DOR-20220168-CBA5-EN;Institut Bauen und Umwelt e.V. (IBU);;;;1;Cencon;;"1 Cencon ATM Cash Vault Security System (1piece), consisting of the following items:
- Cencon ATM lock
- product packaging";;;;;;;;;;;A4;;;;;;;;;;0.056;0;0.056;23.3;0;23.3;0;0;0;0.000109;0.00000000222;0.002;0.0000191;;;;;;0.007;1.72;0.003;1.71;0.0000358;;;0.003;0.00000028;0.034;;;;;0.000000000000000125;0.009;23.2;0.0000000485;0.003;;;;;;;;;;;;;;;;;;;
e2b8a162-1c41-467c-ad1e-7df1eff76fc0;00.01.000;;Cencon ATM Cash Vault Security System;;;'EN 15804+A2';;MX;specific dataset;2022;2027;;;2022-10-18;EPD-DOR-20220168-CBA5-EN;Institut Bauen und Umwelt e.V. (IBU);;;;1;Cencon;;"1 Cencon ATM Cash Vault Security System (1piece), consisting of the following items:
- Cencon ATM lock
- product packaging";;;;;;;;;;;A5;;;;;;;;;;0.188;-0.186;0.002;0.071;-0.062;0.009;0;0;0;0.0000732;0.0000000000167;0.001;0.000000428;;;;;;0.00000681;0.026;0.021;0.004;0.00000057;;;0.00000237;0.00000000107;0.0000307;;;;;0.00000000000000000582;0.0000063;0.009;0.0000000000881;0.003;;;;;;;;;;;;;;;;;;;
e2b8a162-1c41-467c-ad1e-7df1eff76fc0;00.01.000;;Cencon ATM Cash Vault Security System;;;'EN 15804+A2';;MX;specific dataset;2022;2027;;;2022-10-18;EPD-DOR-20220168-CBA5-EN;Institut Bauen und Umwelt e.V. (IBU);;;;1;Cencon;;"1 Cencon ATM Cash Vault Security System (1piece), consisting of the following items:
- Cencon ATM lock
- product packaging";;;;;;;;;;;C2;;;;;;;;;;0.000179;0;0.000179;0.057;0;0.057;0;0;0;0.000000322;0.00000000000552;0.00000582;0.0000000611;;;;;;0.00000401;;;;;;;0.00000128;0.000000000858;0.0000142;;;;;0.000000000000000000423;0.00000361;0.057;0.00000000012;0.00000786;;;;;;;;;;;;;;;;;;;
e2b8a162-1c41-467c-ad1e-7df1eff76fc0;00.01.000;;Cencon ATM Cash Vault Security System;;;'EN 15804+A2';;MX;specific dataset;2022;2027;;;2022-10-18;EPD-DOR-20220168-CBA5-EN;Institut Bauen und Umwelt e.V. (IBU);;;;1;Cencon;;"1 Cencon ATM Cash Vault Security System (1piece), consisting of the following items:
- Cencon ATM lock
- product packaging";;;;;;;;;;;C3;;;;;;;;;;0.101;0;0.101;11.4;-11;0.39;0;0;0;0.002;0.00000000149;0.087;0.0000145;;;;;;0.00015;0.841;0.0000196;0.841;0.0000476;;;0.0000338;0.0000000677;0.000682;;;;;0.000000000000000424;0.0000935;0.39;0.00000000582;0.086;;;;;;;;;;;;;;;;;;;
e2b8a162-1c41-467c-ad1e-7df1eff76fc0;00.01.000;;Cencon ATM Cash Vault Security System;;;'EN 15804+A2';;MX;specific dataset;2022;2027;;;2022-10-18;EPD-DOR-20220168-CBA5-EN;Institut Bauen und Umwelt e.V. (IBU);;;;1;Cencon;;"1 Cencon ATM Cash Vault Security System (1piece), consisting of the following items:
- Cencon ATM lock
- product packaging";;;;;;;;;;;C4;;;;;;;;;;0.001;0;0.001;0.01;0;0.01;0;0;0;0.0000025;0.000000000151;0.05;0.000000113;;;;;;0.00000542;0.00076;0.00000258;0.000755;0.00000217;;;0.00000139;0.0000000013;0.0000153;;;;;0.0000000000000000028;0.00000422;0.01;0.0000000000678;0.0000791;;;;;;;;;;;;;;;;;;;
e2b8a162-1c41-467c-ad1e-7df1eff76fc0;00.01.000;;Cencon ATM Cash Vault Security System;;;'EN 15804+A2';;MX;specific dataset;2022;2027;;;2022-10-18;EPD-DOR-20220168-CBA5-EN;Institut Bauen und Umwelt e.V. (IBU);;;;1;Cencon;;"1 Cencon ATM Cash Vault Security System (1piece), consisting of the following items:
- Cencon ATM lock
- product packaging";;;;;;;;;;;D;;;;;;;;;;-8.89;0;-8.89;-76.7;0;-76.7;0;0;0;-0.03;-0.000000725;0.061;-0.002;;;;;;-0.067;-6.8;-0.014;-6.78;-0.003;;;-0.01;-0.0000059;-0.114;;;;;-0.0000000000000215;-0.031;-76.6;-0.005;-1.01;;;;;;;;;;;;;;;;;;;
fb505d65-de47-4aeb-8260-0a7499f7f562;00.01.000;;ARDEX K 22 F;;;'EN 15804+A2';;DE;specific dataset;2024;2029;;;2024-02-16;EPD-ADX-20230536-IBA1-DE;Institut Bauen und Umwelt e.V. (IBU);;;;1;kg;;1 kg faserarmierte Calciumsulfat-Spachtelmasse ARDEX K 22 F mit einer Schüttdichte von 900?1300 kg/m³;;;;;;;;;;;A1-A3;;;;;;;;;;0.888;0.0665;0.955;2.85;0.74;3.59;0;0;0;0.00103;0.00000247;0.0232;0.00002;0;0;0;0;0;0.000758;0.226;-0.000672;0.227;0.000243;;;0.0002;0.0000212;0.00219;;;;;0.00000000112;0.000659;3.59;0.000000261;0.0428;;;;;;;;;;;;;;;;;;;
fb505d65-de47-4aeb-8260-0a7499f7f562;00.01.000;;ARDEX K 22 F;;;'EN 15804+A2';;DE;specific dataset;2024;2029;;;2024-02-16;EPD-ADX-20230536-IBA1-DE;Institut Bauen und Umwelt e.V. (IBU);;;;1;kg;;1 kg faserarmierte Calciumsulfat-Spachtelmasse ARDEX K 22 F mit einer Schüttdichte von 900?1300 kg/m³;;;;;;;;;;;A4;;;;;;;;;;0.11;0;0.11;1.64;0;1.64;0;0;0;0.0000977;0.00000000000276;0.000245;0.00000216;0;0;0;0;0;0.000241;0.12;0;0.119;0.00072;;;0.000104;0.000000284;0.00118;;;;;0.0000000000000297;0.000221;1.64;0.00000000872;0.000632;;;;;;;;;;;;;;;;;;;
fb505d65-de47-4aeb-8260-0a7499f7f562;00.01.000;;ARDEX K 22 F;;;'EN 15804+A2';;DE;specific dataset;2024;2029;;;2024-02-16;EPD-ADX-20230536-IBA1-DE;Institut Bauen und Umwelt e.V. (IBU);;;;1;kg;;1 kg faserarmierte Calciumsulfat-Spachtelmasse ARDEX K 22 F mit einer Schüttdichte von 900?1300 kg/m³;;;;;;;;;;;A5;;;;;;;;;;;;;0.0207;-0.0159;0.00476;0;0;0;0.000242;0.0000000000000832;0.0113;0.000000106;0;0;0;0.0103;0.0239;0.00000341;0.00773;0.00613;0.0016;0.000000567;;;0.00000104;0.00000000329;0.0000137;;;;;0.00000000000000203;0.0000028;0.00476;0.0000000000197;0.00121;;;;;;;;;;;;;;;;;;;
fb505d65-de47-4aeb-8260-0a7499f7f562;00.01.000;;ARDEX K 22 F;;;'EN 15804+A2';;DE;specific dataset;2024;2029;;;2024-02-16;EPD-ADX-20230536-IBA1-DE;Institut Bauen und Umwelt e.V. (IBU);;;;1;kg;;1 kg faserarmierte Calciumsulfat-Spachtelmasse ARDEX K 22 F mit einer Schüttdichte von 900?1300 kg/m³;;;;;;;;;;;C1;;;;;;;;;;0.578;0;0.578;0.615;0;0.615;0;0;0;0.000203;-0.00000000012;0.000564;0.00006;0;0;0;0;0;0.0000667;0.044;0.000607;0.0434;0.00000693;;;0.0000218;0.000000261;0.000226;;;;;0.00000000000119;0.0000523;0.615;0.00000000794;0.00125;;;;;;;;;;;;;;;;;;;
fb505d65-de47-4aeb-8260-0a7499f7f562;00.01.000;;ARDEX K 22 F;;;'EN 15804+A2';;DE;specific dataset;2024;2029;;;2024-02-16;EPD-ADX-20230536-IBA1-DE;Institut Bauen und Umwelt e.V. (IBU);;;;1;kg;;1 kg faserarmierte Calciumsulfat-Spachtelmasse ARDEX K 22 F mit einer Schüttdichte von 900?1300 kg/m³;;;;;;;;;;;C2;;;;;;;;;;0.0609;0;0.0609;0.91;0;0.91;0;0;0;0.0000542;0.00000000000153;0.000136;0.0000012;0;0;0;0;0;0.000134;0.0666;0;0.0662;0.0004;;;0.0000577;0.000000158;0.000654;;;;;0.0000000000000165;0.000123;0.909;0.00000000484;0.000351;;;;;;;;;;;;;;;;;;;
fb505d65-de47-4aeb-8260-0a7499f7f562;00.01.000;;ARDEX K 22 F;;;'EN 15804+A2';;DE;specific dataset;2024;2029;;;2024-02-16;EPD-ADX-20230536-IBA1-DE;Institut Bauen und Umwelt e.V. (IBU);;;;1;kg;;1 kg faserarmierte Calciumsulfat-Spachtelmasse ARDEX K 22 F mit einer Schüttdichte von 900?1300 kg/m³;;;;;;;;;;;C4;;;;;;;;;;0.0363;0;0.0363;0.222;0;0.222;0;0;0;0.000056;0.00000000000478;1.11;0.0000025;0;0;0;0;0;0.000118;0.0165;0;0.0164;0.0000518;;;0.0000306;0.0000000337;0.000336;;;;;0.0000000000000429;0.0000922;0.222;0.000000000773;0.00183;;;;;;;;;;;;;;;;;;;
fb505d65-de47-4aeb-8260-0a7499f7f562;00.01.000;;ARDEX K 22 F;;;'EN 15804+A2';;DE;specific dataset;2024;2029;;;2024-02-16;EPD-ADX-20230536-IBA1-DE;Institut Bauen und Umwelt e.V. (IBU);;;;1;kg;;1 kg faserarmierte Calciumsulfat-Spachtelmasse ARDEX K 22 F mit einer Schüttdichte von 900?1300 kg/m³;;;;;;;;;;;D;;;;;;;;;;-0.0169;0;-0.0169;-0.0434;0;-0.0434;0;0;0;-0.00000586;-0.00000000000285;-0.0000235;-0.0000017;0;0;0;0;0;-0.00000281;-0.00279;-0.0000192;-0.00277;-0.000000249;;;-0.00000103;-0.00000000717;-0.000011;;;;;-0.000000000000038;-0.00000267;-0.0434;-0.000000000241;-0.0000373;;;;;;;;;;;;;;;;;;;
229ce903-f893-42c7-bff8-19e720fcf3fa;00.01.000;;Tufted tiles, polyamide 6 with a maximum total pile weight of 1300 g/m2, back2back or comfortback;;;'EN 15804+A2';;BE;specific dataset;2023;2028;;;2023-01-10;EPD-MOD-20220309-CBA1-EN;Institut Bauen und Umwelt e.V. (IBU);;;;1;qm;;1 m² tufted modular carpet tiles with bitumen heavy backing and a pile material of PA 6;;;;;;;;;;;A1-A3;;;;;;;;;;31.4;0.254;31.7;244;74.8;318;2.75;0;0;0.0718;0.00129;0.332;0.006;;;;;;0.0269;15.1;-0.114;15.3;0.00593;;;0.00799;0.0000582;0.0708;;;;;0.00000000148;0.0238;318;0.00000228;1.79;;;;;;;;;;;;;;;;;;;
229ce903-f893-42c7-bff8-19e720fcf3fa;00.01.000;;Tufted tiles, polyamide 6 with a maximum total pile weight of 1300 g/m2, back2back or comfortback;;;'EN 15804+A2';;BE;specific dataset;2023;2028;;;2023-01-10;EPD-MOD-20220309-CBA1-EN;Institut Bauen und Umwelt e.V. (IBU);;;;1;qm;;1 m² tufted modular carpet tiles with bitumen heavy backing and a pile material of PA 6;;;;;;;;;;;A4;;;;;;;;;;0.244;0;0.244;4.29;0;4.29;0;0;0;0.000275;0.0000000000206;0.000615;0.00000529;;;;;;0.00191;0.321;0.00409;0.316;0.00179;;;0.000937;0.000000957;0.0104;;;;;;0.00177;4.28;0.0000000268;0.00287;;;;;;;;;;;;;;;;;;;
229ce903-f893-42c7-bff8-19e720fcf3fa;00.01.000;;Tufted tiles, polyamide 6 with a maximum total pile weight of 1300 g/m2, back2back or comfortback;;;'EN 15804+A2';;BE;specific dataset;2023;2028;;;2023-01-10;EPD-MOD-20220309-CBA1-EN;Institut Bauen und Umwelt e.V. (IBU);;;;1;qm;;1 m² tufted modular carpet tiles with bitumen heavy backing and a pile material of PA 6;;;;;;;;;;;A5;;;;;;;;;;1.23;-0.254;0.977;10;-0.215;9.81;0.0824;0;0;0.00281;0.0000387;0.0488;0.000184;;;;;;0.00107;0.889;0.208;0.681;0.000243;;;0.000366;0.00000181;0.00353;;;;;;0.00102;9.8;0.0000000703;0.0812;;;;;;;;;;;;;;;;;;;
229ce903-f893-42c7-bff8-19e720fcf3fa;00.01.000;;Tufted tiles, polyamide 6 with a maximum total pile weight of 1300 g/m2, back2back or comfortback;;;'EN 15804+A2';;BE;specific dataset;2023;2028;;;2023-01-10;EPD-MOD-20220309-CBA1-EN;Institut Bauen und Umwelt e.V. (IBU);;;;1;qm;;1 m² tufted modular carpet tiles with bitumen heavy backing and a pile material of PA 6;;;;;;;;;;;B1;;;;;;;;;;0;0;0;0;0;0;0;0;0;0;0;0;0;;;;;;0;0;0;0;0;;;0;0;0;;;;;0;0.000418;0;0;0;;;;;;;;;;;;;;;;;;;
229ce903-f893-42c7-bff8-19e720fcf3fa;00.01.000;;Tufted tiles, polyamide 6 with a maximum total pile weight of 1300 g/m2, back2back or comfortback;;;'EN 15804+A2';;BE;specific dataset;2023;2028;;;2023-01-10;EPD-MOD-20220309-CBA1-EN;Institut Bauen und Umwelt e.V. (IBU);;;;1;qm;;1 m² tufted modular carpet tiles with bitumen heavy backing and a pile material of PA 6;;;;;;;;;;;B2;;;;;;;;;;3.69;0;3.69;5.9;0;5.9;0;0;0;0.00334;0.0000419;0.0073;0.000376;;;;;;0.000832;0.416;0.00416;0.215;0.196;;;0.000197;0.00000519;0.00283;;;;;0.0000000342;0.000983;5.9;0.00000023;0.0999;;;;;;;;;;;;;;;;;;;
229ce903-f893-42c7-bff8-19e720fcf3fa;00.01.000;;Tufted tiles, polyamide 6 with a maximum total pile weight of 1300 g/m2, back2back or comfortback;;;'EN 15804+A2';;BE;specific dataset;2023;2028;;;2023-01-10;EPD-MOD-20220309-CBA1-EN;Institut Bauen und Umwelt e.V. (IBU);;;;1;qm;;1 m² tufted modular carpet tiles with bitumen heavy backing and a pile material of PA 6;;;;;;;;;;;C1;;;;;;;;;;0;0;0;0;0;0;0;0;0;0;0;0;0;;;;;;0;0;0;0;0;;;0;0;0;;;;;0;0;0;0;0;;;;;;;;;;;;;;;;;;;
229ce903-f893-42c7-bff8-19e720fcf3fa;00.01.000;;Tufted tiles, polyamide 6 with a maximum total pile weight of 1300 g/m2, back2back or comfortback;;;'EN 15804+A2';;BE;specific dataset;2023;2028;;;2023-01-10;EPD-MOD-20220309-CBA1-EN;Institut Bauen und Umwelt e.V. (IBU);;;;1;qm;;1 m² tufted modular carpet tiles with bitumen heavy backing and a pile material of PA 6;;;;;;;;;;;C2;;;;;;;;;;0.0136;0;0.0136;0.239;0;0.239;0;0;0;0.0000153;0.00000000000115;0.0000343;0.000000295;;;;;;0.000106;0.0179;0.000228;0.0176;0.0000996;;;0.0000522;0.0000000533;0.000578;;;;;;0.0000987;0.239;0.00000000149;0.00016;;;;;;;;;;;;;;;;;;;
229ce903-f893-42c7-bff8-19e720fcf3fa;00.01.000;;Tufted tiles, polyamide 6 with a maximum total pile weight of 1300 g/m2, back2back or comfortback;;;'EN 15804+A2';;BE;specific dataset;2023;2028;;;2023-01-10;EPD-MOD-20220309-CBA1-EN;Institut Bauen und Umwelt e.V. (IBU);;;;1;qm;;1 m² tufted modular carpet tiles with bitumen heavy backing and a pile material of PA 6;;;;;;;;;;;D;;;;;;;;;;-0.281;0;-0.281;-1.03;0;-1.03;0;0;0;-0.000269;-0.000000000139;-0.000518;-0.0000807;;;;;;-0.0000793;-0.0607;-0.000308;-0.0604;-0.00000663;;;-0.0000215;-0.0000000829;-0.000231;;;;;;-0.0000603;-1.03;-0.0000000091;-0.00635;;;;;;;;;;;;;;;;;;;
229ce903-f893-42c7-bff8-19e720fcf3fa;00.01.000;;Tufted tiles, polyamide 6 with a maximum total pile weight of 1300 g/m2, back2back or comfortback;;;'EN 15804+A2';;BE;specific dataset;2023;2028;;;2023-01-10;EPD-MOD-20220309-CBA1-EN;Institut Bauen und Umwelt e.V. (IBU);;;;1;qm;;1 m² tufted modular carpet tiles with bitumen heavy backing and a pile material of PA 6;;;;;;;;;;;C3/2;;;;;;;;;;0.63;0;0.63;78.3;-74.5;3.77;0;0;0;0.0205;0.000000000565;1.29;0.000136;;;;;;0.00649;6.58;0.000858;6.58;0.00026;;;0.00318;0.000000955;0.0354;;;;;;0.00815;3.77;0.0000000317;0.866;;;;;;;;;;;;;;;;;;;
229ce903-f893-42c7-bff8-19e720fcf3fa;00.01.000;;Tufted tiles, polyamide 6 with a maximum total pile weight of 1300 g/m2, back2back or comfortback;;;'EN 15804+A2';;BE;specific dataset;2023;2028;;;2023-01-10;EPD-MOD-20220309-CBA1-EN;Institut Bauen und Umwelt e.V. (IBU);;;;1;qm;;1 m² tufted modular carpet tiles with bitumen heavy backing and a pile material of PA 6;;;;;;;;;;;C3/3;;;;;;;;;;0.936;0;0.936;79.4;-74.5;4.86;0;0;0;0.0208;0.00000000061;1.29;0.000215;;;;;;0.00682;6.65;0.00167;6.65;0.000515;;;0.00332;0.00000117;0.037;;;;;;0.00843;4.86;0.0000000428;0.873;;;;;;;;;;;;;;;;;;;
229ce903-f893-42c7-bff8-19e720fcf3fa;00.01.000;;Tufted tiles, polyamide 6 with a maximum total pile weight of 1300 g/m2, back2back or comfortback;;;'EN 15804+A2';;BE;specific dataset;2023;2028;;;2023-01-10;EPD-MOD-20220309-CBA1-EN;Institut Bauen und Umwelt e.V. (IBU);;;;1;qm;;1 m² tufted modular carpet tiles with bitumen heavy backing and a pile material of PA 6;;;;;;;;;;;C4/1;;;;;;;;;;0.436;0;0.436;5.31;0;5.31;0;0;0;0.0000622;0.000000000819;5.26;0.0000652;;;;;;0.00111;0.37;0;0.374;0.000182;;;0.000245;0.0000698;0.00269;;;;;;0.000789;5.31;0.0000000259;-0.00397;;;;;;;;;;;;;;;;;;;
229ce903-f893-42c7-bff8-19e720fcf3fa;00.01.000;;Tufted tiles, polyamide 6 with a maximum total pile weight of 1300 g/m2, back2back or comfortback;;;'EN 15804+A2';;BE;specific dataset;2023;2028;;;2023-01-10;EPD-MOD-20220309-CBA1-EN;Institut Bauen und Umwelt e.V. (IBU);;;;1;qm;;1 m² tufted modular carpet tiles with bitumen heavy backing and a pile material of PA 6;;;;;;;;;;;D/1;;;;;;;;;;0;0;0;0;0;0;0;0;0;0;0;0;0;;;;;;0;0;0;0;0;;;0;0;0;;;;;0;0;0;0;0;;;;;;;;;;;;;;;;;;;
229ce903-f893-42c7-bff8-19e720fcf3fa;00.01.000;;Tufted tiles, polyamide 6 with a maximum total pile weight of 1300 g/m2, back2back or comfortback;;;'EN 15804+A2';;BE;specific dataset;2023;2028;;;2023-01-10;EPD-MOD-20220309-CBA1-EN;Institut Bauen und Umwelt e.V. (IBU);;;;1;qm;;1 m² tufted modular carpet tiles with bitumen heavy backing and a pile material of PA 6;;;;;;;;;;;D/2;;;;;;;;;;-8.23;0;-8.23;-30;0;-30;0;0;0;-0.00786;-0.00000000407;-0.0152;-0.00236;;;;;;-0.00232;-1.78;-0.00902;-1.77;-0.000194;;;-0.00063;-0.00000242;-0.00675;;;;;;-0.00176;-30;-0.000000266;-0.186;;;;;;;;;;;;;;;;;;;
229ce903-f893-42c7-bff8-19e720fcf3fa;00.01.000;;Tufted tiles, polyamide 6 with a maximum total pile weight of 1300 g/m2, back2back or comfortback;;;'EN 15804+A2';;BE;specific dataset;2023;2028;;;2023-01-10;EPD-MOD-20220309-CBA1-EN;Institut Bauen und Umwelt e.V. (IBU);;;;1;qm;;1 m² tufted modular carpet tiles with bitumen heavy backing and a pile material of PA 6;;;;;;;;;;;D/3;;;;;;;;;;-0.636;0;-0.636;-67;0;-67;0.19;0;0;-0.00604;-0.000000000286;-0.134;-0.000135;;;;;;-0.00169;-0.493;-0.000715;-0.492;-0.000224;;;-0.000531;-0.00000051;-0.00582;;;;;;-0.00161;-67;-0.0000000458;-0.0752;;;;;;;;;;;;;;;;;;;
2e283689-4792-4766-b9d0-416e320c8c81;00.01.000;;BEST HD8000;;;'EN 15804+A1';;Singapore;specific dataset;2020;2025;;;2020-08-24;EPD-DOR-20200113-CBA2-EN;Institut Bauen und Umwelt e.V. (IBU);;;;1;door;;1 door closer (1 piece) of the BEST HD8000 series;;;;;;;;;;;A1-A3;;;10.4;0.000000000771;0.00392;0.0422;;0.000329;149;29.702;3.698;33.4;141.101;18.899;160;2.61;0;0;0.0488;0.00000723;0.955;0.00422;0;0;0;0;0;;;;;;;;;;;;;;;;;;;;;;;;;;;;;;;;;;;;;;
2e283689-4792-4766-b9d0-416e320c8c81;00.01.000;;BEST HD8000;;;'EN 15804+A1';;Singapore;specific dataset;2020;2025;;;2020-08-24;EPD-DOR-20200113-CBA2-EN;Institut Bauen und Umwelt e.V. (IBU);;;;1;door;;1 door closer (1 piece) of the BEST HD8000 series;;;;;;;;;;;A4;;;1.21;0.000000000000000098;0.000656;0.026;;0.0000000401;15.9;0.0601;0;0.0601;15.9;0;15.9;0;0;0;0.000275;0.00000000206;0.000122;0.00000562;0;0;0;0;0;;;;;;;;;;;;;;;;;;;;;;;;;;;;;;;;;;;;;;
2e283689-4792-4766-b9d0-416e320c8c81;00.01.000;;BEST HD8000;;;'EN 15804+A1';;Singapore;specific dataset;2020;2025;;;2020-08-24;EPD-DOR-20200113-CBA2-EN;Institut Bauen und Umwelt e.V. (IBU);;;;1;door;;1 door closer (1 piece) of the BEST HD8000 series;;;;;;;;;;;A5;;;0.349;0.000000000000000084;0.00000483;0.0000731;;0.00000000686;0.0968;3.717;-3.698;0.0194;;;;0;0;0;0.00102;0.000000000219;0.011;0.00000656;0;0;0;0.529;0.959;;;;;;;;;;;;;;;;;;;;;;;;;;;;;;;;;;;;;;
2e283689-4792-4766-b9d0-416e320c8c81;00.01.000;;BEST HD8000;;;'EN 15804+A1';;Singapore;specific dataset;2020;2025;;;2020-08-24;EPD-DOR-20200113-CBA2-EN;Institut Bauen und Umwelt e.V. (IBU);;;;1;door;;1 door closer (1 piece) of the BEST HD8000 series;;;;;;;;;;;C3;;;0.689;0.000000000000000374;0.0000185;0.000457;;0.0000000558;0.307;0.0683;0;0.0683;19.242;;0.343;0;0;0;0.00245;0.00000000206;0.0457;0.0000143;0;1.62;0;1.52;2.97;;;;;;;;;;;;;;;;;;;;;;;;;;;;;;;;;;;;;;
2e283689-4792-4766-b9d0-416e320c8c81;00.01.000;;BEST HD8000;;;'EN 15804+A1';;Singapore;specific dataset;2020;2025;;;2020-08-24;EPD-DOR-20200113-CBA2-EN;Institut Bauen und Umwelt e.V. (IBU);;;;1;door;;1 door closer (1 piece) of the BEST HD8000 series;;;;;;;;;;;D;;;-3.47;-0.000000000000000772;-0.000891;-0.00842;;0.00000584;-31.5;-0.226;0;-0.226;-34;0;-34;0;0;0;-0.00927;-0.00000000232;-0.178;-0.000989;0;0;0;0;0;;;;;;;;;;;;;;;;;;;;;;;;;;;;;;;;;;;;;;
ea4ccce0-2f6b-4d9c-bed3-8ad4a46be90b;00.01.000;;ADAGIO HD+ (30 mm);;;'EN 15804+A2';;DE;specific dataset;2024;2029;;;2024-11-26;EPD-KNA-20240279-IBA1-EN;Institut Bauen und Umwelt e.V. (IBU);;;;1;qm;;1 m² ADAGIO HD+ mineral ceiling tiles with a surface weight of 8.02 kg/m² and a thickness of 30 mm;;;;;;;;;;;A1-A3;;;;;;;;;;1.82;14.2;16;107;0.995;108;1.92;0;0;2.6;0.0000158;1.7;0.00285;0;0;0;0;0;0.0376;6.02;-1.23;7.25;0.00404;23.5;0.000000328;0.00729;0.000195;0.121;0.00000000601;0.000000113;0.376;102;0.000000000386;0.0133;108;0.00000129;3.36;;;;;;;;;;;;;;;;;;;
ea4ccce0-2f6b-4d9c-bed3-8ad4a46be90b;00.01.000;;ADAGIO HD+ (30 mm);;;'EN 15804+A2';;DE;specific dataset;2024;2029;;;2024-11-26;EPD-KNA-20240279-IBA1-EN;Institut Bauen und Umwelt e.V. (IBU);;;;1;qm;;1 m² ADAGIO HD+ mineral ceiling tiles with a surface weight of 8.02 kg/m² and a thickness of 30 mm;;;;;;;;;;;C1;;;;;;;;;;0;0;0;0;0;0;0;0;0;0;0;0;0;0;0;0;0;0;0;0;0;0;0;0;0;0;0;0;0;0;0;0;0;0;0;0;0;;;;;;;;;;;;;;;;;;;
ea4ccce0-2f6b-4d9c-bed3-8ad4a46be90b;00.01.000;;ADAGIO HD+ (30 mm);;;'EN 15804+A2';;DE;specific dataset;2024;2029;;;2024-11-26;EPD-KNA-20240279-IBA1-EN;Institut Bauen und Umwelt e.V. (IBU);;;;1;qm;;1 m² ADAGIO HD+ mineral ceiling tiles with a surface weight of 8.02 kg/m² and a thickness of 30 mm;;;;;;;;;;;C2;;;;;;;;;;0.0289;0;0.0289;0.399;0;0.399;0;0;0;0.0000317;0.00000000000124;0.0000609;0.000000747;0;0;0;0;0;0.000103;0.0292;0.000066;0.0289;0.00027;0.285;0.00000000062;0.0000475;0.000000107;0.000533;0.00000000000578;0.000000000257;0.000111;0.166;0.0000000000000038;0.0000937;0.398;0.00000000194;0.000353;;;;;;;;;;;;;;;;;;;
ea4ccce0-2f6b-4d9c-bed3-8ad4a46be90b;00.01.000;;ADAGIO HD+ (30 mm);;;'EN 15804+A2';;DE;specific dataset;2024;2029;;;2024-11-26;EPD-KNA-20240279-IBA1-EN;Institut Bauen und Umwelt e.V. (IBU);;;;1;qm;;1 m² ADAGIO HD+ mineral ceiling tiles with a surface weight of 8.02 kg/m² and a thickness of 30 mm;;;;;;;;;;;C3;;;;;;;;;;0;0;0;0;0;0;0;0;0;0;0;0;0;0;0;0;0;0;0;0;0;0;0;0;0;0;0;0;0;0;0;0;0;0;0;0;0;;;;;;;;;;;;;;;;;;;
ea4ccce0-2f6b-4d9c-bed3-8ad4a46be90b;00.01.000;;ADAGIO HD+ (30 mm);;;'EN 15804+A2';;DE;specific dataset;2024;2029;;;2024-11-26;EPD-KNA-20240279-IBA1-EN;Institut Bauen und Umwelt e.V. (IBU);;;;1;qm;;1 m² ADAGIO HD+ mineral ceiling tiles with a surface weight of 8.02 kg/m² and a thickness of 30 mm;;;;;;;;;;;C4;;;;;;;;;;0.261;0;0.261;1.6;0;1.6;0;0;0;0.000405;0.0000000000349;8.02;0.0000183;0;0;0;0;0;0.000854;0.879;0.76;0.119;0.000374;0.867;0.0000000105;0.000221;0.000000242;0.00243;0.000000000135;0.0000000142;0.00211;0.389;0.000000000000306;0.000666;1.6;0.00000000556;0.0132;;;;;;;;;;;;;;;;;;;
ea4ccce0-2f6b-4d9c-bed3-8ad4a46be90b;00.01.000;;ADAGIO HD+ (30 mm);;;'EN 15804+A2';;DE;specific dataset;2024;2029;;;2024-11-26;EPD-KNA-20240279-IBA1-EN;Institut Bauen und Umwelt e.V. (IBU);;;;1;qm;;1 m² ADAGIO HD+ mineral ceiling tiles with a surface weight of 8.02 kg/m² and a thickness of 30 mm;;;;;;;;;;;D;;;;;;;;;;0;0;0;0;0;0;0;0;0;0;0;0;0;0;0;0;0;0;0;0;0;0;0;0;0;0;0;0;0;0;0;0;0;0;0;0;0;;;;;;;;;;;;;;;;;;;
ec7cd55d-8333-4084-bd67-51086eb5964e;00.01.000;;Mortise Lock Saffire EVO Series - Smart Mortise Lock;;;'EN 15804+A2';;Canada;specific dataset;2026;2031;;;2026-03-06;EPD-DOR-20260058-CBA1-EN;Institut Bauen und Umwelt e.V. (IBU);;;;1;pcs.;;"1 piece of the product: Mortise Lock Saffire EVO LZ-M, consisting of the following items:
? Mortise lock
? Lever handle
? Fixing materials
? Product packaging";;;;;;;;;;;A1-A3;;;;;;;;;;66.6;5.8;72.4;175;3.04;178;2.6;0;0;0.139;0.0000247;3.21;0.00801;;;;;;0.073;13.1;-0.668;13.8;0.014;;;0.013;0.0000453;0.149;;;;;0.0000000000942;0.039;178;0.00306;3.78;;;;;;;;;;;;;;;;;;;
ec7cd55d-8333-4084-bd67-51086eb5964e;00.01.000;;Mortise Lock Saffire EVO Series - Smart Mortise Lock;;;'EN 15804+A2';;Canada;specific dataset;2026;2031;;;2026-03-06;EPD-DOR-20260058-CBA1-EN;Institut Bauen und Umwelt e.V. (IBU);;;;1;pcs.;;"1 piece of the product: Mortise Lock Saffire EVO LZ-M, consisting of the following items:
? Mortise lock
? Lever handle
? Fixing materials
? Product packaging";;;;;;;;;;;A4;;;;;;;;;;0.003;0;0.003;0.547;0;0.547;0;0;0;0.00000321;0.0000000000169;0.0000523;0.000000608;;;;;;0.0000432;0.041;0.002;0.039;0.00000153;;;0.0000154;0.00000000999;0.000175;;;;;0.00000000000000342;0.0000452;0.547;0.00000000102;0.0000787;;;;;;;;;;;;;;;;;;;
ec7cd55d-8333-4084-bd67-51086eb5964e;00.01.000;;Mortise Lock Saffire EVO Series - Smart Mortise Lock;;;'EN 15804+A2';;Canada;specific dataset;2026;2031;;;2026-03-06;EPD-DOR-20260058-CBA1-EN;Institut Bauen und Umwelt e.V. (IBU);;;;1;pcs.;;"1 piece of the product: Mortise Lock Saffire EVO LZ-M, consisting of the following items:
? Mortise lock
? Lever handle
? Fixing materials
? Product packaging";;;;;;;;;;;A5;;;;;;;;;;5.86;-5.8;0.059;0.43;-0.215;0.215;0;0;0;0.002;0.000000000124;0.023;0.0000107;;;;;;0.000191;0.784;0.755;0.028;0.0000113;;;0.0000698;0.0000000274;0.000873;;;;;0.000000000000097;0.000185;0.215;0.00000000102;0.085;;;;;;;;;;;;;;;;;;;
ec7cd55d-8333-4084-bd67-51086eb5964e;00.01.000;;Mortise Lock Saffire EVO Series - Smart Mortise Lock;;;'EN 15804+A2';;Canada;specific dataset;2026;2031;;;2026-03-06;EPD-DOR-20260058-CBA1-EN;Institut Bauen und Umwelt e.V. (IBU);;;;1;pcs.;;"1 piece of the product: Mortise Lock Saffire EVO LZ-M, consisting of the following items:
? Mortise lock
? Lever handle
? Fixing materials
? Product packaging";;;;;;;;;;;B2;;;;;;;;;;1.41;0;1.41;10.4;0;10.4;0;0;0;0.004;0.0000000321;0.131;0.000198;;;;;;0.008;0.848;0.000343;0.847;0.000201;;;0.001;0.000000624;0.012;;;;;0.00000000000241;0.003;10.4;0.0000409;0.144;;;;;;;;;;;;;;;;;;;
ec7cd55d-8333-4084-bd67-51086eb5964e;00.01.000;;Mortise Lock Saffire EVO Series - Smart Mortise Lock;;;'EN 15804+A2';;Canada;specific dataset;2026;2031;;;2026-03-06;EPD-DOR-20260058-CBA1-EN;Institut Bauen und Umwelt e.V. (IBU);;;;1;pcs.;;"1 piece of the product: Mortise Lock Saffire EVO LZ-M, consisting of the following items:
? Mortise lock
? Lever handle
? Fixing materials
? Product packaging";;;;;;;;;;;C1;;;;;;;;;;0;0;0;0;0;0;0;0;0;0;0;0;0;;;;;;0;0;0;0;0;;;0;0;0;;;;;0;0;0;0;0;;;;;;;;;;;;;;;;;;;
ec7cd55d-8333-4084-bd67-51086eb5964e;00.01.000;;Mortise Lock Saffire EVO Series - Smart Mortise Lock;;;'EN 15804+A2';;Canada;specific dataset;2026;2031;;;2026-03-06;EPD-DOR-20260058-CBA1-EN;Institut Bauen und Umwelt e.V. (IBU);;;;1;pcs.;;"1 piece of the product: Mortise Lock Saffire EVO LZ-M, consisting of the following items:
? Mortise lock
? Lever handle
? Fixing materials
? Product packaging";;;;;;;;;;;C2;;;;;;;;;;0.001;0;0.001;0.242;0;0.242;0;0;0;0.00000142;0.00000000000746;0.0000232;0.000000269;;;;;;0.0000191;0.018;0.000754;0.017;0.000000678;;;0.00000683;0.00000000442;0.0000775;;;;;0.00000000000000151;0.00002;0.242;0.00000000045;0.0000348;;;;;;;;;;;;;;;;;;;
ec7cd55d-8333-4084-bd67-51086eb5964e;00.01.000;;Mortise Lock Saffire EVO Series - Smart Mortise Lock;;;'EN 15804+A2';;Canada;specific dataset;2026;2031;;;2026-03-06;EPD-DOR-20260058-CBA1-EN;Institut Bauen und Umwelt e.V. (IBU);;;;1;pcs.;;"1 piece of the product: Mortise Lock Saffire EVO LZ-M, consisting of the following items:
? Mortise lock
? Lever handle
? Fixing materials
? Product packaging";;;;;;;;;;;C3;;;;;;;;;;0.648;0;0.648;3.79;-2.82;0.967;0;0;0;0.001;0.00000000131;0.03;0.000136;;;;;;0.00013;0.314;0.000353;0.314;0.000025;;;0.0000331;0.000000189;0.000455;;;;;0.000000000000997;0.0000887;0.967;0.00000000828;0.038;;;;;;;;;;;;;;;;;;;
ec7cd55d-8333-4084-bd67-51086eb5964e;00.01.000;;Mortise Lock Saffire EVO Series - Smart Mortise Lock;;;'EN 15804+A2';;Canada;specific dataset;2026;2031;;;2026-03-06;EPD-DOR-20260058-CBA1-EN;Institut Bauen und Umwelt e.V. (IBU);;;;1;pcs.;;"1 piece of the product: Mortise Lock Saffire EVO LZ-M, consisting of the following items:
? Mortise lock
? Lever handle
? Fixing materials
? Product packaging";;;;;;;;;;;C4;;;;;;;;;;0.002;0;0.002;0.01;0;0.01;0;0;0;0.00000256;0.00000000000241;0.049;0.000000102;;;;;;0.00000521;0.00074;0.00000233;0.000733;0.0000044;;;0.00000134;0.00000000167;0.0000148;;;;;0.00000000000000198;0.0000041;0.01;0.0000000000475;0.000084;;;;;;;;;;;;;;;;;;;
ec7cd55d-8333-4084-bd67-51086eb5964e;00.01.000;;Mortise Lock Saffire EVO Series - Smart Mortise Lock;;;'EN 15804+A2';;Canada;specific dataset;2026;2031;;;2026-03-06;EPD-DOR-20260058-CBA1-EN;Institut Bauen und Umwelt e.V. (IBU);;;;1;pcs.;;"1 piece of the product: Mortise Lock Saffire EVO LZ-M, consisting of the following items:
? Mortise lock
? Lever handle
? Fixing materials
? Product packaging";;;;;;;;;;;D;;;;;;;;;;-21.8;0;-21.8;-76.4;0;-76.4;1.53;0;0;-0.046;-0.0000000379;-0.149;-0.003;;;;;;-0.029;-5.73;-0.003;-5.72;-0.006;;;-0.004;-0.0000153;-0.043;;;;;-0.0000000000294;-0.014;-76.4;-0.002;-1.59;;;;;;;;;;;;;;;;;;;
47b3b5ac-bc41-4841-970a-9315445be1a4;00.01.000;;Duripanel B1;;;'DIN EN 15804+A2';;;specific dataset;;;;;;;;;;;;;;;;;;;;;;;;;A1-A3;;;;;;;;;;33.6;87.5;121;110;0.44;111;1.49;0;0;0.0135;0.000000324;3.29;0.00158;;;;;;0.0214;8.97;;18.3;0.00633;;;0.00724;0.0000325;0.0781;;;;;;0.0221;111;0.000000833;0.272;;;;;;;;;;;;;;;;;;;
47b3b5ac-bc41-4841-970a-9315445be1a4;00.01.000;;Duripanel B1;;;'DIN EN 15804+A2';;;specific dataset;;;;;;;;;;;;;;;;;;;;;;;;;A4;;;;;;;;;;0.408;0;0.408;7.09;0;7.09;0;0;0;0.000476;0.000000328;0.00112;0.0000131;;;;;;0.000612;0.533;;0.53;0.00429;;;0.000188;0.00000161;0.00223;;;;;;0.000507;7.06;0.0000000428;0.00516;;;;;;;;;;;;;;;;;;;
47b3b5ac-bc41-4841-970a-9315445be1a4;00.01.000;;Duripanel B1;;;'DIN EN 15804+A2';;;specific dataset;;;;;;;;;;;;;;;;;;;;;;;;;A5;;;;;;;;;;20.4;-7.3;13.1;16.3;-0.44;15.9;0.149;0;0;0.00469;0.0000000424;2.46;0.000367;;;;;;0.00358;3.04;0.688;2.35;0.00106;;;0.0012;0.0000208;0.0119;;;;;;0.00356;15.9;0.0000219;0.137;;;;;;;;;;;;;;;;;;;
47b3b5ac-bc41-4841-970a-9315445be1a4;00.01.000;;Duripanel B1;;;'DIN EN 15804+A2';;;specific dataset;;;;;;;;;;;;;;;;;;;;;;;;;B1;;;;;;;;;;0;0;0;0;0;0;0;0;0;0;0;0;0;;;;;;0;0;0;0;0;;;0;0;0;;;;;0;0;0;0;0;;;;;;;;;;;;;;;;;;;
47b3b5ac-bc41-4841-970a-9315445be1a4;00.01.000;;Duripanel B1;;;'DIN EN 15804+A2';;;specific dataset;;;;;;;;;;;;;;;;;;;;;;;;;B2;;;;;;;;;;0;0;0;0;0;0;0;0;0;0;0;0;0;;;;;;0;0;0;0;0;;;0;0;0;;;;;0;0;0;0;0;;;;;;;;;;;;;;;;;;;
47b3b5ac-bc41-4841-970a-9315445be1a4;00.01.000;;Duripanel B1;;;'DIN EN 15804+A2';;;specific dataset;;;;;;;;;;;;;;;;;;;;;;;;;B6;;;;;;;;;;0;0;0;0;0;0;0;0;0;0;0;0;0;;;;;;0;0;0;0;0;;;0;0;0;;;;;0;0;0;0;0;;;;;;;;;;;;;;;;;;;
47b3b5ac-bc41-4841-970a-9315445be1a4;00.01.000;;Duripanel B1;;;'DIN EN 15804+A2';;;specific dataset;;;;;;;;;;;;;;;;;;;;;;;;;B7;;;;;;;;;;0;0;0;0;0;0;0;0;0;0;0;0;0;;;;;;0;0;0;0;0;;;0;0;0;;;;;0;0;0;0;0;;;;;;;;;;;;;;;;;;;
47b3b5ac-bc41-4841-970a-9315445be1a4;00.01.000;;Duripanel B1;;;'DIN EN 15804+A2';;;specific dataset;;;;;;;;;;;;;;;;;;;;;;;;;C1;;;;;;;;;;0.235;0;0.235;0.531;0;0.531;0;0;0;0.000272;0.00000000022;0.000377;0.0000806;;;;;;0.0000666;0.0303;0.000101;0.0302;0.0000438;;;0.0000148;0.0000000806;0.000156;;;;;;0.0000406;0.531;0.00000000874;0.00658;;;;;;;;;;;;;;;;;;;
47b3b5ac-bc41-4841-970a-9315445be1a4;00.01.000;;Duripanel B1;;;'DIN EN 15804+A2';;;specific dataset;;;;;;;;;;;;;;;;;;;;;;;;;C2;;;;;;;;;;0.0668;0;0.0668;1.16;0;1.16;0;0;0;0.0000778;0.0000000536;0.000184;0.00000214;;;;;;0.0001;0.0871;;0.0866;0.000701;;;0.0000307;0.000000264;0.000365;;;;;;0.0000829;1.15;0.000000007;0.000844;;;;;;;;;;;;;;;;;;;
47b3b5ac-bc41-4841-970a-9315445be1a4;00.01.000;;Duripanel B1;;;'DIN EN 15804+A2';;;specific dataset;;;;;;;;;;;;;;;;;;;;;;;;;C3/1;;;;;;;;;;90.1;-80.2;9.9;22.3;0;22.3;0;0;0;0.0115;0.00000000925;0.0159;0.00339;;;;;;0.00281;1.28;0.00424;1.27;0.00184;;;0.000623;0.0000034;0.00655;;;;;;0.00171;22.3;0.000000368;0.277;;;;;;;;;;;;;;;;;;;
47b3b5ac-bc41-4841-970a-9315445be1a4;00.01.000;;Duripanel B1;;;'DIN EN 15804+A2';;;specific dataset;;;;;;;;;;;;;;;;;;;;;;;;;C3/2;;;;;;;;;;0;0;0;0;0;0;0;0;0;0;0;0;0;;;;;;0;0;0;0;0;;;0;0;0;;;;;0;0;0;0;0;;;;;;;;;;;;;;;;;;;
47b3b5ac-bc41-4841-970a-9315445be1a4;00.01.000;;Duripanel B1;;;'DIN EN 15804+A2';;;specific dataset;;;;;;;;;;;;;;;;;;;;;;;;;C4/1;;;;;;;;;;0;0;0;0;0;0;0;0;0;0;0;0;0;;;;;;0;0;0;0;0;;;0;0;0;;;;;0;0;0;0;0;;;;;;;;;;;;;;;;;;;
47b3b5ac-bc41-4841-970a-9315445be1a4;00.01.000;;Duripanel B1;;;'DIN EN 15804+A2';;;specific dataset;;;;;;;;;;;;;;;;;;;;;;;;;C4/2;;;;;;;;;;;;;9.31;0;9.31;0;0;0;0.00161;0.0000000716;21.2;0.000109;;;;;;0.00386;8.9;7.74;1.15;0.00105;;;0.00231;0.000167;0.0126;;;;;;0.00581;9.31;0.0000000502;0.0525;;;;;;;;;;;;;;;;;;;
47b3b5ac-bc41-4841-970a-9315445be1a4;00.01.000;;Duripanel B1;;;'DIN EN 15804+A2';;;specific dataset;;;;;;;;;;;;;;;;;;;;;;;;;D/2;;;;;;;;;;-3.29;0;-3.29;-16.4;0;-16.4;0;0;0;-0.00407;-0.00000000829;-0.00958;-0.00114;;;;;;;-1.07;;-1.06;;;;;;;;;;;;;-16.4;;;;;;;;;;;;;;;;;;;;;
47b3b5ac-bc41-4841-970a-9315445be1a4;00.01.000;;Duripanel B1;;;'DIN EN 15804+A2';;;specific dataset;;;;;;;;;;;;;;;;;;;;;;;;;D/1;;;;;;;;;;-1.71;0;-1.71;-103;0;-103;0;0;0;-0.00215;-0.0000000607;-0.0271;-0.000499;;;;;;;;;;;;;;;;;;;;;;-103;;;;;;;;;;;;;;;;;;;;;
bc55e89a-8d5c-44e8-a2c3-586fd4749a1f;00.01.000;;BKP-EN;;;'EN 15804+A2';;DE;specific dataset;2021;2026;;;2021-12-09;EPD-SCA-20210175-IBA1-DE;Institut Bauen und Umwelt e.V. (IBU);;;;1;pcs.;;1 Stk. Brandschutzklappe BKP-EN;;;;;;;;;;;A1-A3;;;;;;;;;;51.3;1.75;53;260;3.89;264;1.5;0;0;0.0709;0.000013;0.445;0.00899;;;;;;0.0604;24.5;-0.149;24.7;0.0227;;;0.0134;0.000127;0.146;;;;;0.000000000851;0.0414;262;0.000697;-0.107;;;;;;;;;;;;;;;;;;;
bc55e89a-8d5c-44e8-a2c3-586fd4749a1f;00.01.000;;BKP-EN;;;'EN 15804+A2';;DE;specific dataset;2021;2026;;;2021-12-09;EPD-SCA-20210175-IBA1-DE;Institut Bauen und Umwelt e.V. (IBU);;;;1;pcs.;;1 Stk. Brandschutzklappe BKP-EN;;;;;;;;;;;A4;;;;;;;;;;0.149;0;0.149;2.6;0;2.6;0;0;0;0.000174;0.00000012;0.000413;0.00000479;;;;;;0.000224;0.195;0;0.194;0.00157;;;0.0000688;0.000000591;0.000817;;;;;0.0000000000000000357;0.000186;2.6;0.0000000157;0.00189;;;;;;;;;;;;;;;;;;;
bc55e89a-8d5c-44e8-a2c3-586fd4749a1f;00.01.000;;BKP-EN;;;'EN 15804+A2';;DE;specific dataset;2021;2026;;;2021-12-09;EPD-SCA-20210175-IBA1-DE;Institut Bauen und Umwelt e.V. (IBU);;;;1;pcs.;;1 Stk. Brandschutzklappe BKP-EN;;;;;;;;;;;A5;;;;;;;;;;;;;0.134;0;0.134;0;0;0;0.000492;0.00000000313;0.00522;0.0000041;;;;;;0.0000529;0.208;0.198;0.00997;0.000048;;;0.0000189;0.0000000232;0.000234;;;;;0.0000000000000000445;0.0000501;0.134;0.00000000111;0.0206;;;;;;;;;;;;;;;;;;;
bc55e89a-8d5c-44e8-a2c3-586fd4749a1f;00.01.000;;BKP-EN;;;'EN 15804+A2';;DE;specific dataset;2021;2026;;;2021-12-09;EPD-SCA-20210175-IBA1-DE;Institut Bauen und Umwelt e.V. (IBU);;;;1;pcs.;;1 Stk. Brandschutzklappe BKP-EN;;;;;;;;;;;C1;;;;;;;;;;0.00778;0;0.00778;0.0759;0;0.0759;0;0;0;0.00000887;0.00000000312;0.0000167;0.00000141;;;;;;0.00000646;0.00555;0.000058;0.00545;0.0000419;;;0.000002;0.0000000163;0.0000234;;;;;0.0000000000000000124;0.0000054;0.0757;0.000000000588;0.000123;;;;;;;;;;;;;;;;;;;
bc55e89a-8d5c-44e8-a2c3-586fd4749a1f;00.01.000;;BKP-EN;;;'EN 15804+A2';;DE;specific dataset;2021;2026;;;2021-12-09;EPD-SCA-20210175-IBA1-DE;Institut Bauen und Umwelt e.V. (IBU);;;;1;pcs.;;1 Stk. Brandschutzklappe BKP-EN;;;;;;;;;;;C2;;;;;;;;;;0.00972;0;0.00972;0.169;0;0.169;0;0;0;0.0000113;0.00000000782;0.0000268;0.000000311;;;;;;0.0000146;0.0127;0;0.0126;0.000102;;;0.00000447;0.0000000384;0.0000532;;;;;0.00000000000000000232;0.0000121;0.169;0.00000000102;0.000123;;;;;;;;;;;;;;;;;;;
bc55e89a-8d5c-44e8-a2c3-586fd4749a1f;00.01.000;;BKP-EN;;;'EN 15804+A2';;DE;specific dataset;2021;2026;;;2021-12-09;EPD-SCA-20210175-IBA1-DE;Institut Bauen und Umwelt e.V. (IBU);;;;1;pcs.;;1 Stk. Brandschutzklappe BKP-EN;;;;;;;;;;;C3;;;;;;;;;;0.194;0;0.194;;;;0;0;0;0.00104;0.0000000701;0.032;0.0000735;;;;;;0.000394;0.426;0.0000191;0.426;0.000908;;;0.00016;0.000000378;0.00184;;;;;0.000000000000000354;0.000458;1.92;0.0000000371;0.0389;;;;;;;;;;;;;;;;;;;
bc55e89a-8d5c-44e8-a2c3-586fd4749a1f;00.01.000;;BKP-EN;;;'EN 15804+A2';;DE;specific dataset;2021;2026;;;2021-12-09;EPD-SCA-20210175-IBA1-DE;Institut Bauen und Umwelt e.V. (IBU);;;;1;pcs.;;1 Stk. Brandschutzklappe BKP-EN;;;;;;;;;;;C4;;;;;;;;;;0.106;0;0.106;0.808;0;0.808;0;0;0;0.000204;0.0000000123;4.06;0.00000917;;;;;;0.000442;0.0619;0;0.0617;0.000177;;;0.000114;0.000000106;0.00125;;;;;0.000000000000000228;0.000344;0.808;0.00000000552;0.00645;;;;;;;;;;;;;;;;;;;
bc55e89a-8d5c-44e8-a2c3-586fd4749a1f;00.01.000;;BKP-EN;;;'EN 15804+A2';;DE;specific dataset;2021;2026;;;2021-12-09;EPD-SCA-20210175-IBA1-DE;Institut Bauen und Umwelt e.V. (IBU);;;;1;pcs.;;1 Stk. Brandschutzklappe BKP-EN;;;;;;;;;;;D;;;;;;;;;;5.45;0;5.45;-68.2;0;-68.2;6.1;0;0;-0.0335;0.0000000172;0.786;-0.000198;;;;;;-0.0137;-7.68;-0.0052;-7.68;0.000964;;;-0.00207;-0.00000177;-0.0202;;;;;-0.0000000000000142;-0.0105;-68.1;-0.0000165;-1.49;;;;;;;;;;;;;;;;;;;
6b1fcb01-0e74-4d74-af8a-156df66be706;00.01.000;;CEM I 42,5 N (st);;;'EN 15804+A2';;DE;specific dataset;2024;2029;;;2024-11-22;EPD-CEM-20240505-CAA1-DE;Institut Bauen und Umwelt e.V. (IBU);;;;1000;kg;;1000 kg;;;;;;;;;;;A1-A3;;;;;;;;;;27.5;0;27.5;2140;0;2140;96.3;1160;830;0.963;0.0727;1.15;;0;0;0;0;0;2.05;657;0.0318;657;0.0348;50.7;0.0000206;0.00393;0.0591;3.14;0.000000801;0.0000121;13.7;501;0.0000115;0.911;2140;0.000103;38.9;;;;;;;;;;;;;;;;;;;
5d9bb315-f597-4b4d-b425-11a5b7bd842a;00.01.000;;Concrete C40/50, Type number 988429091;;;'EN 15804+A2';;DE;specific dataset;2023;2028;;;2023-12-04;EPD-SPE-20230529-IBA2-DE;Institut Bauen und Umwelt e.V. (IBU);;;;1;m3;;1 m3;;;;;;;;;;;A1-A3;;;;;;;;;;132.8;0.36;133.1;1190;17.7;1210;0;62;151;0.8;0.000336;42.1;0.72;0;0;0;0;0;0.38;162.5;0.55;161.8;0.16;;;0.109;0.016;1.3;;;;;0.00000259;0.32;1210;0.0000308;27.7;;;;;;;;;;;;;;;;;;;
5d9bb315-f597-4b4d-b425-11a5b7bd842a;00.01.000;;Concrete C40/50, Type number 988429091;;;'EN 15804+A2';;DE;specific dataset;2023;2028;;;2023-12-04;EPD-SPE-20230529-IBA2-DE;Institut Bauen und Umwelt e.V. (IBU);;;;1;m3;;1 m3;;;;;;;;;;;C1;;;;;;;;;;2.76;0;2.76;41.9;0;41.9;0;0;0;0.04;0.000000000183;0.00682;0.0000527;0;0;0;0;0;0.0156;3.32;0.0115;3.3;0.0122;;0.000000178;0.0742;0.0000063;0.082;;;0.00535;;0.000000000000647;0.0208;41.9;0.000000317;0.0153;;;;;;;;;;;;;;;;;;;
5d9bb315-f597-4b4d-b425-11a5b7bd842a;00.01.000;;Concrete C40/50, Type number 988429091;;;'EN 15804+A2';;DE;specific dataset;2023;2028;;;2023-12-04;EPD-SPE-20230529-IBA2-DE;Institut Bauen und Umwelt e.V. (IBU);;;;1;m3;;1 m3;;;;;;;;;;;C2;;;;;;;;;;8.9;0;8.9;135;0;135;0;0;0;0.14;0.000000000591;0.022;0.00017;0;0;0;0;0;0.0357;10.3;0.0371;10.3;0.0393;;0.000000213;0.0169;0.0000203;0.188;;;0.0173;;0.00000000000209;0.0355;135;0.00000102;0.0438;;;;;;;;;;;;;;;;;;;
5d9bb315-f597-4b4d-b425-11a5b7bd842a;00.01.000;;Concrete C40/50, Type number 988429091;;;'EN 15804+A2';;DE;specific dataset;2023;2028;;;2023-12-04;EPD-SPE-20230529-IBA2-DE;Institut Bauen und Umwelt e.V. (IBU);;;;1;m3;;1 m3;;;;;;;;;;;C3;;;;;;;;;;3.64;0;3.64;87.1;0;87.1;0;0;0;0.04;0.00000000328;0.0199;0.00199;0;2360;0;0;0;0.0173;6.3;0.0118;6.28;0.0107;;0.000000179;0.00765;0.0000057;0.0843;;;0.303;;0.00000000000831;0.0213;87;0.000000439;0.0319;;;;;;;;;;;;;;;;;;;
5d9bb315-f597-4b4d-b425-11a5b7bd842a;00.01.000;;Concrete C40/50, Type number 988429091;;;'EN 15804+A2';;DE;specific dataset;2023;2028;;;2023-12-04;EPD-SPE-20230529-IBA2-DE;Institut Bauen und Umwelt e.V. (IBU);;;;1;m3;;1 m3;;;;;;;;;;;C4;;;;;;;;;;;;;;;;;;;;;;;0;0;;;;;;;;;;;;;;;;;;;;;;;;;;;;;;;;;;;;;;;;;
5d9bb315-f597-4b4d-b425-11a5b7bd842a;00.01.000;;Concrete C40/50, Type number 988429091;;;'EN 15804+A2';;DE;specific dataset;2023;2028;;;2023-12-04;EPD-SPE-20230529-IBA2-DE;Institut Bauen und Umwelt e.V. (IBU);;;;1;m3;;1 m3;;;;;;;;;;;D;;;;;;;;;;-73;0;-73;-157;0;-157;2360;0;0;-1.49;-0.00000000996;-23.1;-0.00775;0;0;0;0;0;-0.029;-12.1;-0.106;-12;-0.0202;;-0.00000129;-0.0111;-0.0000402;-0.125;;;-0.774;;-0.00000000015;-0.0269;-156;-0.00000367;-2.94;;;;;;;;;;;;;;;;;;;
adcd82ef-e92c-4479-9630-46eb7a19d69b;00.01.000;;ADAGIO dB+ and ADAGIO Acoustic+ Vector (24 mm);;;'EN 15804+A2';;DE;specific dataset;2024;2029;;;26/11/2024;EPD-KNA-20240276-IBA1-EN;Institut Bauen und Umwelt e.V. (IBU);;;;1;qm;;1 m² ADAGIO dB+ and ADAGIO Acoustic+ (Vector) mineral ceiling tiles with a surface weight of 8.66 kg/m²;;;;;;;;;;;A1-A3;;;;;;;;;;0.928;16;17;95.7;0;95.7;0.957;0;0;2.6;0.0000193;0.998;0.00242;;;;;;0.0295;4.93;-1.4;6.32;0.00354;;;0.00615;0.000166;0.0951;;;;;0.000000000546;0.0111;95.7;0.00000111;3.29;;;;;;;;;;;;;;;;;;;
adcd82ef-e92c-4479-9630-46eb7a19d69b;00.01.000;;ADAGIO dB+ and ADAGIO Acoustic+ Vector (24 mm);;;'EN 15804+A2';;DE;specific dataset;2024;2029;;;26/11/2024;EPD-KNA-20240276-IBA1-EN;Institut Bauen und Umwelt e.V. (IBU);;;;1;qm;;1 m² ADAGIO dB+ and ADAGIO Acoustic+ (Vector) mineral ceiling tiles with a surface weight of 8.66 kg/m²;;;;;;;;;;;C1;;;;;;;;;;0;0;0;0;0;0;0;0;0;0;0;0;0;;;;;;0;0;0;0;0;;;0;0;0;;;;;0;0;0;0;0;;;;;;;;;;;;;;;;;;;
adcd82ef-e92c-4479-9630-46eb7a19d69b;00.01.000;;ADAGIO dB+ and ADAGIO Acoustic+ Vector (24 mm);;;'EN 15804+A2';;DE;specific dataset;2024;2029;;;26/11/2024;EPD-KNA-20240276-IBA1-EN;Institut Bauen und Umwelt e.V. (IBU);;;;1;qm;;1 m² ADAGIO dB+ and ADAGIO Acoustic+ (Vector) mineral ceiling tiles with a surface weight of 8.66 kg/m²;;;;;;;;;;;C2;;;;;;;;;;0.0313;0;0.0313;0.432;0;0.432;0;0;0;0.0000343;0.00000000000134;0.0000658;0.000000808;;;;;;0.000112;0.0316;0.0000714;0.0312;0.000292;;;0.0000513;0.000000115;0.000576;;;;;0.00000000000000411;0.000101;0.43;0.00000000209;0.000381;;;;;;;;;;;;;;;;;;;
adcd82ef-e92c-4479-9630-46eb7a19d69b;00.01.000;;ADAGIO dB+ and ADAGIO Acoustic+ Vector (24 mm);;;'EN 15804+A2';;DE;specific dataset;2024;2029;;;26/11/2024;EPD-KNA-20240276-IBA1-EN;Institut Bauen und Umwelt e.V. (IBU);;;;1;qm;;1 m² ADAGIO dB+ and ADAGIO Acoustic+ (Vector) mineral ceiling tiles with a surface weight of 8.66 kg/m²;;;;;;;;;;;C3;;;;;;;;;;0;0;0;0;0;0;0;0;0;0;0;0;0;;;;;;0;0;0;0;0;;;0;0;0;;;;;0;0;0;0;0;;;;;;;;;;;;;;;;;;;
adcd82ef-e92c-4479-9630-46eb7a19d69b;00.01.000;;ADAGIO dB+ and ADAGIO Acoustic+ Vector (24 mm);;;'EN 15804+A2';;DE;specific dataset;2024;2029;;;26/11/2024;EPD-KNA-20240276-IBA1-EN;Institut Bauen und Umwelt e.V. (IBU);;;;1;qm;;1 m² ADAGIO dB+ and ADAGIO Acoustic+ (Vector) mineral ceiling tiles with a surface weight of 8.66 kg/m²;;;;;;;;;;;C4;;;;;;;;;;0.282;0;0.282;1.73;0;1.73;0;0;0;0.000438;0.0000000000378;8.67;0.0000197;;;;;;0.000923;1.17;1.04;0.128;0.000404;;;0.000239;0.000000262;0.00262;;;;;0.000000000000331;0.00072;1.73;0.00000000601;0.0143;;;;;;;;;;;;;;;;;;;
adcd82ef-e92c-4479-9630-46eb7a19d69b;00.01.000;;ADAGIO dB+ and ADAGIO Acoustic+ Vector (24 mm);;;'EN 15804+A2';;DE;specific dataset;2024;2029;;;26/11/2024;EPD-KNA-20240276-IBA1-EN;Institut Bauen und Umwelt e.V. (IBU);;;;1;qm;;1 m² ADAGIO dB+ and ADAGIO Acoustic+ (Vector) mineral ceiling tiles with a surface weight of 8.66 kg/m²;;;;;;;;;;;D;;;;;;;;;;0;0;0;0;0;0;0;0;0;0;0;0;0;;;;;;0;0;0;0;0;;;0;0;0;;;;;0;0;0;0;0;;;;;;;;;;;;;;;;;;;
1e2ee040-9c8f-477e-9757-0576b0847e86;00.01.000;;ALWI-S Profile System;;;'EN 15804+A2';;DE;specific dataset;2022;2027;;;2022-05-24;EPD-SYS-20220089-CBA1-DE;Institut Bauen und Umwelt e.V. (IBU);;;;1;qm;;1 m² ALWI-S mit einem Flächengewicht von 1.85 kg/m²;;;;;;;;;;;A1-A3;;;;;;;;;;34.3;0;34.3;104;0.62;104;1.18;0;0;0.0748;0.0000000506;1.55;0.00459;0;0;0;0;0;0.0397;7.97;0.00914;7.96;0.00631;36.6;0.000000542;0.00514;0.0000105;0.056;0.00000128;0.000000112;0.787;15.2;0.00000000000545;0.0167;104;0.000124;1.07;;;;;;;;;;;;;;;;;;;
1e2ee040-9c8f-477e-9757-0576b0847e86;00.01.000;;ALWI-S Profile System;;;'EN 15804+A2';;DE;specific dataset;2022;2027;;;2022-05-24;EPD-SYS-20220089-CBA1-DE;Institut Bauen und Umwelt e.V. (IBU);;;;1;qm;;1 m² ALWI-S mit einem Flächengewicht von 1.85 kg/m²;;;;;;;;;;;A4;;;;;;;;;;0.0377;0;0.0377;0.677;0;0.677;0;0;0;0.0000432;0.0000000000341;0.000101;0.000000819;0;0;0;0;0;0.0000481;0.0513;0.000148;0.0507;0.000416;0.489;0.000000000293;0.0000148;0.000000151;0.000178;0.00000000000986;0.000000000509;0.000117;0.232;0.00000000000000000649;0.0000414;0.676;0.00000000387;0.000441;;;;;;;;;;;;;;;;;;;
1e2ee040-9c8f-477e-9757-0576b0847e86;00.01.000;;ALWI-S Profile System;;;'EN 15804+A2';;DE;specific dataset;2022;2027;;;2022-05-24;EPD-SYS-20220089-CBA1-DE;Institut Bauen und Umwelt e.V. (IBU);;;;1;qm;;1 m² ALWI-S mit einem Flächengewicht von 1.85 kg/m²;;;;;;;;;;;A5;;;;;;;;;;0;0;0;0;0;0;0;0;0;0;0;0;0;0;0;0;0;0;0;0;0;0;0;0;0;0;0;0;0;0;0;0;0;0;0;0;0;;;;;;;;;;;;;;;;;;;
1e2ee040-9c8f-477e-9757-0576b0847e86;00.01.000;;ALWI-S Profile System;;;'EN 15804+A2';;DE;specific dataset;2022;2027;;;2022-05-24;EPD-SYS-20220089-CBA1-DE;Institut Bauen und Umwelt e.V. (IBU);;;;1;qm;;1 m² ALWI-S mit einem Flächengewicht von 1.85 kg/m²;;;;;;;;;;;C1;;;;;;;;;;0;0;0;0;0;0;0;0;0;0;0;0;0;0;0;0;0;0;0;0;0;0;0;0;0;0;0;0;0;0;0;0;0;0;0;0;0;;;;;;;;;;;;;;;;;;;
1e2ee040-9c8f-477e-9757-0576b0847e86;00.01.000;;ALWI-S Profile System;;;'EN 15804+A2';;DE;specific dataset;2022;2027;;;2022-05-24;EPD-SYS-20220089-CBA1-DE;Institut Bauen und Umwelt e.V. (IBU);;;;1;qm;;1 m² ALWI-S mit einem Flächengewicht von 1.85 kg/m²;;;;;;;;;;;C2;;;;;;;;;;0.00413;0;0.00413;0.0741;0;0.0741;0;0;0;0.00000473;0.00000000000373;0.000011;0.0000000896;0;0;0;0;0;0.00000526;0.00561;0.0000162;0.00555;0.0000455;0.0535;0.0000000000321;0.00000162;0.0000000165;0.0000195;0.00000000000108;0.0000000000557;0.0000128;0.0254;0.00000000000000000071;0.00000453;0.074;0.000000000423;0.0000483;;;;;;;;;;;;;;;;;;;
1e2ee040-9c8f-477e-9757-0576b0847e86;00.01.000;;ALWI-S Profile System;;;'EN 15804+A2';;DE;specific dataset;2022;2027;;;2022-05-24;EPD-SYS-20220089-CBA1-DE;Institut Bauen und Umwelt e.V. (IBU);;;;1;qm;;1 m² ALWI-S mit einem Flächengewicht von 1.85 kg/m²;;;;;;;;;;;C3;;;;;;;;;;0.0332;0;0.0332;0.769;-0.62;0.149;0;0;0;0.000162;0.0000000000266;0.0493;0.00000438;0;1.81;0;0.081;0.148;0.0000218;0.0803;0.0000162;0.0803;0.000018;0.122;0.000000000553;0.00000727;0.0000000198;0.0000897;0.00000000000489;0.000000000519;0.000455;0.0327;0.000000000000000129;0.0000211;0.149;0.00000000184;0.0062;;;;;;;;;;;;;;;;;;;
1e2ee040-9c8f-477e-9757-0576b0847e86;00.01.000;;ALWI-S Profile System;;;'EN 15804+A2';;DE;specific dataset;2022;2027;;;2022-05-24;EPD-SYS-20220089-CBA1-DE;Institut Bauen und Umwelt e.V. (IBU);;;;1;qm;;1 m² ALWI-S mit einem Flächengewicht von 1.85 kg/m²;;;;;;;;;;;C4;;;;;;;;;;0;0;0;0;0;0;0;0;0;0;0;0;0;0;0;0;0;0;0;0;0;0;0;0;0;0;0;0;0;0;0;0;0;0;0;0;0;;;;;;;;;;;;;;;;;;;
1e2ee040-9c8f-477e-9757-0576b0847e86;00.01.000;;ALWI-S Profile System;;;'EN 15804+A2';;DE;specific dataset;2022;2027;;;2022-05-24;EPD-SYS-20220089-CBA1-DE;Institut Bauen und Umwelt e.V. (IBU);;;;1;qm;;1 m² ALWI-S mit einem Flächengewicht von 1.85 kg/m²;;;;;;;;;;;D;;;;;;;;;;-22.6;0;-22.6;-56.1;0;-56.1;0.616;0;0;-0.0683;-0.00000000397;-1.12;-0.00263;0;0;0;0;0;-0.0221;-4.54;-0.00314;-4.53;-0.00333;-22.5;-0.00000028;-0.00294;-0.00000225;-0.032;-0.00000000422;-0.0000000477;-0.546;-3.2;0.000000000000812;-0.00904;-56.1;-0.0000343;-0.97;;;;;;;;;;;;;;;;;;;
70323738-c18e-4b4c-a5ca-d24cbabf034a;00.01.000;;'LinCrete' Glass-Fibre Reinforced Concrete - GFRC-Platten;;;'EN 15804+A2';;;specific dataset;2025;2030;;;2025-06-06;EPD-LIN-20250235-CBA1-EN;Institut Bauen und Umwelt e.V. (IBU);;;;1;t;;1 tonne of 'LinCrete' Glass-Fibre Reinforced Concrete;;;;;;;;;;;A1-A3;;;;;;;;;;1720;1230;2940;6630;2800;9430;0.597;0;0;2.57;0.111;242;0.221;0;0.42;0;41.9;94.5;1.8;847;-86.4;934;0.218;3910;0.0000297;0.433;0.00222;4.64;0.00000016;0.00000735;20.8;26200;0.0000000208;1.25;9420;0.000646;81.8;;;;;;;;;;;;;;;;;;;
70323738-c18e-4b4c-a5ca-d24cbabf034a;00.01.000;;'LinCrete' Glass-Fibre Reinforced Concrete - GFRC-Platten;;;'EN 15804+A2';;;specific dataset;2025;2030;;;2025-06-06;EPD-LIN-20250235-CBA1-EN;Institut Bauen und Umwelt e.V. (IBU);;;;1;t;;1 tonne of 'LinCrete' Glass-Fibre Reinforced Concrete;;;;;;;;;;;A4;;;;;;;;;;3.83;0;3.83;59.3;0;59.3;0;0;0;0.00349;0.000000000159;0.00865;0.000062;0;0;0;0;0;0.0047;4.35;-0.0197;4.34;0.0261;44.6;0.0000000325;0.00162;0.0000102;0.0197;0.00000000088;0.0000000363;0.00639;21.1;0.000000000000765;0.00402;59.3;0.000000311;0.0227;;;;;;;;;;;;;;;;;;;
70323738-c18e-4b4c-a5ca-d24cbabf034a;00.01.000;;'LinCrete' Glass-Fibre Reinforced Concrete - GFRC-Platten;;;'EN 15804+A2';;;specific dataset;2025;2030;;;2025-06-06;EPD-LIN-20250235-CBA1-EN;Institut Bauen und Umwelt e.V. (IBU);;;;1;t;;1 tonne of 'LinCrete' Glass-Fibre Reinforced Concrete;;;;;;;;;;;A5;;;;;;;;;;;;;758;-739;19.2;0;0;0;0.132;0.000000000185;0.7;0.000376;61;4.26;0;97.5;223;0.0126;139;87.2;51.4;0.00365;10.1;0.0000000804;0.00318;0.00000338;0.0583;0.000000000587;0.0000000177;0.0418;6.35;0.00000000000688;0.00835;19.2;0.0000000914;5.6;;;;;;;;;;;;;;;;;;;
70323738-c18e-4b4c-a5ca-d24cbabf034a;00.01.000;;'LinCrete' Glass-Fibre Reinforced Concrete - GFRC-Platten;;;'EN 15804+A2';;;specific dataset;2025;2030;;;2025-06-06;EPD-LIN-20250235-CBA1-EN;Institut Bauen und Umwelt e.V. (IBU);;;;1;t;;1 tonne of 'LinCrete' Glass-Fibre Reinforced Concrete;;;;;;;;;;;C1;;;;;;;;;;0;0;0;0;0;0;0;0;0;0;0;0;0;0;0;0;0;0;0;0;0;0;0;0;0;0;0;0;0;0;0;0;0;0;0;0;0;;;;;;;;;;;;;;;;;;;
70323738-c18e-4b4c-a5ca-d24cbabf034a;00.01.000;;'LinCrete' Glass-Fibre Reinforced Concrete - GFRC-Platten;;;'EN 15804+A2';;;specific dataset;2025;2030;;;2025-06-06;EPD-LIN-20250235-CBA1-EN;Institut Bauen und Umwelt e.V. (IBU);;;;1;t;;1 tonne of 'LinCrete' Glass-Fibre Reinforced Concrete;;;;;;;;;;;C2;;;;;;;;;;3.47;0;3.47;53.7;0;53.7;0;0;0;0.00316;0.000000000144;0.00783;0.0000562;0;0;0;0;0;0.00426;3.94;-0.0178;3.93;0.0237;40.4;0.0000000294;0.00147;0.00000923;0.0178;0.000000000797;0.0000000329;0.00579;19.1;0.000000000000693;0.00364;53.7;0.000000282;0.0206;;;;;;;;;;;;;;;;;;;
70323738-c18e-4b4c-a5ca-d24cbabf034a;00.01.000;;'LinCrete' Glass-Fibre Reinforced Concrete - GFRC-Platten;;;'EN 15804+A2';;;specific dataset;2025;2030;;;2025-06-06;EPD-LIN-20250235-CBA1-EN;Institut Bauen und Umwelt e.V. (IBU);;;;1;t;;1 tonne of 'LinCrete' Glass-Fibre Reinforced Concrete;;;;;;;;;;;C3;;;;;;;;;;0;0;0;0;0;0;0;0;0;0;0;0;0;0;0;0;0;0;0;0;0;0;0;0;0;0;0;0;0;0;0;0;0;0;0;0;0;;;;;;;;;;;;;;;;;;;
70323738-c18e-4b4c-a5ca-d24cbabf034a;00.01.000;;'LinCrete' Glass-Fibre Reinforced Concrete - GFRC-Platten;;;'EN 15804+A2';;;specific dataset;2025;2030;;;2025-06-06;EPD-LIN-20250235-CBA1-EN;Institut Bauen und Umwelt e.V. (IBU);;;;1;t;;1 tonne of 'LinCrete' Glass-Fibre Reinforced Concrete;;;;;;;;;;;C4;;;;;;;;;;32.6;0;32.6;2260;-2060;200;0;0;0;0.0505;0.00000000436;1000;0.00228;0;0;0;0;0;0.107;14.3;-0.51;14.8;0.0467;108;0.00000131;0.0275;0.0000303;0.303;0.0000000168;0.00000177;0.264;48.6;0.0000000000382;0.0831;200;0.000000694;1.65;;;;;;;;;;;;;;;;;;;
70323738-c18e-4b4c-a5ca-d24cbabf034a;00.01.000;;'LinCrete' Glass-Fibre Reinforced Concrete - GFRC-Platten;;;'EN 15804+A2';;;specific dataset;2025;2030;;;2025-06-06;EPD-LIN-20250235-CBA1-EN;Institut Bauen und Umwelt e.V. (IBU);;;;1;t;;1 tonne of 'LinCrete' Glass-Fibre Reinforced Concrete;;;;;;;;;;;D;;;;;;;;;;-927;0;-927;-646;0;-646;0;0;0;-0.124;-0.0000000253;-0.391;-0.0362;0;0;0;0;0;-0.0825;25.1;66.9;-41.8;-0.0313;-130;-0.00000939;-0.0292;-0.0000706;-0.318;-0.0000000204;-0.000000177;-5.81;-10000;-0.000000000244;-0.0863;-645;-0.00000266;-2.44;;;;;;;;;;;;;;;;;;;
ddcd910b-fb25-4016-8ed9-dd53a59c3129;00.01.000;;ADAGIO Alpha+ (20 mm);;;'EN 15804+A2';;DE;specific dataset;2024;2029;;;2024-11-26;EPD-KNA-20240277-IBA1-EN;Institut Bauen und Umwelt e.V. (IBU);;;;1;qm;;1 m² ADAGIO Alpha+ mineral ceiling tiles with a surface weight of 3.46 kg/m²;;;;;;;;;;;A1-A3;;;;;;;;;;2.69;7.91;10.6;79.5;0;79.5;1.15;0;0;2.59;0.00000373;0.825;0.0019;0;0;0;0;0;0.0203;4.49;-0.69;5.18;0.00192;13.7;0.00000018;0.00399;0.0000839;0.064;0.00000000311;0.0000000653;0.221;59.8;0.0000000000379;0.00834;79.5;0.000000724;3.19;;;;;;;;;;;;;;;;;;;
ddcd910b-fb25-4016-8ed9-dd53a59c3129;00.01.000;;ADAGIO Alpha+ (20 mm);;;'EN 15804+A2';;DE;specific dataset;2024;2029;;;2024-11-26;EPD-KNA-20240277-IBA1-EN;Institut Bauen und Umwelt e.V. (IBU);;;;1;qm;;1 m² ADAGIO Alpha+ mineral ceiling tiles with a surface weight of 3.46 kg/m²;;;;;;;;;;;C1;;;;;;;;;;0;0;0;0;0;0;0;0;0;0;0;0;0;0;0;0;0;0;0;0;0;0;0;0;0;0;0;0;0;0;0;0;0;0;0;0;0;;;;;;;;;;;;;;;;;;;
ddcd910b-fb25-4016-8ed9-dd53a59c3129;00.01.000;;ADAGIO Alpha+ (20 mm);;;'EN 15804+A2';;DE;specific dataset;2024;2029;;;2024-11-26;EPD-KNA-20240277-IBA1-EN;Institut Bauen und Umwelt e.V. (IBU);;;;1;qm;;1 m² ADAGIO Alpha+ mineral ceiling tiles with a surface weight of 3.46 kg/m²;;;;;;;;;;;C2;;;;;;;;;;0.0125;0;0.0125;0.172;0;0.172;0;0;0;0.0000137;0.000000000000534;0.0000263;0.000000323;0;0;0;0;0;0.0000447;0.0126;0.0000285;0.0125;0.000117;0.123;0.000000000268;0.0000205;0.0000000461;0.00023;0.0000000000025;0.000000000111;0.0000481;0.0718;0.00000000000000164;0.0000405;0.172;0.000000000836;0.000152;;;;;;;;;;;;;;;;;;;
ddcd910b-fb25-4016-8ed9-dd53a59c3129;00.01.000;;ADAGIO Alpha+ (20 mm);;;'EN 15804+A2';;DE;specific dataset;2024;2029;;;2024-11-26;EPD-KNA-20240277-IBA1-EN;Institut Bauen und Umwelt e.V. (IBU);;;;1;qm;;1 m² ADAGIO Alpha+ mineral ceiling tiles with a surface weight of 3.46 kg/m²;;;;;;;;;;;C3;;;;;;;;;;0;0;0;0;0;0;0;0;0;0;0;0;0;0;0;0;0;0;0;0;0;0;0;0;0;0;0;0;0;0;0;0;0;0;0;0;0;;;;;;;;;;;;;;;;;;;
ddcd910b-fb25-4016-8ed9-dd53a59c3129;00.01.000;;ADAGIO Alpha+ (20 mm);;;'EN 15804+A2';;DE;specific dataset;2024;2029;;;2024-11-26;EPD-KNA-20240277-IBA1-EN;Institut Bauen und Umwelt e.V. (IBU);;;;1;qm;;1 m² ADAGIO Alpha+ mineral ceiling tiles with a surface weight of 3.46 kg/m²;;;;;;;;;;;C4;;;;;;;;;;0.113;0;0.113;0.693;0;0.693;0;0;0;0.000175;0.0000000000151;3.47;0.00000789;0;0;0;0;0;0.000369;0.462;0.411;0.0513;0.000162;0.375;0.00000000454;0.0000953;0.000000105;0.00105;0.0000000000582;0.00000000614;0.00091;0.168;0.000000000000132;0.000288;0.692;0.0000000024;0.00571;;;;;;;;;;;;;;;;;;;
ddcd910b-fb25-4016-8ed9-dd53a59c3129;00.01.000;;ADAGIO Alpha+ (20 mm);;;'EN 15804+A2';;DE;specific dataset;2024;2029;;;2024-11-26;EPD-KNA-20240277-IBA1-EN;Institut Bauen und Umwelt e.V. (IBU);;;;1;qm;;1 m² ADAGIO Alpha+ mineral ceiling tiles with a surface weight of 3.46 kg/m²;;;;;;;;;;;D;;;;;;;;;;0;0;0;0;0;0;0;0;0;0;0;0;0;0;0;0;0;0;0;0;0;0;0;0;0;0;0;0;0;0;0;0;0;0;0;0;0;;;;;;;;;;;;;;;;;;;
dd5ec5b5-027a-4254-81d5-c0a5394d0618;00.01.000;;AQUAPANEL® Cement Board Indoor- Plant Iserlohn - Cement board;;;'EN 15804+A2';;DE;specific dataset;2024;2029;;;2024-10-15;EPD-KNQ-20240284-IBB1-EN;Institut Bauen und Umwelt e.V. (IBU);;;;1;qm;;1 m² AQUAPANEL® Cement Board Indoor with a thickness of 12,5 mm;;;;;;;;;;;A1;;;;;;;;;;5.71;0;5.71;27.1;0;27.1;0;0;0;0.00712;0.000000137;0.0613;0.000619;;;;;;0.00497;4.33;0.0126;4.31;0.000796;;;0.00136;0.00000323;0.0148;;;;;0.0000000000111;0.00437;27;0.000000138;0.0989;;;;;;;;;;;;;;;;;;;
dd5ec5b5-027a-4254-81d5-c0a5394d0618;00.01.000;;AQUAPANEL® Cement Board Indoor- Plant Iserlohn - Cement board;;;'EN 15804+A2';;DE;specific dataset;2024;2029;;;2024-10-15;EPD-KNQ-20240284-IBB1-EN;Institut Bauen und Umwelt e.V. (IBU);;;;1;qm;;1 m² AQUAPANEL® Cement Board Indoor with a thickness of 12,5 mm;;;;;;;;;;;A2;;;;;;;;;;0.0553;0;0.0553;1.61;0;1.61;0;0;0;0.0000508;0.00000000000395;0.000192;0.000002;;;;;;0.00174;0.125;-0.00019;0.125;0.00034;;;0.000765;0.000000149;0.0084;;;;;0.0000000000000187;0.00193;1.61;0.00000000473;0.000412;;;;;;;;;;;;;;;;;;;
dd5ec5b5-027a-4254-81d5-c0a5394d0618;00.01.000;;AQUAPANEL® Cement Board Indoor- Plant Iserlohn - Cement board;;;'EN 15804+A2';;DE;specific dataset;2024;2029;;;2024-10-15;EPD-KNQ-20240284-IBB1-EN;Institut Bauen und Umwelt e.V. (IBU);;;;1;qm;;1 m² AQUAPANEL® Cement Board Indoor with a thickness of 12,5 mm;;;;;;;;;;;A3;;;;;;;;;;3.72;0;3.72;3.85;0;3.85;0;0;0;0.00128;-0.000000000722;0.232;0.000373;;;;;;0.000441;0.278;0.00347;0.274;0.0000525;;;0.000141;0.00000156;0.00146;;;;;0.00000000000837;0.000344;3.85;0.0000000496;0.00834;;;;;;;;;;;;;;;;;;;
dd5ec5b5-027a-4254-81d5-c0a5394d0618;00.01.000;;AQUAPANEL® Cement Board Indoor- Plant Iserlohn - Cement board;;;'EN 15804+A2';;DE;specific dataset;2024;2029;;;2024-10-15;EPD-KNQ-20240284-IBB1-EN;Institut Bauen und Umwelt e.V. (IBU);;;;1;qm;;1 m² AQUAPANEL® Cement Board Indoor with a thickness of 12,5 mm;;;;;;;;;;;A1-A3;;;;;;;;;;;;;;;;;;;;;;;0;0;0;0;0;;;;;;15.32;;;;;;;0.107;7.17;;;;;;;;;;;;;;;;;;;;;;;;
dd5ec5b5-027a-4254-81d5-c0a5394d0618;00.01.000;;AQUAPANEL® Cement Board Indoor- Plant Iserlohn - Cement board;;;'EN 15804+A2';;DE;specific dataset;2024;2029;;;2024-10-15;EPD-KNQ-20240284-IBB1-EN;Institut Bauen und Umwelt e.V. (IBU);;;;1;qm;;1 m² AQUAPANEL® Cement Board Indoor with a thickness of 12,5 mm;;;;;;;;;;;A4;;;;;;;;;;0.541;0;0.541;7.45;0;7.45;0;0;0;0.000601;0.0000000000382;0.00115;0.0000145;0;0;0;0;0;0.00392;0.544;-0.00138;0.541;0.005;5.28;0.000000014;0.00194;0.00000198;0.0214;0.000000000107;0.00000000478;0.00213;3.07;0.0000000000000844;0.00371;7.42;0.0000000363;0.00678;;;;;;;;;;;;;;;;;;;
dd5ec5b5-027a-4254-81d5-c0a5394d0618;00.01.000;;AQUAPANEL® Cement Board Indoor- Plant Iserlohn - Cement board;;;'EN 15804+A2';;DE;specific dataset;2024;2029;;;2024-10-15;EPD-KNQ-20240284-IBB1-EN;Institut Bauen und Umwelt e.V. (IBU);;;;1;qm;;1 m² AQUAPANEL® Cement Board Indoor with a thickness of 12,5 mm;;;;;;;;;;;A5;;;;;;;;;;0.068;0;0.068;0.0696;0;0.0696;0;0;0;0.0000231;-0.0000000000132;0.0000653;0.00000682;0;0;0;0;0;0.00000762;0.00502;0.0000657;0.00496;0.000000766;0.0264;0.0000000000601;0.00000247;0.0000000285;0.0000255;0.00000000000136;0.0000000000197;0.00071;0.045;0.000000000000153;0.00000594;0.0696;0.000000000904;0.000146;;;;;;;;;;;;;;;;;;;
dd5ec5b5-027a-4254-81d5-c0a5394d0618;00.01.000;;AQUAPANEL® Cement Board Indoor- Plant Iserlohn - Cement board;;;'EN 15804+A2';;DE;specific dataset;2024;2029;;;2024-10-15;EPD-KNQ-20240284-IBB1-EN;Institut Bauen und Umwelt e.V. (IBU);;;;1;qm;;1 m² AQUAPANEL® Cement Board Indoor with a thickness of 12,5 mm;;;;;;;;;;;B1;;;;;;;;;;0;0;0;0;0;0;0;0;0;0;0;0;0;0;0;0;0;0;0;0;0;0;0;0;0;0;0;0;0;0;0;0;0;0;0;0;0;;;;;;;;;;;;;;;;;;;
dd5ec5b5-027a-4254-81d5-c0a5394d0618;00.01.000;;AQUAPANEL® Cement Board Indoor- Plant Iserlohn - Cement board;;;'EN 15804+A2';;DE;specific dataset;2024;2029;;;2024-10-15;EPD-KNQ-20240284-IBB1-EN;Institut Bauen und Umwelt e.V. (IBU);;;;1;qm;;1 m² AQUAPANEL® Cement Board Indoor with a thickness of 12,5 mm;;;;;;;;;;;B2;;;;;;;;;;0;0;0;0;0;0;0;0;0;0;0;0;0;0;0;0;0;0;0;0;0;0;0;0;0;0;0;0;0;0;0;0;0;0;0;0;0;;;;;;;;;;;;;;;;;;;
dd5ec5b5-027a-4254-81d5-c0a5394d0618;00.01.000;;AQUAPANEL® Cement Board Indoor- Plant Iserlohn - Cement board;;;'EN 15804+A2';;DE;specific dataset;2024;2029;;;2024-10-15;EPD-KNQ-20240284-IBB1-EN;Institut Bauen und Umwelt e.V. (IBU);;;;1;qm;;1 m² AQUAPANEL® Cement Board Indoor with a thickness of 12,5 mm;;;;;;;;;;;B6;;;;;;;;;;0;0;0;0;0;0;0;0;0;0;0;0;0;0;0;0;0;0;0;0;0;0;0;0;0;0;0;0;0;0;0;0;0;0;0;0;0;;;;;;;;;;;;;;;;;;;
dd5ec5b5-027a-4254-81d5-c0a5394d0618;00.01.000;;AQUAPANEL® Cement Board Indoor- Plant Iserlohn - Cement board;;;'EN 15804+A2';;DE;specific dataset;2024;2029;;;2024-10-15;EPD-KNQ-20240284-IBB1-EN;Institut Bauen und Umwelt e.V. (IBU);;;;1;qm;;1 m² AQUAPANEL® Cement Board Indoor with a thickness of 12,5 mm;;;;;;;;;;;B7;;;;;;;;;;0;0;0;0;0;0;0;0;0;0;0;0;0;0;0;0;0;0;0;0;0;0;0;0;0;0;0;0;0;0;0;0;0;0;0;0;0;;;;;;;;;;;;;;;;;;;
dd5ec5b5-027a-4254-81d5-c0a5394d0618;00.01.000;;AQUAPANEL® Cement Board Indoor- Plant Iserlohn - Cement board;;;'EN 15804+A2';;DE;specific dataset;2024;2029;;;2024-10-15;EPD-KNQ-20240284-IBB1-EN;Institut Bauen und Umwelt e.V. (IBU);;;;1;qm;;1 m² AQUAPANEL® Cement Board Indoor with a thickness of 12,5 mm;;;;;;;;;;;C1;;;;;;;;;;0.00663;0;0.00663;0.0912;0;0.0912;0;0;0;0.00000736;0.000000000000467;0.0000141;0.000000178;0;0;0;0;0;0.0000345;0.00682;-0.0000109;0.00677;0.0000612;0.0647;0.000000000391;0.0000163;0.0000000242;0.000179;0.00000000000131;0.0000000000587;0.0000261;0.0376;0.00000000000000103;0.0000453;0.0908;0.000000000444;0.000083;;;;;;;;;;;;;;;;;;;
dd5ec5b5-027a-4254-81d5-c0a5394d0618;00.01.000;;AQUAPANEL® Cement Board Indoor- Plant Iserlohn - Cement board;;;'EN 15804+A2';;DE;specific dataset;2024;2029;;;2024-10-15;EPD-KNQ-20240284-IBB1-EN;Institut Bauen und Umwelt e.V. (IBU);;;;1;qm;;1 m² AQUAPANEL® Cement Board Indoor with a thickness of 12,5 mm;;;;;;;;;;;C2;;;;;;;;;;0.0873;0;0.0873;1.2;0;1.2;0;0;0;0.0000969;0.00000000000615;0.000186;0.00000235;0;0;0;0;0;0.000632;0.0878;-0.000222;0.0872;0.000806;0.852;0.00000000225;0.000313;0.000000319;0.00345;0.0000000000173;0.000000000771;0.000344;0.496;0.0000000000000136;0.000598;1.2;0.00000000585;0.00109;;;;;;;;;;;;;;;;;;;
dd5ec5b5-027a-4254-81d5-c0a5394d0618;00.01.000;;AQUAPANEL® Cement Board Indoor- Plant Iserlohn - Cement board;;;'EN 15804+A2';;DE;specific dataset;2024;2029;;;2024-10-15;EPD-KNQ-20240284-IBB1-EN;Institut Bauen und Umwelt e.V. (IBU);;;;1;qm;;1 m² AQUAPANEL® Cement Board Indoor with a thickness of 12,5 mm;;;;;;;;;;;C3;;;;;;;;;;0.0412;0;0.0412;0.444;0;0.444;0;0;0;0.000127;-0.00000000000115;0.000117;0.00000596;0;0;0;0;0;0.000118;0.0221;-0.000229;0.0221;0.000169;0.295;0.00000000223;0.0000539;0.0000000766;0.000596;0.0000000000065;0.000000000236;0.000958;0.119;0.0000000000000377;0.000146;0.443;0.0000000241;0.00438;;;;;;;;;;;;;;;;;;;
dd5ec5b5-027a-4254-81d5-c0a5394d0618;00.01.000;;AQUAPANEL® Cement Board Indoor- Plant Iserlohn - Cement board;;;'EN 15804+A2';;DE;specific dataset;2024;2029;;;2024-10-15;EPD-KNQ-20240284-IBB1-EN;Institut Bauen und Umwelt e.V. (IBU);;;;1;qm;;1 m² AQUAPANEL® Cement Board Indoor with a thickness of 12,5 mm;;;;;;;;;;;C4;;;;;;;;;;0.072;0;0.072;0.44;0;0.44;0;0;0;0.000111;0.00000000000948;2.2;0.00000495;0;0;0;0;0;0.000234;0.0316;-0.00112;0.0326;0.000103;0.238;0.00000000288;0.0000606;0.0000000668;0.000666;0.000000000037;0.0000000039;0.000563;0.111;0.000000000000085;0.000183;0.44;0.00000000153;0.00362;;;;;;;;;;;;;;;;;;;
dd5ec5b5-027a-4254-81d5-c0a5394d0618;00.01.000;;AQUAPANEL® Cement Board Indoor- Plant Iserlohn - Cement board;;;'EN 15804+A2';;DE;specific dataset;2024;2029;;;2024-10-15;EPD-KNQ-20240284-IBB1-EN;Institut Bauen und Umwelt e.V. (IBU);;;;1;qm;;1 m² AQUAPANEL® Cement Board Indoor with a thickness of 12,5 mm;;;;;;;;;;;D;;;;;;;;;;0;0;0;0;0;0;0;0;0;0;0;0;0;0;0;0;0;0;0;0;0;0;0;0;0;0;0;0;0;0;0;0;0;0;0;0;0;;;;;;;;;;;;;;;;;;;
cf23cd19-23ef-4624-9d4e-9e454ee27332;00.01.000;;Airium cement-based insulation foam;;;'EN 15804+A2';;;specific dataset;2022;2027;;;2022-09-21;EPD-HOC-20220204-IBD1-EN;Institut Bauen und Umwelt e.V. (IBU);;;;1;m3;;1 m³ Airium? cement-based insulation foam 100 kg/m³;;;;;;;;;;;A1-A3;;;;;;;;;;17;0;17;288;0;288;0;0;0;0.114;0.000294;6.63;0.00164;;;;;;0.0861;40.7;0;40.7;0.00902;;;0.0104;0.00142;0.241;;;;;0.00000206;0.0668;284;0.0000927;8.27;;;;;;;;;;;;;;;;;;;
cf23cd19-23ef-4624-9d4e-9e454ee27332;00.01.000;;Airium cement-based insulation foam;;;'EN 15804+A2';;;specific dataset;2022;2027;;;2022-09-21;EPD-HOC-20220204-IBD1-EN;Institut Bauen und Umwelt e.V. (IBU);;;;1;m3;;1 m³ Airium? cement-based insulation foam 100 kg/m³;;;;;;;;;;;A4;;;;;;;;;;1.06;0;1.06;75.1;0;75.1;0;0;0;0.00669;0.000196;3.95;0.00109;;;;;;0.0141;4.95;0;4.95;0.00198;;;0.0028;0.0000353;0.0312;;;;;0.00000115;0.012;75.1;0.0000176;0.229;;;;;;;;;;;;;;;;;;;
cf23cd19-23ef-4624-9d4e-9e454ee27332;00.01.000;;Airium cement-based insulation foam;;;'EN 15804+A2';;;specific dataset;2022;2027;;;2022-09-21;EPD-HOC-20220204-IBD1-EN;Institut Bauen und Umwelt e.V. (IBU);;;;1;m3;;1 m³ Airium? cement-based insulation foam 100 kg/m³;;;;;;;;;;;A5;;;;;;;;;;0.00174;0;0.00174;0.0358;0;0.0358;0;0;0;0.00000552;0.000000121;0.0031;0.00000033;;;;;;0.0000406;0.0674;0;0.0674;0.00000202;;;0.0000172;0.0000000604;0.000191;;;;;0.000000000767;0.0000492;0.0357;0.000000018;0.00107;;;;;;;;;;;;;;;;;;;
cf23cd19-23ef-4624-9d4e-9e454ee27332;00.01.000;;Airium cement-based insulation foam;;;'EN 15804+A2';;;specific dataset;2022;2027;;;2022-09-21;EPD-HOC-20220204-IBD1-EN;Institut Bauen und Umwelt e.V. (IBU);;;;1;m3;;1 m³ Airium? cement-based insulation foam 100 kg/m³;;;;;;;;;;;B1;;;;;;;;;;0;0;0;0;0;0;0;0;0;0;0;0;0;;;;;;0;-19.9;0;-19.9;0;;;0;0;0;;;;;0;0;0;0;0;;;;;;;;;;;;;;;;;;;
cf23cd19-23ef-4624-9d4e-9e454ee27332;00.01.000;;Airium cement-based insulation foam;;;'EN 15804+A2';;;specific dataset;2022;2027;;;2022-09-21;EPD-HOC-20220204-IBD1-EN;Institut Bauen und Umwelt e.V. (IBU);;;;1;m3;;1 m³ Airium? cement-based insulation foam 100 kg/m³;;;;;;;;;;;C1;;;;;;;;;;0.0301;0;0.0301;5.43;0;5.43;0;0;0;0.000309;0.0000149;0.00903;0.0000807;;;;;;0.00411;0.396;0;0.396;0.0000395;;;0.00182;0.00000131;0.02;;;;;0.0000000846;0.00549;5.43;0.000000204;0.00849;;;;;;;;;;;;;;;;;;;
cf23cd19-23ef-4624-9d4e-9e454ee27332;00.01.000;;Airium cement-based insulation foam;;;'EN 15804+A2';;;specific dataset;2022;2027;;;2022-09-21;EPD-HOC-20220204-IBD1-EN;Institut Bauen und Umwelt e.V. (IBU);;;;1;m3;;1 m³ Airium? cement-based insulation foam 100 kg/m³;;;;;;;;;;;C2;;;;;;;;;;0.208;0;0.208;14.8;0;14.8;0;0;0;0.00132;0.0000386;0.779;0.000214;;;;;;0.00277;0.977;0;0.976;0.00039;;;0.000551;0.00000696;0.00614;;;;;0.000000226;0.00236;14.8;0.00000346;0.0451;;;;;;;;;;;;;;;;;;;
cf23cd19-23ef-4624-9d4e-9e454ee27332;00.01.000;;Airium cement-based insulation foam;;;'EN 15804+A2';;;specific dataset;2022;2027;;;2022-09-21;EPD-HOC-20220204-IBD1-EN;Institut Bauen und Umwelt e.V. (IBU);;;;1;m3;;1 m³ Airium? cement-based insulation foam 100 kg/m³;;;;;;;;;;;C3/2;;;;;;;;;;1.65;0;1.65;13.9;0;13.9;0;0;0;0.000927;0.0000341;0.378;0.000219;;;;;;0.0074;0.877;0;0.877;0.000231;;;0.00305;0.00000587;0.0336;;;;;0.000000191;0.00932;13.9;0.00000311;0.0439;;;;;;;;;;;;;;;;;;;
cf23cd19-23ef-4624-9d4e-9e454ee27332;00.01.000;;Airium cement-based insulation foam;;;'EN 15804+A2';;;specific dataset;2022;2027;;;2022-09-21;EPD-HOC-20220204-IBD1-EN;Institut Bauen und Umwelt e.V. (IBU);;;;1;m3;;1 m³ Airium? cement-based insulation foam 100 kg/m³;;;;;;;;;;;C4/1;;;;;;;;;;0.326;0;0.326;16.5;0;16.5;0;0;0;0.000645;0.0000183;120;0.000238;;;;;;0.00499;0.509;0;0.509;0.000114;;;0.00188;0.00000324;0.0207;;;;;0.000000252;0.00592;16.5;0.000000993;0.0521;;;;;;;;;;;;;;;;;;;
cf23cd19-23ef-4624-9d4e-9e454ee27332;00.01.000;;Airium cement-based insulation foam;;;'EN 15804+A2';;;specific dataset;2022;2027;;;2022-09-21;EPD-HOC-20220204-IBD1-EN;Institut Bauen und Umwelt e.V. (IBU);;;;1;m3;;1 m³ Airium? cement-based insulation foam 100 kg/m³;;;;;;;;;;;D/1;;;;;;;;;;0;0;0;0;0;0;0;0;0;0;0;0;0;;;;;;0;0;0;0;0;;;0;0;0;;;;;0;0;0;0;0;;;;;;;;;;;;;;;;;;;
cf23cd19-23ef-4624-9d4e-9e454ee27332;00.01.000;;Airium cement-based insulation foam;;;'EN 15804+A2';;;specific dataset;2022;2027;;;2022-09-21;EPD-HOC-20220204-IBD1-EN;Institut Bauen und Umwelt e.V. (IBU);;;;1;m3;;1 m³ Airium? cement-based insulation foam 100 kg/m³;;;;;;;;;;;D/2;;;;;;;;;;-7.01;0;-7.01;-44.3;0;-44.3;120;0;0;-0.00553;-0.0000286;-0.206;-0.000519;;;;;;-0.0218;-2.66;0;-2.66;-0.00399;;;-0.00423;-0.0002;-0.0546;;;;;-0.000000173;-0.0132;-44;-0.0000114;-5.07;;;;;;;;;;;;;;;;;;;
